"A Landbouw, bosbouw en visserij";"Grootteklasse";"1 werkzame persoon";"2006";"aantal";"55380"
"A Landbouw, bosbouw en visserij";"Grootteklasse";"1 werkzame persoon";"2007";"aantal";"48535"
"A Landbouw, bosbouw en visserij";"Grootteklasse";"1 werkzame persoon";"2008";"aantal";"46140"
"A Landbouw, bosbouw en visserij";"Grootteklasse";"1 werkzame persoon";"2009";"aantal";"45975"
"A Landbouw, bosbouw en visserij";"Grootteklasse";"1 werkzame persoon";"2010";"aantal";"45340"
"A Landbouw, bosbouw en visserij";"Grootteklasse";"2 werkzame personen";"2006";"aantal";"22560"
"A Landbouw, bosbouw en visserij";"Grootteklasse";"2 werkzame personen";"2007";"aantal";"25500"
"A Landbouw, bosbouw en visserij";"Grootteklasse";"2 werkzame personen";"2008";"aantal";"25620"
"A Landbouw, bosbouw en visserij";"Grootteklasse";"2 werkzame personen";"2009";"aantal";"25150"
"A Landbouw, bosbouw en visserij";"Grootteklasse";"2 werkzame personen";"2010";"aantal";"24315"
"A Landbouw, bosbouw en visserij";"Grootteklasse";"3 tot 5 werkzame personen";"2006";"aantal";"8505"
"A Landbouw, bosbouw en visserij";"Grootteklasse";"3 tot 5 werkzame personen";"2007";"aantal";"9260"
"A Landbouw, bosbouw en visserij";"Grootteklasse";"3 tot 5 werkzame personen";"2008";"aantal";"9530"
"A Landbouw, bosbouw en visserij";"Grootteklasse";"3 tot 5 werkzame personen";"2009";"aantal";"9575"
"A Landbouw, bosbouw en visserij";"Grootteklasse";"3 tot 5 werkzame personen";"2010";"aantal";"9445"
"A Landbouw, bosbouw en visserij";"Grootteklasse";"5 tot 10 werkzame personen";"2006";"aantal";"3125"
"A Landbouw, bosbouw en visserij";"Grootteklasse";"5 tot 10 werkzame personen";"2007";"aantal";"3415"
"A Landbouw, bosbouw en visserij";"Grootteklasse";"5 tot 10 werkzame personen";"2008";"aantal";"3530"
"A Landbouw, bosbouw en visserij";"Grootteklasse";"5 tot 10 werkzame personen";"2009";"aantal";"3560"
"A Landbouw, bosbouw en visserij";"Grootteklasse";"5 tot 10 werkzame personen";"2010";"aantal";"3590"
"A Landbouw, bosbouw en visserij";"Grootteklasse";"10 tot 20 werkzame personen";"2006";"aantal";"940"
"A Landbouw, bosbouw en visserij";"Grootteklasse";"10 tot 20 werkzame personen";"2007";"aantal";"1385"
"A Landbouw, bosbouw en visserij";"Grootteklasse";"10 tot 20 werkzame personen";"2008";"aantal";"1305"
"A Landbouw, bosbouw en visserij";"Grootteklasse";"10 tot 20 werkzame personen";"2009";"aantal";"1390"
"A Landbouw, bosbouw en visserij";"Grootteklasse";"10 tot 20 werkzame personen";"2010";"aantal";"1285"
"A Landbouw, bosbouw en visserij";"Grootteklasse";"20 tot 50 werkzame personen";"2006";"aantal";"265"
"A Landbouw, bosbouw en visserij";"Grootteklasse";"20 tot 50 werkzame personen";"2007";"aantal";"425"
"A Landbouw, bosbouw en visserij";"Grootteklasse";"20 tot 50 werkzame personen";"2008";"aantal";"440"
"A Landbouw, bosbouw en visserij";"Grootteklasse";"20 tot 50 werkzame personen";"2009";"aantal";"440"
"A Landbouw, bosbouw en visserij";"Grootteklasse";"20 tot 50 werkzame personen";"2010";"aantal";"430"
"A Landbouw, bosbouw en visserij";"Grootteklasse";"50 tot 100 werkzame personen";"2006";"aantal";"30"
"A Landbouw, bosbouw en visserij";"Grootteklasse";"50 tot 100 werkzame personen";"2007";"aantal";"75"
"A Landbouw, bosbouw en visserij";"Grootteklasse";"50 tot 100 werkzame personen";"2008";"aantal";"70"
"A Landbouw, bosbouw en visserij";"Grootteklasse";"50 tot 100 werkzame personen";"2009";"aantal";"90"
"A Landbouw, bosbouw en visserij";"Grootteklasse";"50 tot 100 werkzame personen";"2010";"aantal";"80"
"A Landbouw, bosbouw en visserij";"Grootteklasse";"100 werkzame personen of meer";"2006";"aantal";"15"
"A Landbouw, bosbouw en visserij";"Grootteklasse";"100 werkzame personen of meer";"2007";"aantal";"40"
"A Landbouw, bosbouw en visserij";"Grootteklasse";"100 werkzame personen of meer";"2008";"aantal";"30"
"A Landbouw, bosbouw en visserij";"Grootteklasse";"100 werkzame personen of meer";"2009";"aantal";"25"
"A Landbouw, bosbouw en visserij";"Grootteklasse";"100 werkzame personen of meer";"2010";"aantal";"25"
"B Delfstoffenwinning";"Grootteklasse";"1 werkzame persoon";"2006";"aantal";"125"
"B Delfstoffenwinning";"Grootteklasse";"1 werkzame persoon";"2007";"aantal";"135"
"B Delfstoffenwinning";"Grootteklasse";"1 werkzame persoon";"2008";"aantal";"135"
"B Delfstoffenwinning";"Grootteklasse";"1 werkzame persoon";"2009";"aantal";"140"
"B Delfstoffenwinning";"Grootteklasse";"1 werkzame persoon";"2010";"aantal";"150"
"B Delfstoffenwinning";"Grootteklasse";"2 werkzame personen";"2006";"aantal";"65"
"B Delfstoffenwinning";"Grootteklasse";"2 werkzame personen";"2007";"aantal";"35"
"B Delfstoffenwinning";"Grootteklasse";"2 werkzame personen";"2008";"aantal";"40"
"B Delfstoffenwinning";"Grootteklasse";"2 werkzame personen";"2009";"aantal";"30"
"B Delfstoffenwinning";"Grootteklasse";"2 werkzame personen";"2010";"aantal";"35"
"B Delfstoffenwinning";"Grootteklasse";"3 tot 5 werkzame personen";"2006";"aantal";"20"
"B Delfstoffenwinning";"Grootteklasse";"3 tot 5 werkzame personen";"2007";"aantal";"35"
"B Delfstoffenwinning";"Grootteklasse";"3 tot 5 werkzame personen";"2008";"aantal";"40"
"B Delfstoffenwinning";"Grootteklasse";"3 tot 5 werkzame personen";"2009";"aantal";"30"
"B Delfstoffenwinning";"Grootteklasse";"3 tot 5 werkzame personen";"2010";"aantal";"30"
"B Delfstoffenwinning";"Grootteklasse";"5 tot 10 werkzame personen";"2006";"aantal";"30"
"B Delfstoffenwinning";"Grootteklasse";"5 tot 10 werkzame personen";"2007";"aantal";"35"
"B Delfstoffenwinning";"Grootteklasse";"5 tot 10 werkzame personen";"2008";"aantal";"25"
"B Delfstoffenwinning";"Grootteklasse";"5 tot 10 werkzame personen";"2009";"aantal";"30"
"B Delfstoffenwinning";"Grootteklasse";"5 tot 10 werkzame personen";"2010";"aantal";"30"
"B Delfstoffenwinning";"Grootteklasse";"10 tot 20 werkzame personen";"2006";"aantal";"35"
"B Delfstoffenwinning";"Grootteklasse";"10 tot 20 werkzame personen";"2007";"aantal";"35"
"B Delfstoffenwinning";"Grootteklasse";"10 tot 20 werkzame personen";"2008";"aantal";"25"
"B Delfstoffenwinning";"Grootteklasse";"10 tot 20 werkzame personen";"2009";"aantal";"30"
"B Delfstoffenwinning";"Grootteklasse";"10 tot 20 werkzame personen";"2010";"aantal";"30"
"B Delfstoffenwinning";"Grootteklasse";"20 tot 50 werkzame personen";"2006";"aantal";"25"
"B Delfstoffenwinning";"Grootteklasse";"20 tot 50 werkzame personen";"2007";"aantal";"25"
"B Delfstoffenwinning";"Grootteklasse";"20 tot 50 werkzame personen";"2008";"aantal";"25"
"B Delfstoffenwinning";"Grootteklasse";"20 tot 50 werkzame personen";"2009";"aantal";"25"
"B Delfstoffenwinning";"Grootteklasse";"20 tot 50 werkzame personen";"2010";"aantal";"25"
"B Delfstoffenwinning";"Grootteklasse";"50 tot 100 werkzame personen";"2006";"aantal";"10"
"B Delfstoffenwinning";"Grootteklasse";"50 tot 100 werkzame personen";"2007";"aantal";"15"
"B Delfstoffenwinning";"Grootteklasse";"50 tot 100 werkzame personen";"2008";"aantal";"10"
"B Delfstoffenwinning";"Grootteklasse";"50 tot 100 werkzame personen";"2009";"aantal";"10"
"B Delfstoffenwinning";"Grootteklasse";"50 tot 100 werkzame personen";"2010";"aantal";"10"
"B Delfstoffenwinning";"Grootteklasse";"100 werkzame personen of meer";"2006";"aantal";"15"
"B Delfstoffenwinning";"Grootteklasse";"100 werkzame personen of meer";"2007";"aantal";"15"
"B Delfstoffenwinning";"Grootteklasse";"100 werkzame personen of meer";"2008";"aantal";"15"
"B Delfstoffenwinning";"Grootteklasse";"100 werkzame personen of meer";"2009";"aantal";"20"
"B Delfstoffenwinning";"Grootteklasse";"100 werkzame personen of meer";"2010";"aantal";"20"
"C Industrie";"Grootteklasse";"1 werkzame persoon";"2006";"aantal";"14540"
"C Industrie";"Grootteklasse";"1 werkzame persoon";"2007";"aantal";"16035"
"C Industrie";"Grootteklasse";"1 werkzame persoon";"2008";"aantal";"18135"
"C Industrie";"Grootteklasse";"1 werkzame persoon";"2009";"aantal";"19830"
"C Industrie";"Grootteklasse";"1 werkzame persoon";"2010";"aantal";"20340"
"C Industrie";"Grootteklasse";"2 werkzame personen";"2006";"aantal";"7255"
"C Industrie";"Grootteklasse";"2 werkzame personen";"2007";"aantal";"5715"
"C Industrie";"Grootteklasse";"2 werkzame personen";"2008";"aantal";"5745"
"C Industrie";"Grootteklasse";"2 werkzame personen";"2009";"aantal";"6035"
"C Industrie";"Grootteklasse";"2 werkzame personen";"2010";"aantal";"6085"
"C Industrie";"Grootteklasse";"3 tot 5 werkzame personen";"2006";"aantal";"4410"
"C Industrie";"Grootteklasse";"3 tot 5 werkzame personen";"2007";"aantal";"4725"
"C Industrie";"Grootteklasse";"3 tot 5 werkzame personen";"2008";"aantal";"4645"
"C Industrie";"Grootteklasse";"3 tot 5 werkzame personen";"2009";"aantal";"4540"
"C Industrie";"Grootteklasse";"3 tot 5 werkzame personen";"2010";"aantal";"4425"
"C Industrie";"Grootteklasse";"5 tot 10 werkzame personen";"2006";"aantal";"5030"
"C Industrie";"Grootteklasse";"5 tot 10 werkzame personen";"2007";"aantal";"5505"
"C Industrie";"Grootteklasse";"5 tot 10 werkzame personen";"2008";"aantal";"5280"
"C Industrie";"Grootteklasse";"5 tot 10 werkzame personen";"2009";"aantal";"5100"
"C Industrie";"Grootteklasse";"5 tot 10 werkzame personen";"2010";"aantal";"4940"
"C Industrie";"Grootteklasse";"10 tot 20 werkzame personen";"2006";"aantal";"3920"
"C Industrie";"Grootteklasse";"10 tot 20 werkzame personen";"2007";"aantal";"4180"
"C Industrie";"Grootteklasse";"10 tot 20 werkzame personen";"2008";"aantal";"3970"
"C Industrie";"Grootteklasse";"10 tot 20 werkzame personen";"2009";"aantal";"4055"
"C Industrie";"Grootteklasse";"10 tot 20 werkzame personen";"2010";"aantal";"3920"
"C Industrie";"Grootteklasse";"20 tot 50 werkzame personen";"2006";"aantal";"3495"
"C Industrie";"Grootteklasse";"20 tot 50 werkzame personen";"2007";"aantal";"3620"
"C Industrie";"Grootteklasse";"20 tot 50 werkzame personen";"2008";"aantal";"3330"
"C Industrie";"Grootteklasse";"20 tot 50 werkzame personen";"2009";"aantal";"3455"
"C Industrie";"Grootteklasse";"20 tot 50 werkzame personen";"2010";"aantal";"3270"
"C Industrie";"Grootteklasse";"50 tot 100 werkzame personen";"2006";"aantal";"1230"
"C Industrie";"Grootteklasse";"50 tot 100 werkzame personen";"2007";"aantal";"1235"
"C Industrie";"Grootteklasse";"50 tot 100 werkzame personen";"2008";"aantal";"1180"
"C Industrie";"Grootteklasse";"50 tot 100 werkzame personen";"2009";"aantal";"1300"
"C Industrie";"Grootteklasse";"50 tot 100 werkzame personen";"2010";"aantal";"1270"
"C Industrie";"Grootteklasse";"100 werkzame personen of meer";"2006";"aantal";"1325"
"C Industrie";"Grootteklasse";"100 werkzame personen of meer";"2007";"aantal";"1345"
"C Industrie";"Grootteklasse";"100 werkzame personen of meer";"2008";"aantal";"1235"
"C Industrie";"Grootteklasse";"100 werkzame personen of meer";"2009";"aantal";"1355"
"C Industrie";"Grootteklasse";"100 werkzame personen of meer";"2010";"aantal";"1315"
"D Energievoorziening";"Grootteklasse";"1 werkzame persoon";"2006";"aantal";"225"
"D Energievoorziening";"Grootteklasse";"1 werkzame persoon";"2007";"aantal";"260"
"D Energievoorziening";"Grootteklasse";"1 werkzame persoon";"2008";"aantal";"280"
"D Energievoorziening";"Grootteklasse";"1 werkzame persoon";"2009";"aantal";"370"
"D Energievoorziening";"Grootteklasse";"1 werkzame persoon";"2010";"aantal";"350"
"D Energievoorziening";"Grootteklasse";"2 werkzame personen";"2006";"aantal";"155"
"D Energievoorziening";"Grootteklasse";"2 werkzame personen";"2007";"aantal";"135"
"D Energievoorziening";"Grootteklasse";"2 werkzame personen";"2008";"aantal";"140"
"D Energievoorziening";"Grootteklasse";"2 werkzame personen";"2009";"aantal";"160"
"D Energievoorziening";"Grootteklasse";"2 werkzame personen";"2010";"aantal";"165"
"D Energievoorziening";"Grootteklasse";"3 tot 5 werkzame personen";"2006";"aantal";"40"
"D Energievoorziening";"Grootteklasse";"3 tot 5 werkzame personen";"2007";"aantal";"55"
"D Energievoorziening";"Grootteklasse";"3 tot 5 werkzame personen";"2008";"aantal";"50"
"D Energievoorziening";"Grootteklasse";"3 tot 5 werkzame personen";"2009";"aantal";"60"
"D Energievoorziening";"Grootteklasse";"3 tot 5 werkzame personen";"2010";"aantal";"60"
"D Energievoorziening";"Grootteklasse";"5 tot 10 werkzame personen";"2006";"aantal";"15"
"D Energievoorziening";"Grootteklasse";"5 tot 10 werkzame personen";"2007";"aantal";"20"
"D Energievoorziening";"Grootteklasse";"5 tot 10 werkzame personen";"2008";"aantal";"20"
"D Energievoorziening";"Grootteklasse";"5 tot 10 werkzame personen";"2009";"aantal";"30"
"D Energievoorziening";"Grootteklasse";"5 tot 10 werkzame personen";"2010";"aantal";"35"
"D Energievoorziening";"Grootteklasse";"10 tot 20 werkzame personen";"2006";"aantal";"5"
"D Energievoorziening";"Grootteklasse";"10 tot 20 werkzame personen";"2007";"aantal";"10"
"D Energievoorziening";"Grootteklasse";"10 tot 20 werkzame personen";"2008";"aantal";"10"
"D Energievoorziening";"Grootteklasse";"10 tot 20 werkzame personen";"2009";"aantal";"15"
"D Energievoorziening";"Grootteklasse";"10 tot 20 werkzame personen";"2010";"aantal";"15"
"D Energievoorziening";"Grootteklasse";"20 tot 50 werkzame personen";"2006";"aantal";"15"
"D Energievoorziening";"Grootteklasse";"20 tot 50 werkzame personen";"2007";"aantal";"10"
"D Energievoorziening";"Grootteklasse";"20 tot 50 werkzame personen";"2008";"aantal";"15"
"D Energievoorziening";"Grootteklasse";"20 tot 50 werkzame personen";"2009";"aantal";"20"
"D Energievoorziening";"Grootteklasse";"20 tot 50 werkzame personen";"2010";"aantal";"20"
"D Energievoorziening";"Grootteklasse";"50 tot 100 werkzame personen";"2006";"aantal";"5"
"D Energievoorziening";"Grootteklasse";"50 tot 100 werkzame personen";"2007";"aantal";"10"
"D Energievoorziening";"Grootteklasse";"50 tot 100 werkzame personen";"2008";"aantal";"10"
"D Energievoorziening";"Grootteklasse";"50 tot 100 werkzame personen";"2009";"aantal";"10"
"D Energievoorziening";"Grootteklasse";"50 tot 100 werkzame personen";"2010";"aantal";"5"
"D Energievoorziening";"Grootteklasse";"100 werkzame personen of meer";"2006";"aantal";"25"
"D Energievoorziening";"Grootteklasse";"100 werkzame personen of meer";"2007";"aantal";"30"
"D Energievoorziening";"Grootteklasse";"100 werkzame personen of meer";"2008";"aantal";"25"
"D Energievoorziening";"Grootteklasse";"100 werkzame personen of meer";"2009";"aantal";"25"
"D Energievoorziening";"Grootteklasse";"100 werkzame personen of meer";"2010";"aantal";"25"
"E Waterbedrijven en afvalbeheer";"Grootteklasse";"1 werkzame persoon";"2006";"aantal";"365"
"E Waterbedrijven en afvalbeheer";"Grootteklasse";"1 werkzame persoon";"2007";"aantal";"385"
"E Waterbedrijven en afvalbeheer";"Grootteklasse";"1 werkzame persoon";"2008";"aantal";"420"
"E Waterbedrijven en afvalbeheer";"Grootteklasse";"1 werkzame persoon";"2009";"aantal";"475"
"E Waterbedrijven en afvalbeheer";"Grootteklasse";"1 werkzame persoon";"2010";"aantal";"510"
"E Waterbedrijven en afvalbeheer";"Grootteklasse";"2 werkzame personen";"2006";"aantal";"150"
"E Waterbedrijven en afvalbeheer";"Grootteklasse";"2 werkzame personen";"2007";"aantal";"130"
"E Waterbedrijven en afvalbeheer";"Grootteklasse";"2 werkzame personen";"2008";"aantal";"130"
"E Waterbedrijven en afvalbeheer";"Grootteklasse";"2 werkzame personen";"2009";"aantal";"130"
"E Waterbedrijven en afvalbeheer";"Grootteklasse";"2 werkzame personen";"2010";"aantal";"145"
"E Waterbedrijven en afvalbeheer";"Grootteklasse";"3 tot 5 werkzame personen";"2006";"aantal";"105"
"E Waterbedrijven en afvalbeheer";"Grootteklasse";"3 tot 5 werkzame personen";"2007";"aantal";"115"
"E Waterbedrijven en afvalbeheer";"Grootteklasse";"3 tot 5 werkzame personen";"2008";"aantal";"125"
"E Waterbedrijven en afvalbeheer";"Grootteklasse";"3 tot 5 werkzame personen";"2009";"aantal";"130"
"E Waterbedrijven en afvalbeheer";"Grootteklasse";"3 tot 5 werkzame personen";"2010";"aantal";"125"
"E Waterbedrijven en afvalbeheer";"Grootteklasse";"5 tot 10 werkzame personen";"2006";"aantal";"170"
"E Waterbedrijven en afvalbeheer";"Grootteklasse";"5 tot 10 werkzame personen";"2007";"aantal";"175"
"E Waterbedrijven en afvalbeheer";"Grootteklasse";"5 tot 10 werkzame personen";"2008";"aantal";"160"
"E Waterbedrijven en afvalbeheer";"Grootteklasse";"5 tot 10 werkzame personen";"2009";"aantal";"150"
"E Waterbedrijven en afvalbeheer";"Grootteklasse";"5 tot 10 werkzame personen";"2010";"aantal";"150"
"E Waterbedrijven en afvalbeheer";"Grootteklasse";"10 tot 20 werkzame personen";"2006";"aantal";"120"
"E Waterbedrijven en afvalbeheer";"Grootteklasse";"10 tot 20 werkzame personen";"2007";"aantal";"155"
"E Waterbedrijven en afvalbeheer";"Grootteklasse";"10 tot 20 werkzame personen";"2008";"aantal";"145"
"E Waterbedrijven en afvalbeheer";"Grootteklasse";"10 tot 20 werkzame personen";"2009";"aantal";"145"
"E Waterbedrijven en afvalbeheer";"Grootteklasse";"10 tot 20 werkzame personen";"2010";"aantal";"140"
"E Waterbedrijven en afvalbeheer";"Grootteklasse";"20 tot 50 werkzame personen";"2006";"aantal";"115"
"E Waterbedrijven en afvalbeheer";"Grootteklasse";"20 tot 50 werkzame personen";"2007";"aantal";"130"
"E Waterbedrijven en afvalbeheer";"Grootteklasse";"20 tot 50 werkzame personen";"2008";"aantal";"125"
"E Waterbedrijven en afvalbeheer";"Grootteklasse";"20 tot 50 werkzame personen";"2009";"aantal";"125"
"E Waterbedrijven en afvalbeheer";"Grootteklasse";"20 tot 50 werkzame personen";"2010";"aantal";"110"
"E Waterbedrijven en afvalbeheer";"Grootteklasse";"50 tot 100 werkzame personen";"2006";"aantal";"45"
"E Waterbedrijven en afvalbeheer";"Grootteklasse";"50 tot 100 werkzame personen";"2007";"aantal";"50"
"E Waterbedrijven en afvalbeheer";"Grootteklasse";"50 tot 100 werkzame personen";"2008";"aantal";"40"
"E Waterbedrijven en afvalbeheer";"Grootteklasse";"50 tot 100 werkzame personen";"2009";"aantal";"40"
"E Waterbedrijven en afvalbeheer";"Grootteklasse";"50 tot 100 werkzame personen";"2010";"aantal";"45"
"E Waterbedrijven en afvalbeheer";"Grootteklasse";"100 werkzame personen of meer";"2006";"aantal";"100"
"E Waterbedrijven en afvalbeheer";"Grootteklasse";"100 werkzame personen of meer";"2007";"aantal";"75"
"E Waterbedrijven en afvalbeheer";"Grootteklasse";"100 werkzame personen of meer";"2008";"aantal";"70"
"E Waterbedrijven en afvalbeheer";"Grootteklasse";"100 werkzame personen of meer";"2009";"aantal";"70"
"E Waterbedrijven en afvalbeheer";"Grootteklasse";"100 werkzame personen of meer";"2010";"aantal";"65"
"F Bouwnijverheid";"Grootteklasse";"1 werkzame persoon";"2006";"aantal";"46000"
"F Bouwnijverheid";"Grootteklasse";"1 werkzame persoon";"2007";"aantal";"54755"
"F Bouwnijverheid";"Grootteklasse";"1 werkzame persoon";"2008";"aantal";"66220"
"F Bouwnijverheid";"Grootteklasse";"1 werkzame persoon";"2009";"aantal";"77500"
"F Bouwnijverheid";"Grootteklasse";"1 werkzame persoon";"2010";"aantal";"80295"
"F Bouwnijverheid";"Grootteklasse";"2 werkzame personen";"2006";"aantal";"15110"
"F Bouwnijverheid";"Grootteklasse";"2 werkzame personen";"2007";"aantal";"12320"
"F Bouwnijverheid";"Grootteklasse";"2 werkzame personen";"2008";"aantal";"12670"
"F Bouwnijverheid";"Grootteklasse";"2 werkzame personen";"2009";"aantal";"13360"
"F Bouwnijverheid";"Grootteklasse";"2 werkzame personen";"2010";"aantal";"13515"
"F Bouwnijverheid";"Grootteklasse";"3 tot 5 werkzame personen";"2006";"aantal";"5985"
"F Bouwnijverheid";"Grootteklasse";"3 tot 5 werkzame personen";"2007";"aantal";"6810"
"F Bouwnijverheid";"Grootteklasse";"3 tot 5 werkzame personen";"2008";"aantal";"6920"
"F Bouwnijverheid";"Grootteklasse";"3 tot 5 werkzame personen";"2009";"aantal";"7140"
"F Bouwnijverheid";"Grootteklasse";"3 tot 5 werkzame personen";"2010";"aantal";"6920"
"F Bouwnijverheid";"Grootteklasse";"5 tot 10 werkzame personen";"2006";"aantal";"5890"
"F Bouwnijverheid";"Grootteklasse";"5 tot 10 werkzame personen";"2007";"aantal";"6565"
"F Bouwnijverheid";"Grootteklasse";"5 tot 10 werkzame personen";"2008";"aantal";"6185"
"F Bouwnijverheid";"Grootteklasse";"5 tot 10 werkzame personen";"2009";"aantal";"6170"
"F Bouwnijverheid";"Grootteklasse";"5 tot 10 werkzame personen";"2010";"aantal";"5955"
"F Bouwnijverheid";"Grootteklasse";"10 tot 20 werkzame personen";"2006";"aantal";"3995"
"F Bouwnijverheid";"Grootteklasse";"10 tot 20 werkzame personen";"2007";"aantal";"4385"
"F Bouwnijverheid";"Grootteklasse";"10 tot 20 werkzame personen";"2008";"aantal";"4175"
"F Bouwnijverheid";"Grootteklasse";"10 tot 20 werkzame personen";"2009";"aantal";"4175"
"F Bouwnijverheid";"Grootteklasse";"10 tot 20 werkzame personen";"2010";"aantal";"4020"
"F Bouwnijverheid";"Grootteklasse";"20 tot 50 werkzame personen";"2006";"aantal";"2650"
"F Bouwnijverheid";"Grootteklasse";"20 tot 50 werkzame personen";"2007";"aantal";"2885"
"F Bouwnijverheid";"Grootteklasse";"20 tot 50 werkzame personen";"2008";"aantal";"2720"
"F Bouwnijverheid";"Grootteklasse";"20 tot 50 werkzame personen";"2009";"aantal";"2720"
"F Bouwnijverheid";"Grootteklasse";"20 tot 50 werkzame personen";"2010";"aantal";"2650"
"F Bouwnijverheid";"Grootteklasse";"50 tot 100 werkzame personen";"2006";"aantal";"630"
"F Bouwnijverheid";"Grootteklasse";"50 tot 100 werkzame personen";"2007";"aantal";"650"
"F Bouwnijverheid";"Grootteklasse";"50 tot 100 werkzame personen";"2008";"aantal";"635"
"F Bouwnijverheid";"Grootteklasse";"50 tot 100 werkzame personen";"2009";"aantal";"705"
"F Bouwnijverheid";"Grootteklasse";"50 tot 100 werkzame personen";"2010";"aantal";"690"
"F Bouwnijverheid";"Grootteklasse";"100 werkzame personen of meer";"2006";"aantal";"425"
"F Bouwnijverheid";"Grootteklasse";"100 werkzame personen of meer";"2007";"aantal";"440"
"F Bouwnijverheid";"Grootteklasse";"100 werkzame personen of meer";"2008";"aantal";"410"
"F Bouwnijverheid";"Grootteklasse";"100 werkzame personen of meer";"2009";"aantal";"425"
"F Bouwnijverheid";"Grootteklasse";"100 werkzame personen of meer";"2010";"aantal";"410"
"G Handel";"Grootteklasse";"1 werkzame persoon";"2006";"aantal";"56730"
"G Handel";"Grootteklasse";"1 werkzame persoon";"2007";"aantal";"62570"
"G Handel";"Grootteklasse";"1 werkzame persoon";"2008";"aantal";"70875"
"G Handel";"Grootteklasse";"1 werkzame persoon";"2009";"aantal";"74200"
"G Handel";"Grootteklasse";"1 werkzame persoon";"2010";"aantal";"75115"
"G Handel";"Grootteklasse";"2 werkzame personen";"2006";"aantal";"41020"
"G Handel";"Grootteklasse";"2 werkzame personen";"2007";"aantal";"33230"
"G Handel";"Grootteklasse";"2 werkzame personen";"2008";"aantal";"34660"
"G Handel";"Grootteklasse";"2 werkzame personen";"2009";"aantal";"34050"
"G Handel";"Grootteklasse";"2 werkzame personen";"2010";"aantal";"34085"
"G Handel";"Grootteklasse";"3 tot 5 werkzame personen";"2006";"aantal";"22120"
"G Handel";"Grootteklasse";"3 tot 5 werkzame personen";"2007";"aantal";"25185"
"G Handel";"Grootteklasse";"3 tot 5 werkzame personen";"2008";"aantal";"22930"
"G Handel";"Grootteklasse";"3 tot 5 werkzame personen";"2009";"aantal";"22875"
"G Handel";"Grootteklasse";"3 tot 5 werkzame personen";"2010";"aantal";"22190"
"G Handel";"Grootteklasse";"5 tot 10 werkzame personen";"2006";"aantal";"16165"
"G Handel";"Grootteklasse";"5 tot 10 werkzame personen";"2007";"aantal";"19110"
"G Handel";"Grootteklasse";"5 tot 10 werkzame personen";"2008";"aantal";"16330"
"G Handel";"Grootteklasse";"5 tot 10 werkzame personen";"2009";"aantal";"16880"
"G Handel";"Grootteklasse";"5 tot 10 werkzame personen";"2010";"aantal";"16360"
"G Handel";"Grootteklasse";"10 tot 20 werkzame personen";"2006";"aantal";"8075"
"G Handel";"Grootteklasse";"10 tot 20 werkzame personen";"2007";"aantal";"8955"
"G Handel";"Grootteklasse";"10 tot 20 werkzame personen";"2008";"aantal";"8155"
"G Handel";"Grootteklasse";"10 tot 20 werkzame personen";"2009";"aantal";"8630"
"G Handel";"Grootteklasse";"10 tot 20 werkzame personen";"2010";"aantal";"8380"
"G Handel";"Grootteklasse";"20 tot 50 werkzame personen";"2006";"aantal";"5040"
"G Handel";"Grootteklasse";"20 tot 50 werkzame personen";"2007";"aantal";"5360"
"G Handel";"Grootteklasse";"20 tot 50 werkzame personen";"2008";"aantal";"4865"
"G Handel";"Grootteklasse";"20 tot 50 werkzame personen";"2009";"aantal";"5230"
"G Handel";"Grootteklasse";"20 tot 50 werkzame personen";"2010";"aantal";"5060"
"G Handel";"Grootteklasse";"50 tot 100 werkzame personen";"2006";"aantal";"1180"
"G Handel";"Grootteklasse";"50 tot 100 werkzame personen";"2007";"aantal";"1295"
"G Handel";"Grootteklasse";"50 tot 100 werkzame personen";"2008";"aantal";"1170"
"G Handel";"Grootteklasse";"50 tot 100 werkzame personen";"2009";"aantal";"1370"
"G Handel";"Grootteklasse";"50 tot 100 werkzame personen";"2010";"aantal";"1320"
"G Handel";"Grootteklasse";"100 werkzame personen of meer";"2006";"aantal";"900"
"G Handel";"Grootteklasse";"100 werkzame personen of meer";"2007";"aantal";"915"
"G Handel";"Grootteklasse";"100 werkzame personen of meer";"2008";"aantal";"845"
"G Handel";"Grootteklasse";"100 werkzame personen of meer";"2009";"aantal";"945"
"G Handel";"Grootteklasse";"100 werkzame personen of meer";"2010";"aantal";"940"
"H Vervoer en opslag";"Grootteklasse";"1 werkzame persoon";"2006";"aantal";"8750"
"H Vervoer en opslag";"Grootteklasse";"1 werkzame persoon";"2007";"aantal";"9745"
"H Vervoer en opslag";"Grootteklasse";"1 werkzame persoon";"2008";"aantal";"10810"
"H Vervoer en opslag";"Grootteklasse";"1 werkzame persoon";"2009";"aantal";"11220"
"H Vervoer en opslag";"Grootteklasse";"1 werkzame persoon";"2010";"aantal";"11605"
"H Vervoer en opslag";"Grootteklasse";"2 werkzame personen";"2006";"aantal";"6395"
"H Vervoer en opslag";"Grootteklasse";"2 werkzame personen";"2007";"aantal";"5245"
"H Vervoer en opslag";"Grootteklasse";"2 werkzame personen";"2008";"aantal";"5320"
"H Vervoer en opslag";"Grootteklasse";"2 werkzame personen";"2009";"aantal";"5465"
"H Vervoer en opslag";"Grootteklasse";"2 werkzame personen";"2010";"aantal";"5580"
"H Vervoer en opslag";"Grootteklasse";"3 tot 5 werkzame personen";"2006";"aantal";"2335"
"H Vervoer en opslag";"Grootteklasse";"3 tot 5 werkzame personen";"2007";"aantal";"2725"
"H Vervoer en opslag";"Grootteklasse";"3 tot 5 werkzame personen";"2008";"aantal";"2635"
"H Vervoer en opslag";"Grootteklasse";"3 tot 5 werkzame personen";"2009";"aantal";"2705"
"H Vervoer en opslag";"Grootteklasse";"3 tot 5 werkzame personen";"2010";"aantal";"2645"
"H Vervoer en opslag";"Grootteklasse";"5 tot 10 werkzame personen";"2006";"aantal";"2325"
"H Vervoer en opslag";"Grootteklasse";"5 tot 10 werkzame personen";"2007";"aantal";"2610"
"H Vervoer en opslag";"Grootteklasse";"5 tot 10 werkzame personen";"2008";"aantal";"2505"
"H Vervoer en opslag";"Grootteklasse";"5 tot 10 werkzame personen";"2009";"aantal";"2545"
"H Vervoer en opslag";"Grootteklasse";"5 tot 10 werkzame personen";"2010";"aantal";"2430"
"H Vervoer en opslag";"Grootteklasse";"10 tot 20 werkzame personen";"2006";"aantal";"1675"
"H Vervoer en opslag";"Grootteklasse";"10 tot 20 werkzame personen";"2007";"aantal";"1790"
"H Vervoer en opslag";"Grootteklasse";"10 tot 20 werkzame personen";"2008";"aantal";"1735"
"H Vervoer en opslag";"Grootteklasse";"10 tot 20 werkzame personen";"2009";"aantal";"1785"
"H Vervoer en opslag";"Grootteklasse";"10 tot 20 werkzame personen";"2010";"aantal";"1710"
"H Vervoer en opslag";"Grootteklasse";"20 tot 50 werkzame personen";"2006";"aantal";"1350"
"H Vervoer en opslag";"Grootteklasse";"20 tot 50 werkzame personen";"2007";"aantal";"1460"
"H Vervoer en opslag";"Grootteklasse";"20 tot 50 werkzame personen";"2008";"aantal";"1460"
"H Vervoer en opslag";"Grootteklasse";"20 tot 50 werkzame personen";"2009";"aantal";"1480"
"H Vervoer en opslag";"Grootteklasse";"20 tot 50 werkzame personen";"2010";"aantal";"1435"
"H Vervoer en opslag";"Grootteklasse";"50 tot 100 werkzame personen";"2006";"aantal";"505"
"H Vervoer en opslag";"Grootteklasse";"50 tot 100 werkzame personen";"2007";"aantal";"525"
"H Vervoer en opslag";"Grootteklasse";"50 tot 100 werkzame personen";"2008";"aantal";"485"
"H Vervoer en opslag";"Grootteklasse";"50 tot 100 werkzame personen";"2009";"aantal";"520"
"H Vervoer en opslag";"Grootteklasse";"50 tot 100 werkzame personen";"2010";"aantal";"495"
"H Vervoer en opslag";"Grootteklasse";"100 werkzame personen of meer";"2006";"aantal";"350"
"H Vervoer en opslag";"Grootteklasse";"100 werkzame personen of meer";"2007";"aantal";"380"
"H Vervoer en opslag";"Grootteklasse";"100 werkzame personen of meer";"2008";"aantal";"350"
"H Vervoer en opslag";"Grootteklasse";"100 werkzame personen of meer";"2009";"aantal";"425"
"H Vervoer en opslag";"Grootteklasse";"100 werkzame personen of meer";"2010";"aantal";"405"
"I Horeca";"Grootteklasse";"1 werkzame persoon";"2006";"aantal";"6830"
"I Horeca";"Grootteklasse";"1 werkzame persoon";"2007";"aantal";"8040"
"I Horeca";"Grootteklasse";"1 werkzame persoon";"2008";"aantal";"9720"
"I Horeca";"Grootteklasse";"1 werkzame persoon";"2009";"aantal";"10610"
"I Horeca";"Grootteklasse";"1 werkzame persoon";"2010";"aantal";"10945"
"I Horeca";"Grootteklasse";"2 werkzame personen";"2006";"aantal";"12415"
"I Horeca";"Grootteklasse";"2 werkzame personen";"2007";"aantal";"9545"
"I Horeca";"Grootteklasse";"2 werkzame personen";"2008";"aantal";"10340"
"I Horeca";"Grootteklasse";"2 werkzame personen";"2009";"aantal";"10630"
"I Horeca";"Grootteklasse";"2 werkzame personen";"2010";"aantal";"10885"
"I Horeca";"Grootteklasse";"3 tot 5 werkzame personen";"2006";"aantal";"7035"
"I Horeca";"Grootteklasse";"3 tot 5 werkzame personen";"2007";"aantal";"7865"
"I Horeca";"Grootteklasse";"3 tot 5 werkzame personen";"2008";"aantal";"6935"
"I Horeca";"Grootteklasse";"3 tot 5 werkzame personen";"2009";"aantal";"7045"
"I Horeca";"Grootteklasse";"3 tot 5 werkzame personen";"2010";"aantal";"6825"
"I Horeca";"Grootteklasse";"5 tot 10 werkzame personen";"2006";"aantal";"5325"
"I Horeca";"Grootteklasse";"5 tot 10 werkzame personen";"2007";"aantal";"6280"
"I Horeca";"Grootteklasse";"5 tot 10 werkzame personen";"2008";"aantal";"5665"
"I Horeca";"Grootteklasse";"5 tot 10 werkzame personen";"2009";"aantal";"6015"
"I Horeca";"Grootteklasse";"5 tot 10 werkzame personen";"2010";"aantal";"5785"
"I Horeca";"Grootteklasse";"10 tot 20 werkzame personen";"2006";"aantal";"2145"
"I Horeca";"Grootteklasse";"10 tot 20 werkzame personen";"2007";"aantal";"2465"
"I Horeca";"Grootteklasse";"10 tot 20 werkzame personen";"2008";"aantal";"2295"
"I Horeca";"Grootteklasse";"10 tot 20 werkzame personen";"2009";"aantal";"2840"
"I Horeca";"Grootteklasse";"10 tot 20 werkzame personen";"2010";"aantal";"2715"
"I Horeca";"Grootteklasse";"20 tot 50 werkzame personen";"2006";"aantal";"850"
"I Horeca";"Grootteklasse";"20 tot 50 werkzame personen";"2007";"aantal";"985"
"I Horeca";"Grootteklasse";"20 tot 50 werkzame personen";"2008";"aantal";"895"
"I Horeca";"Grootteklasse";"20 tot 50 werkzame personen";"2009";"aantal";"1120"
"I Horeca";"Grootteklasse";"20 tot 50 werkzame personen";"2010";"aantal";"1085"
"I Horeca";"Grootteklasse";"50 tot 100 werkzame personen";"2006";"aantal";"165"
"I Horeca";"Grootteklasse";"50 tot 100 werkzame personen";"2007";"aantal";"165"
"I Horeca";"Grootteklasse";"50 tot 100 werkzame personen";"2008";"aantal";"150"
"I Horeca";"Grootteklasse";"50 tot 100 werkzame personen";"2009";"aantal";"185"
"I Horeca";"Grootteklasse";"50 tot 100 werkzame personen";"2010";"aantal";"175"
"I Horeca";"Grootteklasse";"100 werkzame personen of meer";"2006";"aantal";"90"
"I Horeca";"Grootteklasse";"100 werkzame personen of meer";"2007";"aantal";"90"
"I Horeca";"Grootteklasse";"100 werkzame personen of meer";"2008";"aantal";"85"
"I Horeca";"Grootteklasse";"100 werkzame personen of meer";"2009";"aantal";"100"
"I Horeca";"Grootteklasse";"100 werkzame personen of meer";"2010";"aantal";"95"
"J Informatie en communicatie";"Grootteklasse";"1 werkzame persoon";"2006";"aantal";"13635"
"J Informatie en communicatie";"Grootteklasse";"1 werkzame persoon";"2007";"aantal";"15060"
"J Informatie en communicatie";"Grootteklasse";"1 werkzame persoon";"2008";"aantal";"17810"
"J Informatie en communicatie";"Grootteklasse";"1 werkzame persoon";"2009";"aantal";"20535"
"J Informatie en communicatie";"Grootteklasse";"1 werkzame persoon";"2010";"aantal";"21960"
"J Informatie en communicatie";"Grootteklasse";"2 werkzame personen";"2006";"aantal";"4325"
"J Informatie en communicatie";"Grootteklasse";"2 werkzame personen";"2007";"aantal";"4030"
"J Informatie en communicatie";"Grootteklasse";"2 werkzame personen";"2008";"aantal";"4330"
"J Informatie en communicatie";"Grootteklasse";"2 werkzame personen";"2009";"aantal";"4245"
"J Informatie en communicatie";"Grootteklasse";"2 werkzame personen";"2010";"aantal";"4370"
"J Informatie en communicatie";"Grootteklasse";"3 tot 5 werkzame personen";"2006";"aantal";"1730"
"J Informatie en communicatie";"Grootteklasse";"3 tot 5 werkzame personen";"2007";"aantal";"2595"
"J Informatie en communicatie";"Grootteklasse";"3 tot 5 werkzame personen";"2008";"aantal";"2350"
"J Informatie en communicatie";"Grootteklasse";"3 tot 5 werkzame personen";"2009";"aantal";"2390"
"J Informatie en communicatie";"Grootteklasse";"3 tot 5 werkzame personen";"2010";"aantal";"2360"
"J Informatie en communicatie";"Grootteklasse";"5 tot 10 werkzame personen";"2006";"aantal";"1610"
"J Informatie en communicatie";"Grootteklasse";"5 tot 10 werkzame personen";"2007";"aantal";"1895"
"J Informatie en communicatie";"Grootteklasse";"5 tot 10 werkzame personen";"2008";"aantal";"1720"
"J Informatie en communicatie";"Grootteklasse";"5 tot 10 werkzame personen";"2009";"aantal";"1805"
"J Informatie en communicatie";"Grootteklasse";"5 tot 10 werkzame personen";"2010";"aantal";"1740"
"J Informatie en communicatie";"Grootteklasse";"10 tot 20 werkzame personen";"2006";"aantal";"1040"
"J Informatie en communicatie";"Grootteklasse";"10 tot 20 werkzame personen";"2007";"aantal";"1240"
"J Informatie en communicatie";"Grootteklasse";"10 tot 20 werkzame personen";"2008";"aantal";"1195"
"J Informatie en communicatie";"Grootteklasse";"10 tot 20 werkzame personen";"2009";"aantal";"1245"
"J Informatie en communicatie";"Grootteklasse";"10 tot 20 werkzame personen";"2010";"aantal";"1205"
"J Informatie en communicatie";"Grootteklasse";"20 tot 50 werkzame personen";"2006";"aantal";"730"
"J Informatie en communicatie";"Grootteklasse";"20 tot 50 werkzame personen";"2007";"aantal";"845"
"J Informatie en communicatie";"Grootteklasse";"20 tot 50 werkzame personen";"2008";"aantal";"850"
"J Informatie en communicatie";"Grootteklasse";"20 tot 50 werkzame personen";"2009";"aantal";"970"
"J Informatie en communicatie";"Grootteklasse";"20 tot 50 werkzame personen";"2010";"aantal";"925"
"J Informatie en communicatie";"Grootteklasse";"50 tot 100 werkzame personen";"2006";"aantal";"245"
"J Informatie en communicatie";"Grootteklasse";"50 tot 100 werkzame personen";"2007";"aantal";"280"
"J Informatie en communicatie";"Grootteklasse";"50 tot 100 werkzame personen";"2008";"aantal";"275"
"J Informatie en communicatie";"Grootteklasse";"50 tot 100 werkzame personen";"2009";"aantal";"300"
"J Informatie en communicatie";"Grootteklasse";"50 tot 100 werkzame personen";"2010";"aantal";"290"
"J Informatie en communicatie";"Grootteklasse";"100 werkzame personen of meer";"2006";"aantal";"260"
"J Informatie en communicatie";"Grootteklasse";"100 werkzame personen of meer";"2007";"aantal";"265"
"J Informatie en communicatie";"Grootteklasse";"100 werkzame personen of meer";"2008";"aantal";"220"
"J Informatie en communicatie";"Grootteklasse";"100 werkzame personen of meer";"2009";"aantal";"270"
"J Informatie en communicatie";"Grootteklasse";"100 werkzame personen of meer";"2010";"aantal";"265"
"K Financiële dienstverlening";"Grootteklasse";"1 werkzame persoon";"2006";"aantal";"6930"
"K Financiële dienstverlening";"Grootteklasse";"1 werkzame persoon";"2007";"aantal";"6750"
"K Financiële dienstverlening";"Grootteklasse";"1 werkzame persoon";"2008";"aantal";"8580"
"K Financiële dienstverlening";"Grootteklasse";"1 werkzame persoon";"2009";"aantal";"9555"
"K Financiële dienstverlening";"Grootteklasse";"1 werkzame persoon";"2010";"aantal";"9390"
"K Financiële dienstverlening";"Grootteklasse";"2 werkzame personen";"2006";"aantal";"3855"
"K Financiële dienstverlening";"Grootteklasse";"2 werkzame personen";"2007";"aantal";"3780"
"K Financiële dienstverlening";"Grootteklasse";"2 werkzame personen";"2008";"aantal";"3385"
"K Financiële dienstverlening";"Grootteklasse";"2 werkzame personen";"2009";"aantal";"3570"
"K Financiële dienstverlening";"Grootteklasse";"2 werkzame personen";"2010";"aantal";"3530"
"K Financiële dienstverlening";"Grootteklasse";"3 tot 5 werkzame personen";"2006";"aantal";"2065"
"K Financiële dienstverlening";"Grootteklasse";"3 tot 5 werkzame personen";"2007";"aantal";"2855"
"K Financiële dienstverlening";"Grootteklasse";"3 tot 5 werkzame personen";"2008";"aantal";"2275"
"K Financiële dienstverlening";"Grootteklasse";"3 tot 5 werkzame personen";"2009";"aantal";"1995"
"K Financiële dienstverlening";"Grootteklasse";"3 tot 5 werkzame personen";"2010";"aantal";"1945"
"K Financiële dienstverlening";"Grootteklasse";"5 tot 10 werkzame personen";"2006";"aantal";"1420"
"K Financiële dienstverlening";"Grootteklasse";"5 tot 10 werkzame personen";"2007";"aantal";"1745"
"K Financiële dienstverlening";"Grootteklasse";"5 tot 10 werkzame personen";"2008";"aantal";"1435"
"K Financiële dienstverlening";"Grootteklasse";"5 tot 10 werkzame personen";"2009";"aantal";"1415"
"K Financiële dienstverlening";"Grootteklasse";"5 tot 10 werkzame personen";"2010";"aantal";"1320"
"K Financiële dienstverlening";"Grootteklasse";"10 tot 20 werkzame personen";"2006";"aantal";"680"
"K Financiële dienstverlening";"Grootteklasse";"10 tot 20 werkzame personen";"2007";"aantal";"830"
"K Financiële dienstverlening";"Grootteklasse";"10 tot 20 werkzame personen";"2008";"aantal";"650"
"K Financiële dienstverlening";"Grootteklasse";"10 tot 20 werkzame personen";"2009";"aantal";"670"
"K Financiële dienstverlening";"Grootteklasse";"10 tot 20 werkzame personen";"2010";"aantal";"635"
"K Financiële dienstverlening";"Grootteklasse";"20 tot 50 werkzame personen";"2006";"aantal";"395"
"K Financiële dienstverlening";"Grootteklasse";"20 tot 50 werkzame personen";"2007";"aantal";"445"
"K Financiële dienstverlening";"Grootteklasse";"20 tot 50 werkzame personen";"2008";"aantal";"385"
"K Financiële dienstverlening";"Grootteklasse";"20 tot 50 werkzame personen";"2009";"aantal";"380"
"K Financiële dienstverlening";"Grootteklasse";"20 tot 50 werkzame personen";"2010";"aantal";"360"
"K Financiële dienstverlening";"Grootteklasse";"50 tot 100 werkzame personen";"2006";"aantal";"125"
"K Financiële dienstverlening";"Grootteklasse";"50 tot 100 werkzame personen";"2007";"aantal";"135"
"K Financiële dienstverlening";"Grootteklasse";"50 tot 100 werkzame personen";"2008";"aantal";"140"
"K Financiële dienstverlening";"Grootteklasse";"50 tot 100 werkzame personen";"2009";"aantal";"130"
"K Financiële dienstverlening";"Grootteklasse";"50 tot 100 werkzame personen";"2010";"aantal";"110"
"K Financiële dienstverlening";"Grootteklasse";"100 werkzame personen of meer";"2006";"aantal";"190"
"K Financiële dienstverlening";"Grootteklasse";"100 werkzame personen of meer";"2007";"aantal";"170"
"K Financiële dienstverlening";"Grootteklasse";"100 werkzame personen of meer";"2008";"aantal";"175"
"K Financiële dienstverlening";"Grootteklasse";"100 werkzame personen of meer";"2009";"aantal";"160"
"K Financiële dienstverlening";"Grootteklasse";"100 werkzame personen of meer";"2010";"aantal";"150"
"L Verhuur en handel van onroerend goed";"Grootteklasse";"1 werkzame persoon";"2006";"aantal";"8005"
"L Verhuur en handel van onroerend goed";"Grootteklasse";"1 werkzame persoon";"2007";"aantal";"8295"
"L Verhuur en handel van onroerend goed";"Grootteklasse";"1 werkzame persoon";"2008";"aantal";"9090"
"L Verhuur en handel van onroerend goed";"Grootteklasse";"1 werkzame persoon";"2009";"aantal";"8870"
"L Verhuur en handel van onroerend goed";"Grootteklasse";"1 werkzame persoon";"2010";"aantal";"9050"
"L Verhuur en handel van onroerend goed";"Grootteklasse";"2 werkzame personen";"2006";"aantal";"5780"
"L Verhuur en handel van onroerend goed";"Grootteklasse";"2 werkzame personen";"2007";"aantal";"5705"
"L Verhuur en handel van onroerend goed";"Grootteklasse";"2 werkzame personen";"2008";"aantal";"5475"
"L Verhuur en handel van onroerend goed";"Grootteklasse";"2 werkzame personen";"2009";"aantal";"6140"
"L Verhuur en handel van onroerend goed";"Grootteklasse";"2 werkzame personen";"2010";"aantal";"6280"
"L Verhuur en handel van onroerend goed";"Grootteklasse";"3 tot 5 werkzame personen";"2006";"aantal";"2095"
"L Verhuur en handel van onroerend goed";"Grootteklasse";"3 tot 5 werkzame personen";"2007";"aantal";"2650"
"L Verhuur en handel van onroerend goed";"Grootteklasse";"3 tot 5 werkzame personen";"2008";"aantal";"2275"
"L Verhuur en handel van onroerend goed";"Grootteklasse";"3 tot 5 werkzame personen";"2009";"aantal";"2250"
"L Verhuur en handel van onroerend goed";"Grootteklasse";"3 tot 5 werkzame personen";"2010";"aantal";"2230"
"L Verhuur en handel van onroerend goed";"Grootteklasse";"5 tot 10 werkzame personen";"2006";"aantal";"1175"
"L Verhuur en handel van onroerend goed";"Grootteklasse";"5 tot 10 werkzame personen";"2007";"aantal";"1440"
"L Verhuur en handel van onroerend goed";"Grootteklasse";"5 tot 10 werkzame personen";"2008";"aantal";"1315"
"L Verhuur en handel van onroerend goed";"Grootteklasse";"5 tot 10 werkzame personen";"2009";"aantal";"1295"
"L Verhuur en handel van onroerend goed";"Grootteklasse";"5 tot 10 werkzame personen";"2010";"aantal";"1255"
"L Verhuur en handel van onroerend goed";"Grootteklasse";"10 tot 20 werkzame personen";"2006";"aantal";"500"
"L Verhuur en handel van onroerend goed";"Grootteklasse";"10 tot 20 werkzame personen";"2007";"aantal";"600"
"L Verhuur en handel van onroerend goed";"Grootteklasse";"10 tot 20 werkzame personen";"2008";"aantal";"575"
"L Verhuur en handel van onroerend goed";"Grootteklasse";"10 tot 20 werkzame personen";"2009";"aantal";"550"
"L Verhuur en handel van onroerend goed";"Grootteklasse";"10 tot 20 werkzame personen";"2010";"aantal";"540"
"L Verhuur en handel van onroerend goed";"Grootteklasse";"20 tot 50 werkzame personen";"2006";"aantal";"325"
"L Verhuur en handel van onroerend goed";"Grootteklasse";"20 tot 50 werkzame personen";"2007";"aantal";"350"
"L Verhuur en handel van onroerend goed";"Grootteklasse";"20 tot 50 werkzame personen";"2008";"aantal";"300"
"L Verhuur en handel van onroerend goed";"Grootteklasse";"20 tot 50 werkzame personen";"2009";"aantal";"315"
"L Verhuur en handel van onroerend goed";"Grootteklasse";"20 tot 50 werkzame personen";"2010";"aantal";"300"
"L Verhuur en handel van onroerend goed";"Grootteklasse";"50 tot 100 werkzame personen";"2006";"aantal";"135"
"L Verhuur en handel van onroerend goed";"Grootteklasse";"50 tot 100 werkzame personen";"2007";"aantal";"125"
"L Verhuur en handel van onroerend goed";"Grootteklasse";"50 tot 100 werkzame personen";"2008";"aantal";"100"
"L Verhuur en handel van onroerend goed";"Grootteklasse";"50 tot 100 werkzame personen";"2009";"aantal";"130"
"L Verhuur en handel van onroerend goed";"Grootteklasse";"50 tot 100 werkzame personen";"2010";"aantal";"120"
"L Verhuur en handel van onroerend goed";"Grootteklasse";"100 werkzame personen of meer";"2006";"aantal";"100"
"L Verhuur en handel van onroerend goed";"Grootteklasse";"100 werkzame personen of meer";"2007";"aantal";"95"
"L Verhuur en handel van onroerend goed";"Grootteklasse";"100 werkzame personen of meer";"2008";"aantal";"85"
"L Verhuur en handel van onroerend goed";"Grootteklasse";"100 werkzame personen of meer";"2009";"aantal";"100"
"L Verhuur en handel van onroerend goed";"Grootteklasse";"100 werkzame personen of meer";"2010";"aantal";"105"
"M Specialistische zakelijke diensten";"Grootteklasse";"1 werkzame persoon";"2006";"aantal";"70360"
"M Specialistische zakelijke diensten";"Grootteklasse";"1 werkzame persoon";"2007";"aantal";"76350"
"M Specialistische zakelijke diensten";"Grootteklasse";"1 werkzame persoon";"2008";"aantal";"89450"
"M Specialistische zakelijke diensten";"Grootteklasse";"1 werkzame persoon";"2009";"aantal";"99950"
"M Specialistische zakelijke diensten";"Grootteklasse";"1 werkzame persoon";"2010";"aantal";"108940"
"M Specialistische zakelijke diensten";"Grootteklasse";"2 werkzame personen";"2006";"aantal";"18945"
"M Specialistische zakelijke diensten";"Grootteklasse";"2 werkzame personen";"2007";"aantal";"17585"
"M Specialistische zakelijke diensten";"Grootteklasse";"2 werkzame personen";"2008";"aantal";"17590"
"M Specialistische zakelijke diensten";"Grootteklasse";"2 werkzame personen";"2009";"aantal";"18035"
"M Specialistische zakelijke diensten";"Grootteklasse";"2 werkzame personen";"2010";"aantal";"18895"
"M Specialistische zakelijke diensten";"Grootteklasse";"3 tot 5 werkzame personen";"2006";"aantal";"7725"
"M Specialistische zakelijke diensten";"Grootteklasse";"3 tot 5 werkzame personen";"2007";"aantal";"10735"
"M Specialistische zakelijke diensten";"Grootteklasse";"3 tot 5 werkzame personen";"2008";"aantal";"9650"
"M Specialistische zakelijke diensten";"Grootteklasse";"3 tot 5 werkzame personen";"2009";"aantal";"9180"
"M Specialistische zakelijke diensten";"Grootteklasse";"3 tot 5 werkzame personen";"2010";"aantal";"9170"
"M Specialistische zakelijke diensten";"Grootteklasse";"5 tot 10 werkzame personen";"2006";"aantal";"5805"
"M Specialistische zakelijke diensten";"Grootteklasse";"5 tot 10 werkzame personen";"2007";"aantal";"7230"
"M Specialistische zakelijke diensten";"Grootteklasse";"5 tot 10 werkzame personen";"2008";"aantal";"6465"
"M Specialistische zakelijke diensten";"Grootteklasse";"5 tot 10 werkzame personen";"2009";"aantal";"6635"
"M Specialistische zakelijke diensten";"Grootteklasse";"5 tot 10 werkzame personen";"2010";"aantal";"6470"
"M Specialistische zakelijke diensten";"Grootteklasse";"10 tot 20 werkzame personen";"2006";"aantal";"3090"
"M Specialistische zakelijke diensten";"Grootteklasse";"10 tot 20 werkzame personen";"2007";"aantal";"3670"
"M Specialistische zakelijke diensten";"Grootteklasse";"10 tot 20 werkzame personen";"2008";"aantal";"3570"
"M Specialistische zakelijke diensten";"Grootteklasse";"10 tot 20 werkzame personen";"2009";"aantal";"3990"
"M Specialistische zakelijke diensten";"Grootteklasse";"10 tot 20 werkzame personen";"2010";"aantal";"3855"
"M Specialistische zakelijke diensten";"Grootteklasse";"20 tot 50 werkzame personen";"2006";"aantal";"1775"
"M Specialistische zakelijke diensten";"Grootteklasse";"20 tot 50 werkzame personen";"2007";"aantal";"2080"
"M Specialistische zakelijke diensten";"Grootteklasse";"20 tot 50 werkzame personen";"2008";"aantal";"1965"
"M Specialistische zakelijke diensten";"Grootteklasse";"20 tot 50 werkzame personen";"2009";"aantal";"2245"
"M Specialistische zakelijke diensten";"Grootteklasse";"20 tot 50 werkzame personen";"2010";"aantal";"2145"
"M Specialistische zakelijke diensten";"Grootteklasse";"50 tot 100 werkzame personen";"2006";"aantal";"455"
"M Specialistische zakelijke diensten";"Grootteklasse";"50 tot 100 werkzame personen";"2007";"aantal";"510"
"M Specialistische zakelijke diensten";"Grootteklasse";"50 tot 100 werkzame personen";"2008";"aantal";"495"
"M Specialistische zakelijke diensten";"Grootteklasse";"50 tot 100 werkzame personen";"2009";"aantal";"585"
"M Specialistische zakelijke diensten";"Grootteklasse";"50 tot 100 werkzame personen";"2010";"aantal";"540"
"M Specialistische zakelijke diensten";"Grootteklasse";"100 werkzame personen of meer";"2006";"aantal";"360"
"M Specialistische zakelijke diensten";"Grootteklasse";"100 werkzame personen of meer";"2007";"aantal";"375"
"M Specialistische zakelijke diensten";"Grootteklasse";"100 werkzame personen of meer";"2008";"aantal";"345"
"M Specialistische zakelijke diensten";"Grootteklasse";"100 werkzame personen of meer";"2009";"aantal";"390"
"M Specialistische zakelijke diensten";"Grootteklasse";"100 werkzame personen of meer";"2010";"aantal";"385"
"N Verhuur en overige zakelijke diensten";"Grootteklasse";"1 werkzame persoon";"2006";"aantal";"13390"
"N Verhuur en overige zakelijke diensten";"Grootteklasse";"1 werkzame persoon";"2007";"aantal";"15105"
"N Verhuur en overige zakelijke diensten";"Grootteklasse";"1 werkzame persoon";"2008";"aantal";"17010"
"N Verhuur en overige zakelijke diensten";"Grootteklasse";"1 werkzame persoon";"2009";"aantal";"18735"
"N Verhuur en overige zakelijke diensten";"Grootteklasse";"1 werkzame persoon";"2010";"aantal";"20045"
"N Verhuur en overige zakelijke diensten";"Grootteklasse";"2 werkzame personen";"2006";"aantal";"5690"
"N Verhuur en overige zakelijke diensten";"Grootteklasse";"2 werkzame personen";"2007";"aantal";"4810"
"N Verhuur en overige zakelijke diensten";"Grootteklasse";"2 werkzame personen";"2008";"aantal";"4915"
"N Verhuur en overige zakelijke diensten";"Grootteklasse";"2 werkzame personen";"2009";"aantal";"5305"
"N Verhuur en overige zakelijke diensten";"Grootteklasse";"2 werkzame personen";"2010";"aantal";"5470"
"N Verhuur en overige zakelijke diensten";"Grootteklasse";"3 tot 5 werkzame personen";"2006";"aantal";"3045"
"N Verhuur en overige zakelijke diensten";"Grootteklasse";"3 tot 5 werkzame personen";"2007";"aantal";"3510"
"N Verhuur en overige zakelijke diensten";"Grootteklasse";"3 tot 5 werkzame personen";"2008";"aantal";"3435"
"N Verhuur en overige zakelijke diensten";"Grootteklasse";"3 tot 5 werkzame personen";"2009";"aantal";"3310"
"N Verhuur en overige zakelijke diensten";"Grootteklasse";"3 tot 5 werkzame personen";"2010";"aantal";"3230"
"N Verhuur en overige zakelijke diensten";"Grootteklasse";"5 tot 10 werkzame personen";"2006";"aantal";"2690"
"N Verhuur en overige zakelijke diensten";"Grootteklasse";"5 tot 10 werkzame personen";"2007";"aantal";"3075"
"N Verhuur en overige zakelijke diensten";"Grootteklasse";"5 tot 10 werkzame personen";"2008";"aantal";"2955"
"N Verhuur en overige zakelijke diensten";"Grootteklasse";"5 tot 10 werkzame personen";"2009";"aantal";"3170"
"N Verhuur en overige zakelijke diensten";"Grootteklasse";"5 tot 10 werkzame personen";"2010";"aantal";"3035"
"N Verhuur en overige zakelijke diensten";"Grootteklasse";"10 tot 20 werkzame personen";"2006";"aantal";"1820"
"N Verhuur en overige zakelijke diensten";"Grootteklasse";"10 tot 20 werkzame personen";"2007";"aantal";"2030"
"N Verhuur en overige zakelijke diensten";"Grootteklasse";"10 tot 20 werkzame personen";"2008";"aantal";"2150"
"N Verhuur en overige zakelijke diensten";"Grootteklasse";"10 tot 20 werkzame personen";"2009";"aantal";"2305"
"N Verhuur en overige zakelijke diensten";"Grootteklasse";"10 tot 20 werkzame personen";"2010";"aantal";"2215"
"N Verhuur en overige zakelijke diensten";"Grootteklasse";"20 tot 50 werkzame personen";"2006";"aantal";"1645"
"N Verhuur en overige zakelijke diensten";"Grootteklasse";"20 tot 50 werkzame personen";"2007";"aantal";"1745"
"N Verhuur en overige zakelijke diensten";"Grootteklasse";"20 tot 50 werkzame personen";"2008";"aantal";"1845"
"N Verhuur en overige zakelijke diensten";"Grootteklasse";"20 tot 50 werkzame personen";"2009";"aantal";"2080"
"N Verhuur en overige zakelijke diensten";"Grootteklasse";"20 tot 50 werkzame personen";"2010";"aantal";"1975"
"N Verhuur en overige zakelijke diensten";"Grootteklasse";"50 tot 100 werkzame personen";"2006";"aantal";"620"
"N Verhuur en overige zakelijke diensten";"Grootteklasse";"50 tot 100 werkzame personen";"2007";"aantal";"635"
"N Verhuur en overige zakelijke diensten";"Grootteklasse";"50 tot 100 werkzame personen";"2008";"aantal";"720"
"N Verhuur en overige zakelijke diensten";"Grootteklasse";"50 tot 100 werkzame personen";"2009";"aantal";"820"
"N Verhuur en overige zakelijke diensten";"Grootteklasse";"50 tot 100 werkzame personen";"2010";"aantal";"795"
"N Verhuur en overige zakelijke diensten";"Grootteklasse";"100 werkzame personen of meer";"2006";"aantal";"560"
"N Verhuur en overige zakelijke diensten";"Grootteklasse";"100 werkzame personen of meer";"2007";"aantal";"615"
"N Verhuur en overige zakelijke diensten";"Grootteklasse";"100 werkzame personen of meer";"2008";"aantal";"575"
"N Verhuur en overige zakelijke diensten";"Grootteklasse";"100 werkzame personen of meer";"2009";"aantal";"740"
"N Verhuur en overige zakelijke diensten";"Grootteklasse";"100 werkzame personen of meer";"2010";"aantal";"735"
"O Openbaar bestuur en overheidsdiensten";"Grootteklasse";"1 werkzame persoon";"2006";"aantal";"90"
"O Openbaar bestuur en overheidsdiensten";"Grootteklasse";"1 werkzame persoon";"2007";"aantal";"80"
"O Openbaar bestuur en overheidsdiensten";"Grootteklasse";"1 werkzame persoon";"2008";"aantal";"60"
"O Openbaar bestuur en overheidsdiensten";"Grootteklasse";"1 werkzame persoon";"2009";"aantal";"60"
"O Openbaar bestuur en overheidsdiensten";"Grootteklasse";"1 werkzame persoon";"2010";"aantal";"75"
"O Openbaar bestuur en overheidsdiensten";"Grootteklasse";"2 werkzame personen";"2006";"aantal";"10"
"O Openbaar bestuur en overheidsdiensten";"Grootteklasse";"2 werkzame personen";"2007";"aantal";"15"
"O Openbaar bestuur en overheidsdiensten";"Grootteklasse";"2 werkzame personen";"2008";"aantal";"10"
"O Openbaar bestuur en overheidsdiensten";"Grootteklasse";"2 werkzame personen";"2009";"aantal";"10"
"O Openbaar bestuur en overheidsdiensten";"Grootteklasse";"2 werkzame personen";"2010";"aantal";"15"
"O Openbaar bestuur en overheidsdiensten";"Grootteklasse";"3 tot 5 werkzame personen";"2006";"aantal";"15"
"O Openbaar bestuur en overheidsdiensten";"Grootteklasse";"3 tot 5 werkzame personen";"2007";"aantal";"5"
"O Openbaar bestuur en overheidsdiensten";"Grootteklasse";"3 tot 5 werkzame personen";"2008";"aantal";"5"
"O Openbaar bestuur en overheidsdiensten";"Grootteklasse";"3 tot 5 werkzame personen";"2009";"aantal";"5"
"O Openbaar bestuur en overheidsdiensten";"Grootteklasse";"3 tot 5 werkzame personen";"2010";"aantal";"5"
"O Openbaar bestuur en overheidsdiensten";"Grootteklasse";"5 tot 10 werkzame personen";"2006";"aantal";"20"
"O Openbaar bestuur en overheidsdiensten";"Grootteklasse";"5 tot 10 werkzame personen";"2007";"aantal";"10"
"O Openbaar bestuur en overheidsdiensten";"Grootteklasse";"5 tot 10 werkzame personen";"2008";"aantal";"15"
"O Openbaar bestuur en overheidsdiensten";"Grootteklasse";"5 tot 10 werkzame personen";"2009";"aantal";"15"
"O Openbaar bestuur en overheidsdiensten";"Grootteklasse";"5 tot 10 werkzame personen";"2010";"aantal";"15"
"O Openbaar bestuur en overheidsdiensten";"Grootteklasse";"10 tot 20 werkzame personen";"2006";"aantal";"30"
"O Openbaar bestuur en overheidsdiensten";"Grootteklasse";"10 tot 20 werkzame personen";"2007";"aantal";"35"
"O Openbaar bestuur en overheidsdiensten";"Grootteklasse";"10 tot 20 werkzame personen";"2008";"aantal";"20"
"O Openbaar bestuur en overheidsdiensten";"Grootteklasse";"10 tot 20 werkzame personen";"2009";"aantal";"15"
"O Openbaar bestuur en overheidsdiensten";"Grootteklasse";"10 tot 20 werkzame personen";"2010";"aantal";"15"
"O Openbaar bestuur en overheidsdiensten";"Grootteklasse";"20 tot 50 werkzame personen";"2006";"aantal";"80"
"O Openbaar bestuur en overheidsdiensten";"Grootteklasse";"20 tot 50 werkzame personen";"2007";"aantal";"60"
"O Openbaar bestuur en overheidsdiensten";"Grootteklasse";"20 tot 50 werkzame personen";"2008";"aantal";"70"
"O Openbaar bestuur en overheidsdiensten";"Grootteklasse";"20 tot 50 werkzame personen";"2009";"aantal";"50"
"O Openbaar bestuur en overheidsdiensten";"Grootteklasse";"20 tot 50 werkzame personen";"2010";"aantal";"45"
"O Openbaar bestuur en overheidsdiensten";"Grootteklasse";"50 tot 100 werkzame personen";"2006";"aantal";"140"
"O Openbaar bestuur en overheidsdiensten";"Grootteklasse";"50 tot 100 werkzame personen";"2007";"aantal";"115"
"O Openbaar bestuur en overheidsdiensten";"Grootteklasse";"50 tot 100 werkzame personen";"2008";"aantal";"120"
"O Openbaar bestuur en overheidsdiensten";"Grootteklasse";"50 tot 100 werkzame personen";"2009";"aantal";"120"
"O Openbaar bestuur en overheidsdiensten";"Grootteklasse";"50 tot 100 werkzame personen";"2010";"aantal";"120"
"O Openbaar bestuur en overheidsdiensten";"Grootteklasse";"100 werkzame personen of meer";"2006";"aantal";"395"
"O Openbaar bestuur en overheidsdiensten";"Grootteklasse";"100 werkzame personen of meer";"2007";"aantal";"485"
"O Openbaar bestuur en overheidsdiensten";"Grootteklasse";"100 werkzame personen of meer";"2008";"aantal";"465"
"O Openbaar bestuur en overheidsdiensten";"Grootteklasse";"100 werkzame personen of meer";"2009";"aantal";"500"
"O Openbaar bestuur en overheidsdiensten";"Grootteklasse";"100 werkzame personen of meer";"2010";"aantal";"500"
"P Onderwijs";"Grootteklasse";"1 werkzame persoon";"2006";"aantal";"11410"
"P Onderwijs";"Grootteklasse";"1 werkzame persoon";"2007";"aantal";"11760"
"P Onderwijs";"Grootteklasse";"1 werkzame persoon";"2008";"aantal";"13130"
"P Onderwijs";"Grootteklasse";"1 werkzame persoon";"2009";"aantal";"14320"
"P Onderwijs";"Grootteklasse";"1 werkzame persoon";"2010";"aantal";"15970"
"P Onderwijs";"Grootteklasse";"2 werkzame personen";"2006";"aantal";"2725"
"P Onderwijs";"Grootteklasse";"2 werkzame personen";"2007";"aantal";"2145"
"P Onderwijs";"Grootteklasse";"2 werkzame personen";"2008";"aantal";"2155"
"P Onderwijs";"Grootteklasse";"2 werkzame personen";"2009";"aantal";"2350"
"P Onderwijs";"Grootteklasse";"2 werkzame personen";"2010";"aantal";"2570"
"P Onderwijs";"Grootteklasse";"3 tot 5 werkzame personen";"2006";"aantal";"710"
"P Onderwijs";"Grootteklasse";"3 tot 5 werkzame personen";"2007";"aantal";"980"
"P Onderwijs";"Grootteklasse";"3 tot 5 werkzame personen";"2008";"aantal";"885"
"P Onderwijs";"Grootteklasse";"3 tot 5 werkzame personen";"2009";"aantal";"890"
"P Onderwijs";"Grootteklasse";"3 tot 5 werkzame personen";"2010";"aantal";"870"
"P Onderwijs";"Grootteklasse";"5 tot 10 werkzame personen";"2006";"aantal";"655"
"P Onderwijs";"Grootteklasse";"5 tot 10 werkzame personen";"2007";"aantal";"715"
"P Onderwijs";"Grootteklasse";"5 tot 10 werkzame personen";"2008";"aantal";"745"
"P Onderwijs";"Grootteklasse";"5 tot 10 werkzame personen";"2009";"aantal";"660"
"P Onderwijs";"Grootteklasse";"5 tot 10 werkzame personen";"2010";"aantal";"620"
"P Onderwijs";"Grootteklasse";"10 tot 20 werkzame personen";"2006";"aantal";"590"
"P Onderwijs";"Grootteklasse";"10 tot 20 werkzame personen";"2007";"aantal";"555"
"P Onderwijs";"Grootteklasse";"10 tot 20 werkzame personen";"2008";"aantal";"605"
"P Onderwijs";"Grootteklasse";"10 tot 20 werkzame personen";"2009";"aantal";"565"
"P Onderwijs";"Grootteklasse";"10 tot 20 werkzame personen";"2010";"aantal";"540"
"P Onderwijs";"Grootteklasse";"20 tot 50 werkzame personen";"2006";"aantal";"625"
"P Onderwijs";"Grootteklasse";"20 tot 50 werkzame personen";"2007";"aantal";"620"
"P Onderwijs";"Grootteklasse";"20 tot 50 werkzame personen";"2008";"aantal";"515"
"P Onderwijs";"Grootteklasse";"20 tot 50 werkzame personen";"2009";"aantal";"620"
"P Onderwijs";"Grootteklasse";"20 tot 50 werkzame personen";"2010";"aantal";"595"
"P Onderwijs";"Grootteklasse";"50 tot 100 werkzame personen";"2006";"aantal";"385"
"P Onderwijs";"Grootteklasse";"50 tot 100 werkzame personen";"2007";"aantal";"400"
"P Onderwijs";"Grootteklasse";"50 tot 100 werkzame personen";"2008";"aantal";"375"
"P Onderwijs";"Grootteklasse";"50 tot 100 werkzame personen";"2009";"aantal";"355"
"P Onderwijs";"Grootteklasse";"50 tot 100 werkzame personen";"2010";"aantal";"345"
"P Onderwijs";"Grootteklasse";"100 werkzame personen of meer";"2006";"aantal";"900"
"P Onderwijs";"Grootteklasse";"100 werkzame personen of meer";"2007";"aantal";"910"
"P Onderwijs";"Grootteklasse";"100 werkzame personen of meer";"2008";"aantal";"795"
"P Onderwijs";"Grootteklasse";"100 werkzame personen of meer";"2009";"aantal";"945"
"P Onderwijs";"Grootteklasse";"100 werkzame personen of meer";"2010";"aantal";"925"
"Q Gezondheids- en welzijnszorg";"Grootteklasse";"1 werkzame persoon";"2006";"aantal";"15550"
"Q Gezondheids- en welzijnszorg";"Grootteklasse";"1 werkzame persoon";"2007";"aantal";"19295"
"Q Gezondheids- en welzijnszorg";"Grootteklasse";"1 werkzame persoon";"2008";"aantal";"22460"
"Q Gezondheids- en welzijnszorg";"Grootteklasse";"1 werkzame persoon";"2009";"aantal";"24105"
"Q Gezondheids- en welzijnszorg";"Grootteklasse";"1 werkzame persoon";"2010";"aantal";"28290"
"Q Gezondheids- en welzijnszorg";"Grootteklasse";"2 werkzame personen";"2006";"aantal";"9750"
"Q Gezondheids- en welzijnszorg";"Grootteklasse";"2 werkzame personen";"2007";"aantal";"7300"
"Q Gezondheids- en welzijnszorg";"Grootteklasse";"2 werkzame personen";"2008";"aantal";"6965"
"Q Gezondheids- en welzijnszorg";"Grootteklasse";"2 werkzame personen";"2009";"aantal";"7255"
"Q Gezondheids- en welzijnszorg";"Grootteklasse";"2 werkzame personen";"2010";"aantal";"7750"
"Q Gezondheids- en welzijnszorg";"Grootteklasse";"3 tot 5 werkzame personen";"2006";"aantal";"6990"
"Q Gezondheids- en welzijnszorg";"Grootteklasse";"3 tot 5 werkzame personen";"2007";"aantal";"6470"
"Q Gezondheids- en welzijnszorg";"Grootteklasse";"3 tot 5 werkzame personen";"2008";"aantal";"5980"
"Q Gezondheids- en welzijnszorg";"Grootteklasse";"3 tot 5 werkzame personen";"2009";"aantal";"5960"
"Q Gezondheids- en welzijnszorg";"Grootteklasse";"3 tot 5 werkzame personen";"2010";"aantal";"5895"
"Q Gezondheids- en welzijnszorg";"Grootteklasse";"5 tot 10 werkzame personen";"2006";"aantal";"4040"
"Q Gezondheids- en welzijnszorg";"Grootteklasse";"5 tot 10 werkzame personen";"2007";"aantal";"4770"
"Q Gezondheids- en welzijnszorg";"Grootteklasse";"5 tot 10 werkzame personen";"2008";"aantal";"4180"
"Q Gezondheids- en welzijnszorg";"Grootteklasse";"5 tot 10 werkzame personen";"2009";"aantal";"4690"
"Q Gezondheids- en welzijnszorg";"Grootteklasse";"5 tot 10 werkzame personen";"2010";"aantal";"4605"
"Q Gezondheids- en welzijnszorg";"Grootteklasse";"10 tot 20 werkzame personen";"2006";"aantal";"1375"
"Q Gezondheids- en welzijnszorg";"Grootteklasse";"10 tot 20 werkzame personen";"2007";"aantal";"1670"
"Q Gezondheids- en welzijnszorg";"Grootteklasse";"10 tot 20 werkzame personen";"2008";"aantal";"1620"
"Q Gezondheids- en welzijnszorg";"Grootteklasse";"10 tot 20 werkzame personen";"2009";"aantal";"1950"
"Q Gezondheids- en welzijnszorg";"Grootteklasse";"10 tot 20 werkzame personen";"2010";"aantal";"1925"
"Q Gezondheids- en welzijnszorg";"Grootteklasse";"20 tot 50 werkzame personen";"2006";"aantal";"815"
"Q Gezondheids- en welzijnszorg";"Grootteklasse";"20 tot 50 werkzame personen";"2007";"aantal";"890"
"Q Gezondheids- en welzijnszorg";"Grootteklasse";"20 tot 50 werkzame personen";"2008";"aantal";"895"
"Q Gezondheids- en welzijnszorg";"Grootteklasse";"20 tot 50 werkzame personen";"2009";"aantal";"1045"
"Q Gezondheids- en welzijnszorg";"Grootteklasse";"20 tot 50 werkzame personen";"2010";"aantal";"1020"
"Q Gezondheids- en welzijnszorg";"Grootteklasse";"50 tot 100 werkzame personen";"2006";"aantal";"525"
"Q Gezondheids- en welzijnszorg";"Grootteklasse";"50 tot 100 werkzame personen";"2007";"aantal";"515"
"Q Gezondheids- en welzijnszorg";"Grootteklasse";"50 tot 100 werkzame personen";"2008";"aantal";"480"
"Q Gezondheids- en welzijnszorg";"Grootteklasse";"50 tot 100 werkzame personen";"2009";"aantal";"495"
"Q Gezondheids- en welzijnszorg";"Grootteklasse";"50 tot 100 werkzame personen";"2010";"aantal";"465"
"Q Gezondheids- en welzijnszorg";"Grootteklasse";"100 werkzame personen of meer";"2006";"aantal";"1065"
"Q Gezondheids- en welzijnszorg";"Grootteklasse";"100 werkzame personen of meer";"2007";"aantal";"1040"
"Q Gezondheids- en welzijnszorg";"Grootteklasse";"100 werkzame personen of meer";"2008";"aantal";"1010"
"Q Gezondheids- en welzijnszorg";"Grootteklasse";"100 werkzame personen of meer";"2009";"aantal";"1105"
"Q Gezondheids- en welzijnszorg";"Grootteklasse";"100 werkzame personen of meer";"2010";"aantal";"1055"
"R Cultuur, sport en recreatie";"Grootteklasse";"1 werkzame persoon";"2006";"aantal";"4440"
"R Cultuur, sport en recreatie";"Grootteklasse";"1 werkzame persoon";"2007";"aantal";"4175"
"R Cultuur, sport en recreatie";"Grootteklasse";"1 werkzame persoon";"2008";"aantal";"5145"
"R Cultuur, sport en recreatie";"Grootteklasse";"1 werkzame persoon";"2009";"aantal";"4470"
"R Cultuur, sport en recreatie";"Grootteklasse";"1 werkzame persoon";"2010";"aantal";"4510"
"R Cultuur, sport en recreatie";"Grootteklasse";"2 werkzame personen";"2006";"aantal";"1950"
"R Cultuur, sport en recreatie";"Grootteklasse";"2 werkzame personen";"2007";"aantal";"1940"
"R Cultuur, sport en recreatie";"Grootteklasse";"2 werkzame personen";"2008";"aantal";"1795"
"R Cultuur, sport en recreatie";"Grootteklasse";"2 werkzame personen";"2009";"aantal";"1905"
"R Cultuur, sport en recreatie";"Grootteklasse";"2 werkzame personen";"2010";"aantal";"1945"
"R Cultuur, sport en recreatie";"Grootteklasse";"3 tot 5 werkzame personen";"2006";"aantal";"1645"
"R Cultuur, sport en recreatie";"Grootteklasse";"3 tot 5 werkzame personen";"2007";"aantal";"1875"
"R Cultuur, sport en recreatie";"Grootteklasse";"3 tot 5 werkzame personen";"2008";"aantal";"1830"
"R Cultuur, sport en recreatie";"Grootteklasse";"3 tot 5 werkzame personen";"2009";"aantal";"1820"
"R Cultuur, sport en recreatie";"Grootteklasse";"3 tot 5 werkzame personen";"2010";"aantal";"1760"
"R Cultuur, sport en recreatie";"Grootteklasse";"5 tot 10 werkzame personen";"2006";"aantal";"1330"
"R Cultuur, sport en recreatie";"Grootteklasse";"5 tot 10 werkzame personen";"2007";"aantal";"1665"
"R Cultuur, sport en recreatie";"Grootteklasse";"5 tot 10 werkzame personen";"2008";"aantal";"1440"
"R Cultuur, sport en recreatie";"Grootteklasse";"5 tot 10 werkzame personen";"2009";"aantal";"1535"
"R Cultuur, sport en recreatie";"Grootteklasse";"5 tot 10 werkzame personen";"2010";"aantal";"1485"
"R Cultuur, sport en recreatie";"Grootteklasse";"10 tot 20 werkzame personen";"2006";"aantal";"730"
"R Cultuur, sport en recreatie";"Grootteklasse";"10 tot 20 werkzame personen";"2007";"aantal";"805"
"R Cultuur, sport en recreatie";"Grootteklasse";"10 tot 20 werkzame personen";"2008";"aantal";"820"
"R Cultuur, sport en recreatie";"Grootteklasse";"10 tot 20 werkzame personen";"2009";"aantal";"910"
"R Cultuur, sport en recreatie";"Grootteklasse";"10 tot 20 werkzame personen";"2010";"aantal";"890"
"R Cultuur, sport en recreatie";"Grootteklasse";"20 tot 50 werkzame personen";"2006";"aantal";"505"
"R Cultuur, sport en recreatie";"Grootteklasse";"20 tot 50 werkzame personen";"2007";"aantal";"555"
"R Cultuur, sport en recreatie";"Grootteklasse";"20 tot 50 werkzame personen";"2008";"aantal";"485"
"R Cultuur, sport en recreatie";"Grootteklasse";"20 tot 50 werkzame personen";"2009";"aantal";"595"
"R Cultuur, sport en recreatie";"Grootteklasse";"20 tot 50 werkzame personen";"2010";"aantal";"600"
"R Cultuur, sport en recreatie";"Grootteklasse";"50 tot 100 werkzame personen";"2006";"aantal";"130"
"R Cultuur, sport en recreatie";"Grootteklasse";"50 tot 100 werkzame personen";"2007";"aantal";"125"
"R Cultuur, sport en recreatie";"Grootteklasse";"50 tot 100 werkzame personen";"2008";"aantal";"120"
"R Cultuur, sport en recreatie";"Grootteklasse";"50 tot 100 werkzame personen";"2009";"aantal";"155"
"R Cultuur, sport en recreatie";"Grootteklasse";"50 tot 100 werkzame personen";"2010";"aantal";"160"
"R Cultuur, sport en recreatie";"Grootteklasse";"100 werkzame personen of meer";"2006";"aantal";"100"
"R Cultuur, sport en recreatie";"Grootteklasse";"100 werkzame personen of meer";"2007";"aantal";"95"
"R Cultuur, sport en recreatie";"Grootteklasse";"100 werkzame personen of meer";"2008";"aantal";"90"
"R Cultuur, sport en recreatie";"Grootteklasse";"100 werkzame personen of meer";"2009";"aantal";"105"
"R Cultuur, sport en recreatie";"Grootteklasse";"100 werkzame personen of meer";"2010";"aantal";"105"
"S Overige dienstverlening";"Grootteklasse";"1 werkzame persoon";"2006";"aantal";"22815"
"S Overige dienstverlening";"Grootteklasse";"1 werkzame persoon";"2007";"aantal";"25520"
"S Overige dienstverlening";"Grootteklasse";"1 werkzame persoon";"2008";"aantal";"29245"
"S Overige dienstverlening";"Grootteklasse";"1 werkzame persoon";"2009";"aantal";"30440"
"S Overige dienstverlening";"Grootteklasse";"1 werkzame persoon";"2010";"aantal";"32340"
"S Overige dienstverlening";"Grootteklasse";"2 werkzame personen";"2006";"aantal";"6525"
"S Overige dienstverlening";"Grootteklasse";"2 werkzame personen";"2007";"aantal";"5255"
"S Overige dienstverlening";"Grootteklasse";"2 werkzame personen";"2008";"aantal";"5095"
"S Overige dienstverlening";"Grootteklasse";"2 werkzame personen";"2009";"aantal";"5100"
"S Overige dienstverlening";"Grootteklasse";"2 werkzame personen";"2010";"aantal";"5215"
"S Overige dienstverlening";"Grootteklasse";"3 tot 5 werkzame personen";"2006";"aantal";"3285"
"S Overige dienstverlening";"Grootteklasse";"3 tot 5 werkzame personen";"2007";"aantal";"3810"
"S Overige dienstverlening";"Grootteklasse";"3 tot 5 werkzame personen";"2008";"aantal";"3275"
"S Overige dienstverlening";"Grootteklasse";"3 tot 5 werkzame personen";"2009";"aantal";"3510"
"S Overige dienstverlening";"Grootteklasse";"3 tot 5 werkzame personen";"2010";"aantal";"3420"
"S Overige dienstverlening";"Grootteklasse";"5 tot 10 werkzame personen";"2006";"aantal";"2090"
"S Overige dienstverlening";"Grootteklasse";"5 tot 10 werkzame personen";"2007";"aantal";"2470"
"S Overige dienstverlening";"Grootteklasse";"5 tot 10 werkzame personen";"2008";"aantal";"1955"
"S Overige dienstverlening";"Grootteklasse";"5 tot 10 werkzame personen";"2009";"aantal";"2255"
"S Overige dienstverlening";"Grootteklasse";"5 tot 10 werkzame personen";"2010";"aantal";"2195"
"S Overige dienstverlening";"Grootteklasse";"10 tot 20 werkzame personen";"2006";"aantal";"775"
"S Overige dienstverlening";"Grootteklasse";"10 tot 20 werkzame personen";"2007";"aantal";"860"
"S Overige dienstverlening";"Grootteklasse";"10 tot 20 werkzame personen";"2008";"aantal";"730"
"S Overige dienstverlening";"Grootteklasse";"10 tot 20 werkzame personen";"2009";"aantal";"825"
"S Overige dienstverlening";"Grootteklasse";"10 tot 20 werkzame personen";"2010";"aantal";"810"
"S Overige dienstverlening";"Grootteklasse";"20 tot 50 werkzame personen";"2006";"aantal";"405"
"S Overige dienstverlening";"Grootteklasse";"20 tot 50 werkzame personen";"2007";"aantal";"440"
"S Overige dienstverlening";"Grootteklasse";"20 tot 50 werkzame personen";"2008";"aantal";"410"
"S Overige dienstverlening";"Grootteklasse";"20 tot 50 werkzame personen";"2009";"aantal";"450"
"S Overige dienstverlening";"Grootteklasse";"20 tot 50 werkzame personen";"2010";"aantal";"435"
"S Overige dienstverlening";"Grootteklasse";"50 tot 100 werkzame personen";"2006";"aantal";"145"
"S Overige dienstverlening";"Grootteklasse";"50 tot 100 werkzame personen";"2007";"aantal";"135"
"S Overige dienstverlening";"Grootteklasse";"50 tot 100 werkzame personen";"2008";"aantal";"145"
"S Overige dienstverlening";"Grootteklasse";"50 tot 100 werkzame personen";"2009";"aantal";"155"
"S Overige dienstverlening";"Grootteklasse";"50 tot 100 werkzame personen";"2010";"aantal";"150"
"S Overige dienstverlening";"Grootteklasse";"100 werkzame personen of meer";"2006";"aantal";"135"
"S Overige dienstverlening";"Grootteklasse";"100 werkzame personen of meer";"2007";"aantal";"140"
"S Overige dienstverlening";"Grootteklasse";"100 werkzame personen of meer";"2008";"aantal";"130"
"S Overige dienstverlening";"Grootteklasse";"100 werkzame personen of meer";"2009";"aantal";"145"
"S Overige dienstverlening";"Grootteklasse";"100 werkzame personen of meer";"2010";"aantal";"145"
