Regio,Misdrijf,Jaar,Aantal misdrijven,Misdrijven per 1000 inwoners,Opgehelderde misdrijven,Perc. opgehelderd
Nederland,Totaal,2005,1341950,82.3,339200,25.3
Nederland,Totaal,2006,1304325,79.9,332490,25.5
Nederland,Totaal,2007,1292820,79,323155,25
Nederland,Totaal,2008,1266165,77.2,309565,24.4
Nederland,Totaal,2009,1243285,75.4,305420,24.6
Nederland,Totaal,2010,1192640,72,302385,25.4
Nederland,Totaal,2011*,1192755,71.6,288845,24.2
Nederland,Vermogensmisdrijven,2005,791765,48.6,106480,13.4
Nederland,Vermogensmisdrijven,2006,746245,45.7,99045,13.3
Nederland,Vermogensmisdrijven,2007,722365,44.2,91325,12.6
Nederland,Vermogensmisdrijven,2008,717245,43.7,90580,12.6
Nederland,Vermogensmisdrijven,2009,721065,43.7,89840,12.5
Nederland,Vermogensmisdrijven,2010,703465,42.4,94385,13.4
Nederland,Vermogensmisdrijven,2011*,709995,42.6,91180,12.8
Nederland,Vernielingen/misdr.openb.orde,2005,229935,14.1,41135,17.9
Nederland,Vernielingen/misdr.openb.orde,2006,233790,14.3,41505,17.8
Nederland,Vernielingen/misdr.openb.orde,2007,241880,14.8,41425,17.1
Nederland,Vernielingen/misdr.openb.orde,2008,231795,14.1,38575,16.6
Nederland,Vernielingen/misdr.openb.orde,2009,213755,13,40270,18.8
Nederland,Vernielingen/misdr.openb.orde,2010,184310,11.1,39570,21.5
Nederland,Vernielingen/misdr.openb.orde,2011*,181475,10.9,36015,19.8
Nederland,Gewelds- en seksuele misdrijven,2005,122690,7.5,76460,62.3
Nederland,Gewelds- en seksuele misdrijven,2006,123680,7.6,77810,62.9
Nederland,Gewelds- en seksuele misdrijven,2007,125055,7.6,78650,62.9
Nederland,Gewelds- en seksuele misdrijven,2008,120035,7.3,74870,62.4
Nederland,Gewelds- en seksuele misdrijven,2009,117730,7.1,75330,64
Nederland,Gewelds- en seksuele misdrijven,2010,112695,6.8,73635,65.3
Nederland,Gewelds- en seksuele misdrijven,2011*,111355,6.7,70665,63.5
Groningen (PO),Totaal,2005,41650,72.4,11165,26.8
Groningen (PO),Totaal,2006,42050,73.3,12265,29.2
Groningen (PO),Totaal,2007,41360,72.1,12035,29.1
Groningen (PO),Totaal,2008,40915,71.4,11495,28.1
Groningen (PO),Totaal,2009,41205,71.8,12760,31
Groningen (PO),Totaal,2010,38065,66,12475,32.8
Groningen (PO),Totaal,2011*,36675,63.3,11410,31.1
Groningen (PO),Vermogensmisdrijven,2005,23890,41.5,4015,16.8
Groningen (PO),Vermogensmisdrijven,2006,23610,41.1,4455,18.9
Groningen (PO),Vermogensmisdrijven,2007,22165,38.6,4010,18.1
Groningen (PO),Vermogensmisdrijven,2008,21720,37.9,3810,17.5
Groningen (PO),Vermogensmisdrijven,2009,22435,39.1,4070,18.1
Groningen (PO),Vermogensmisdrijven,2010,21040,36.5,4090,19.4
Groningen (PO),Vermogensmisdrijven,2011*,20590,35.6,3870,18.8
Groningen (PO),Vernielingen/misdr.openb.orde,2005,8190,14.2,1500,18.3
Groningen (PO),Vernielingen/misdr.openb.orde,2006,8450,14.7,1775,21
Groningen (PO),Vernielingen/misdr.openb.orde,2007,8595,15,1710,19.9
Groningen (PO),Vernielingen/misdr.openb.orde,2008,8935,15.6,1660,18.6
Groningen (PO),Vernielingen/misdr.openb.orde,2009,8655,15.1,2245,26
Groningen (PO),Vernielingen/misdr.openb.orde,2010,6670,11.6,1795,26.9
Groningen (PO),Vernielingen/misdr.openb.orde,2011*,6510,11.2,1705,26.2
Groningen (PO),Gewelds- en seksuele misdrijven,2005,5160,9,2640,51.1
Groningen (PO),Gewelds- en seksuele misdrijven,2006,5335,9.3,2935,55
Groningen (PO),Gewelds- en seksuele misdrijven,2007,5660,9.9,3150,55.7
Groningen (PO),Gewelds- en seksuele misdrijven,2008,5360,9.3,2955,55.1
Groningen (PO),Gewelds- en seksuele misdrijven,2009,5095,8.9,3415,67.1
Groningen (PO),Gewelds- en seksuele misdrijven,2010,4870,8.4,3545,72.8
Groningen (PO),Gewelds- en seksuele misdrijven,2011*,4535,7.8,3150,69.4
Friesland (PO),Totaal,2005,34745,54,11565,33.3
Friesland (PO),Totaal,2006,33405,52,11205,33.5
Friesland (PO),Totaal,2007,34765,54.1,11370,32.7
Friesland (PO),Totaal,2008,34230,53.2,10865,31.7
Friesland (PO),Totaal,2009,31780,49.3,10760,33.9
Friesland (PO),Totaal,2010,31510,48.8,10270,32.6
Friesland (PO),Totaal,2011*,31500,48.7,9695,30.8
Friesland (PO),Vermogensmisdrijven,2005,18950,29.5,3710,19.6
Friesland (PO),Vermogensmisdrijven,2006,16970,26.4,3205,18.9
Friesland (PO),Vermogensmisdrijven,2007,17165,26.7,3310,19.3
Friesland (PO),Vermogensmisdrijven,2008,17285,26.9,3255,18.8
Friesland (PO),Vermogensmisdrijven,2009,15490,24,3000,19.4
Friesland (PO),Vermogensmisdrijven,2010,15490,24,3095,20
Friesland (PO),Vermogensmisdrijven,2011*,15480,23.9,2755,17.8
Friesland (PO),Vernielingen/misdr.openb.orde,2005,7360,11.4,1925,26.1
Friesland (PO),Vernielingen/misdr.openb.orde,2006,7755,12.1,1985,25.6
Friesland (PO),Vernielingen/misdr.openb.orde,2007,8720,13.6,2035,23.3
Friesland (PO),Vernielingen/misdr.openb.orde,2008,8065,12.5,1830,22.7
Friesland (PO),Vernielingen/misdr.openb.orde,2009,7325,11.4,1745,23.8
Friesland (PO),Vernielingen/misdr.openb.orde,2010,6590,10.2,1405,21.3
Friesland (PO),Vernielingen/misdr.openb.orde,2011*,6760,10.4,1505,22.3
Friesland (PO),Gewelds- en seksuele misdrijven,2005,3410,5.3,2685,78.8
Friesland (PO),Gewelds- en seksuele misdrijven,2006,3290,5.1,2600,78.9
Friesland (PO),Gewelds- en seksuele misdrijven,2007,3425,5.3,2690,78.6
Friesland (PO),Gewelds- en seksuele misdrijven,2008,3465,5.4,2735,78.9
Friesland (PO),Gewelds- en seksuele misdrijven,2009,3460,5.4,2760,79.8
Friesland (PO),Gewelds- en seksuele misdrijven,2010,3540,5.5,2605,73.6
Friesland (PO),Gewelds- en seksuele misdrijven,2011*,3615,5.6,2565,70.9
Drenthe (PO),Totaal,2005,28115,58.2,8225,29.3
Drenthe (PO),Totaal,2006,28505,58.8,8200,28.8
Drenthe (PO),Totaal,2007,28215,58,8085,28.7
Drenthe (PO),Totaal,2008,27365,56.1,7595,27.8
Drenthe (PO),Totaal,2009,28785,58.8,6405,22.2
Drenthe (PO),Totaal,2010,25895,52.7,6315,24.4
Drenthe (PO),Totaal,2011*,25875,52.7,6390,24.7
Drenthe (PO),Vermogensmisdrijven,2005,15085,31.2,2500,16.6
Drenthe (PO),Vermogensmisdrijven,2006,14645,30.2,2480,16.9
Drenthe (PO),Vermogensmisdrijven,2007,14215,29.2,2155,15.1
Drenthe (PO),Vermogensmisdrijven,2008,14120,28.9,2065,14.6
Drenthe (PO),Vermogensmisdrijven,2009,15790,32.2,1965,12.4
Drenthe (PO),Vermogensmisdrijven,2010,14030,28.6,1950,13.9
Drenthe (PO),Vermogensmisdrijven,2011*,14365,29.2,1995,13.9
Drenthe (PO),Vernielingen/misdr.openb.orde,2005,6375,13.2,1210,19
Drenthe (PO),Vernielingen/misdr.openb.orde,2006,6705,13.8,1140,17
Drenthe (PO),Vernielingen/misdr.openb.orde,2007,6455,13.3,1035,16
Drenthe (PO),Vernielingen/misdr.openb.orde,2008,5890,12.1,895,15.2
Drenthe (PO),Vernielingen/misdr.openb.orde,2009,5950,12.1,810,13.6
Drenthe (PO),Vernielingen/misdr.openb.orde,2010,4810,9.8,780,16.2
Drenthe (PO),Vernielingen/misdr.openb.orde,2011*,4780,9.7,815,17.1
Drenthe (PO),Gewelds- en seksuele misdrijven,2005,3435,7.1,2330,67.8
Drenthe (PO),Gewelds- en seksuele misdrijven,2006,3735,7.7,2530,67.7
Drenthe (PO),Gewelds- en seksuele misdrijven,2007,3805,7.8,2665,70.1
Drenthe (PO),Gewelds- en seksuele misdrijven,2008,3640,7.5,2435,66.8
Drenthe (PO),Gewelds- en seksuele misdrijven,2009,3485,7.1,1945,55.8
Drenthe (PO),Gewelds- en seksuele misdrijven,2010,3255,6.6,2035,62.5
Drenthe (PO),Gewelds- en seksuele misdrijven,2011*,3210,6.5,2075,64.6
IJsselland (PO),Totaal,2005,34370,69.8,8580,25
IJsselland (PO),Totaal,2006,32430,65.4,8575,26.4
IJsselland (PO),Totaal,2007,30615,61.5,8475,27.7
IJsselland (PO),Totaal,2008,30375,60.6,8310,27.4
IJsselland (PO),Totaal,2009,29095,57.7,7755,26.7
IJsselland (PO),Totaal,2010,27580,54.4,7700,27.9
IJsselland (PO),Totaal,2011*,27335,53.7,7365,26.9
IJsselland (PO),Vermogensmisdrijven,2005,19230,39,2700,14
IJsselland (PO),Vermogensmisdrijven,2006,17330,35,2665,15.4
IJsselland (PO),Vermogensmisdrijven,2007,15520,31.2,2445,15.7
IJsselland (PO),Vermogensmisdrijven,2008,15735,31.4,2375,15.1
IJsselland (PO),Vermogensmisdrijven,2009,15655,31.1,2255,14.4
IJsselland (PO),Vermogensmisdrijven,2010,15490,30.6,2475,16
IJsselland (PO),Vermogensmisdrijven,2011*,15065,29.6,2275,15.1
IJsselland (PO),Vernielingen/misdr.openb.orde,2005,6845,13.9,940,13.7
IJsselland (PO),Vernielingen/misdr.openb.orde,2006,6915,13.9,1045,15.1
IJsselland (PO),Vernielingen/misdr.openb.orde,2007,6820,13.7,1180,17.3
IJsselland (PO),Vernielingen/misdr.openb.orde,2008,6500,13,1060,16.3
IJsselland (PO),Vernielingen/misdr.openb.orde,2009,5850,11.6,1125,19.2
IJsselland (PO),Vernielingen/misdr.openb.orde,2010,4915,9.7,1125,22.9
IJsselland (PO),Vernielingen/misdr.openb.orde,2011*,5095,10,1020,20
IJsselland (PO),Gewelds- en seksuele misdrijven,2005,3310,6.7,2025,61.2
IJsselland (PO),Gewelds- en seksuele misdrijven,2006,3375,6.8,2190,64.9
IJsselland (PO),Gewelds- en seksuele misdrijven,2007,3460,6.9,2330,67.3
IJsselland (PO),Gewelds- en seksuele misdrijven,2008,3405,6.8,2440,71.6
IJsselland (PO),Gewelds- en seksuele misdrijven,2009,3275,6.5,2260,68.9
IJsselland (PO),Gewelds- en seksuele misdrijven,2010,2835,5.6,2000,70.6
IJsselland (PO),Gewelds- en seksuele misdrijven,2011*,2795,5.5,1975,70.6
Twente (PO),Totaal,2005,39420,63.9,9460,24
Twente (PO),Totaal,2006,37310,60.4,9485,25.4
Twente (PO),Totaal,2007,36990,59.8,8825,23.9
Twente (PO),Totaal,2008,36885,59.6,8900,24.1
Twente (PO),Totaal,2009,37285,60,9195,24.7
Twente (PO),Totaal,2010,35690,57.2,9005,25.2
Twente (PO),Totaal,2011*,36100,57.7,8585,23.8
Twente (PO),Vermogensmisdrijven,2005,22145,35.9,3010,13.6
Twente (PO),Vermogensmisdrijven,2006,20030,32.4,2970,14.8
Twente (PO),Vermogensmisdrijven,2007,19890,32.2,2440,12.3
Twente (PO),Vermogensmisdrijven,2008,19620,31.7,2440,12.4
Twente (PO),Vermogensmisdrijven,2009,21195,34.1,2740,12.9
Twente (PO),Vermogensmisdrijven,2010,20565,33,2760,13.4
Twente (PO),Vermogensmisdrijven,2011*,21060,33.7,2725,12.9
Twente (PO),Vernielingen/misdr.openb.orde,2005,7245,11.7,1005,13.9
Twente (PO),Vernielingen/misdr.openb.orde,2006,7170,11.6,1080,15.1
Twente (PO),Vernielingen/misdr.openb.orde,2007,7035,11.4,1145,16.3
Twente (PO),Vernielingen/misdr.openb.orde,2008,7305,11.8,1330,18.2
Twente (PO),Vernielingen/misdr.openb.orde,2009,6465,10.4,1245,19.3
Twente (PO),Vernielingen/misdr.openb.orde,2010,5760,9.2,1265,22
Twente (PO),Vernielingen/misdr.openb.orde,2011*,5585,8.9,1140,20.4
Twente (PO),Gewelds- en seksuele misdrijven,2005,3955,6.4,2030,51.4
Twente (PO),Gewelds- en seksuele misdrijven,2006,3940,6.4,1955,49.6
Twente (PO),Gewelds- en seksuele misdrijven,2007,3915,6.3,1990,50.8
Twente (PO),Gewelds- en seksuele misdrijven,2008,3780,6.1,1930,51
Twente (PO),Gewelds- en seksuele misdrijven,2009,3890,6.3,2345,60.3
Twente (PO),Gewelds- en seksuele misdrijven,2010,3690,5.9,2410,65.4
Twente (PO),Gewelds- en seksuele misdrijven,2011*,3700,5.9,2385,64.5
Noord- en Oost-Gelderland (PO),Totaal,2005,51080,63.2,12290,24.1
Noord- en Oost-Gelderland (PO),Totaal,2006,49705,61.5,11980,24.1
Noord- en Oost-Gelderland (PO),Totaal,2007,48400,60,11315,23.4
Noord- en Oost-Gelderland (PO),Totaal,2008,44740,55.5,10835,24.2
Noord- en Oost-Gelderland (PO),Totaal,2009,45625,56.4,10785,23.6
Noord- en Oost-Gelderland (PO),Totaal,2010,44755,55.3,11020,24.6
Noord- en Oost-Gelderland (PO),Totaal,2011*,43125,53.2,10335,24
Noord- en Oost-Gelderland (PO),Vermogensmisdrijven,2005,27205,33.7,3585,13.2
Noord- en Oost-Gelderland (PO),Vermogensmisdrijven,2006,26125,32.3,3335,12.8
Noord- en Oost-Gelderland (PO),Vermogensmisdrijven,2007,25145,31.2,3145,12.5
Noord- en Oost-Gelderland (PO),Vermogensmisdrijven,2008,22715,28.2,2975,13.1
Noord- en Oost-Gelderland (PO),Vermogensmisdrijven,2009,24955,30.9,2945,11.8
Noord- en Oost-Gelderland (PO),Vermogensmisdrijven,2010,25440,31.4,3255,12.8
Noord- en Oost-Gelderland (PO),Vermogensmisdrijven,2011*,25220,31.1,3200,12.7
Noord- en Oost-Gelderland (PO),Vernielingen/misdr.openb.orde,2005,10755,13.3,1515,14.1
Noord- en Oost-Gelderland (PO),Vernielingen/misdr.openb.orde,2006,10150,12.6,1430,14.1
Noord- en Oost-Gelderland (PO),Vernielingen/misdr.openb.orde,2007,10420,12.9,1415,13.6
Noord- en Oost-Gelderland (PO),Vernielingen/misdr.openb.orde,2008,10025,12.4,1460,14.6
Noord- en Oost-Gelderland (PO),Vernielingen/misdr.openb.orde,2009,9200,11.4,1570,17.1
Noord- en Oost-Gelderland (PO),Vernielingen/misdr.openb.orde,2010,7945,9.8,1555,19.6
Noord- en Oost-Gelderland (PO),Vernielingen/misdr.openb.orde,2011*,7165,8.8,1390,19.4
Noord- en Oost-Gelderland (PO),Gewelds- en seksuele misdrijven,2005,4650,5.8,2670,57.4
Noord- en Oost-Gelderland (PO),Gewelds- en seksuele misdrijven,2006,4940,6.1,2960,59.9
Noord- en Oost-Gelderland (PO),Gewelds- en seksuele misdrijven,2007,4975,6.2,2860,57.5
Noord- en Oost-Gelderland (PO),Gewelds- en seksuele misdrijven,2008,4495,5.6,2525,56.1
Noord- en Oost-Gelderland (PO),Gewelds- en seksuele misdrijven,2009,4485,5.5,2870,64
Noord- en Oost-Gelderland (PO),Gewelds- en seksuele misdrijven,2010,4240,5.2,2750,64.9
Noord- en Oost-Gelderland (PO),Gewelds- en seksuele misdrijven,2011*,4165,5.1,2715,65.2
Gelderland-Midden (PO),Totaal,2005,47770,74.7,12040,25.2
Gelderland-Midden (PO),Totaal,2006,46035,71.7,11335,24.6
Gelderland-Midden (PO),Totaal,2007,47345,73.4,11180,23.6
Gelderland-Midden (PO),Totaal,2008,46465,71.7,10165,21.9
Gelderland-Midden (PO),Totaal,2009,46405,71.1,10185,21.9
Gelderland-Midden (PO),Totaal,2010,45075,68.6,10115,22.4
Gelderland-Midden (PO),Totaal,2011*,43815,66.4,9635,22
Gelderland-Midden (PO),Vermogensmisdrijven,2005,26850,42,3395,12.6
Gelderland-Midden (PO),Vermogensmisdrijven,2006,25940,40.4,3250,12.5
Gelderland-Midden (PO),Vermogensmisdrijven,2007,26640,41.3,3190,12
Gelderland-Midden (PO),Vermogensmisdrijven,2008,26030,40.2,3115,12
Gelderland-Midden (PO),Vermogensmisdrijven,2009,27640,42.4,3125,11.3
Gelderland-Midden (PO),Vermogensmisdrijven,2010,27600,42,3250,11.8
Gelderland-Midden (PO),Vermogensmisdrijven,2011*,26810,40.7,3080,11.5
Gelderland-Midden (PO),Vernielingen/misdr.openb.orde,2005,8545,13.4,1485,17.4
Gelderland-Midden (PO),Vernielingen/misdr.openb.orde,2006,8560,13.3,1475,17.3
Gelderland-Midden (PO),Vernielingen/misdr.openb.orde,2007,8840,13.7,1530,17.3
Gelderland-Midden (PO),Vernielingen/misdr.openb.orde,2008,9140,14.1,1270,13.9
Gelderland-Midden (PO),Vernielingen/misdr.openb.orde,2009,8120,12.4,1340,16.5
Gelderland-Midden (PO),Vernielingen/misdr.openb.orde,2010,7260,11.1,1435,19.8
Gelderland-Midden (PO),Vernielingen/misdr.openb.orde,2011*,6815,10.3,1200,17.6
Gelderland-Midden (PO),Gewelds- en seksuele misdrijven,2005,5110,8,3160,61.8
Gelderland-Midden (PO),Gewelds- en seksuele misdrijven,2006,4805,7.5,2960,61.6
Gelderland-Midden (PO),Gewelds- en seksuele misdrijven,2007,4915,7.6,2900,59
Gelderland-Midden (PO),Gewelds- en seksuele misdrijven,2008,4630,7.1,2585,55.8
Gelderland-Midden (PO),Gewelds- en seksuele misdrijven,2009,4205,6.4,2575,61.2
Gelderland-Midden (PO),Gewelds- en seksuele misdrijven,2010,3770,5.7,2530,67
Gelderland-Midden (PO),Gewelds- en seksuele misdrijven,2011*,3860,5.9,2355,61
Gelderland-Zuid (PO),Totaal,2005,44285,84.4,10385,23.5
Gelderland-Zuid (PO),Totaal,2006,43030,81.8,10095,23.5
Gelderland-Zuid (PO),Totaal,2007,40365,76.5,9860,24.4
Gelderland-Zuid (PO),Totaal,2008,39550,74.8,9195,23.3
Gelderland-Zuid (PO),Totaal,2009,40110,75.7,9335,23.3
Gelderland-Zuid (PO),Totaal,2010,36750,69,8715,23.7
Gelderland-Zuid (PO),Totaal,2011*,37080,69.4,7915,21.3
Gelderland-Zuid (PO),Vermogensmisdrijven,2005,26535,50.6,3015,11.4
Gelderland-Zuid (PO),Vermogensmisdrijven,2006,25455,48.4,2815,11.1
Gelderland-Zuid (PO),Vermogensmisdrijven,2007,22800,43.2,2870,12.6
Gelderland-Zuid (PO),Vermogensmisdrijven,2008,22560,42.7,2620,11.6
Gelderland-Zuid (PO),Vermogensmisdrijven,2009,24015,45.3,2710,11.3
Gelderland-Zuid (PO),Vermogensmisdrijven,2010,22610,42.5,2630,11.6
Gelderland-Zuid (PO),Vermogensmisdrijven,2011*,23395,43.8,2225,9.5
Gelderland-Zuid (PO),Vernielingen/misdr.openb.orde,2005,7445,14.2,1340,18
Gelderland-Zuid (PO),Vernielingen/misdr.openb.orde,2006,7370,14,1285,17.5
Gelderland-Zuid (PO),Vernielingen/misdr.openb.orde,2007,7435,14.1,1290,17.3
Gelderland-Zuid (PO),Vernielingen/misdr.openb.orde,2008,7125,13.5,1155,16.2
Gelderland-Zuid (PO),Vernielingen/misdr.openb.orde,2009,6630,12.5,1165,17.6
Gelderland-Zuid (PO),Vernielingen/misdr.openb.orde,2010,5800,10.9,1175,20.2
Gelderland-Zuid (PO),Vernielingen/misdr.openb.orde,2011*,5480,10.3,1065,19.5
Gelderland-Zuid (PO),Gewelds- en seksuele misdrijven,2005,3750,7.2,2545,67.9
Gelderland-Zuid (PO),Gewelds- en seksuele misdrijven,2006,3765,7.2,2630,69.9
Gelderland-Zuid (PO),Gewelds- en seksuele misdrijven,2007,3695,7,2560,69.3
Gelderland-Zuid (PO),Gewelds- en seksuele misdrijven,2008,3575,6.8,2420,67.7
Gelderland-Zuid (PO),Gewelds- en seksuele misdrijven,2009,3435,6.5,2375,69.2
Gelderland-Zuid (PO),Gewelds- en seksuele misdrijven,2010,3115,5.9,2150,69
Gelderland-Zuid (PO),Gewelds- en seksuele misdrijven,2011*,3245,6.1,2100,64.8
Utrecht (PO),Totaal,2005,111490,95.2,23840,21.4
Utrecht (PO),Totaal,2006,110205,93.4,22730,20.6
Utrecht (PO),Totaal,2007,105145,88.3,21655,20.6
Utrecht (PO),Totaal,2008,102785,85.6,21990,21.4
Utrecht (PO),Totaal,2009,96595,79.8,21230,22
Utrecht (PO),Totaal,2010,89405,73.2,19785,22.1
Utrecht (PO),Totaal,2011*,85140,69.3,18530,21.8
Utrecht (PO),Vermogensmisdrijven,2005,70865,60.5,8460,11.9
Utrecht (PO),Vermogensmisdrijven,2006,70230,59.5,7910,11.3
Utrecht (PO),Vermogensmisdrijven,2007,64905,54.5,7310,11.3
Utrecht (PO),Vermogensmisdrijven,2008,63805,53.1,7570,11.9
Utrecht (PO),Vermogensmisdrijven,2009,59980,49.5,7090,11.8
Utrecht (PO),Vermogensmisdrijven,2010,57890,47.4,7120,12.3
Utrecht (PO),Vermogensmisdrijven,2011*,54645,44.5,6520,11.9
Utrecht (PO),Vernielingen/misdr.openb.orde,2005,18025,15.4,2715,15.1
Utrecht (PO),Vernielingen/misdr.openb.orde,2006,18200,15.4,2835,15.6
Utrecht (PO),Vernielingen/misdr.openb.orde,2007,18490,15.5,2680,14.5
Utrecht (PO),Vernielingen/misdr.openb.orde,2008,16745,13.9,2465,14.7
Utrecht (PO),Vernielingen/misdr.openb.orde,2009,14735,12.2,2430,16.5
Utrecht (PO),Vernielingen/misdr.openb.orde,2010,12885,10.6,2440,18.9
Utrecht (PO),Vernielingen/misdr.openb.orde,2011*,12060,9.8,2275,18.9
Utrecht (PO),Gewelds- en seksuele misdrijven,2005,8115,6.9,5180,63.8
Utrecht (PO),Gewelds- en seksuele misdrijven,2006,7625,6.5,4910,64.4
Utrecht (PO),Gewelds- en seksuele misdrijven,2007,7470,6.3,4625,61.9
Utrecht (PO),Gewelds- en seksuele misdrijven,2008,7715,6.4,4880,63.2
Utrecht (PO),Gewelds- en seksuele misdrijven,2009,7640,6.3,4725,61.9
Utrecht (PO),Gewelds- en seksuele misdrijven,2010,7010,5.7,4535,64.7
Utrecht (PO),Gewelds- en seksuele misdrijven,2011*,6760,5.5,4290,63.5
Noord-Holland-Noord (PO),Totaal,2005,49710,78.4,10550,21.2
Noord-Holland-Noord (PO),Totaal,2006,48185,75.8,9820,20.4
Noord-Holland-Noord (PO),Totaal,2007,47850,75.3,9520,19.9
Noord-Holland-Noord (PO),Totaal,2008,45365,71.3,9240,20.4
Noord-Holland-Noord (PO),Totaal,2009,45380,71,10330,22.8
Noord-Holland-Noord (PO),Totaal,2010,43365,67.5,10630,24.5
Noord-Holland-Noord (PO),Totaal,2011*,42055,65.3,9815,23.3
Noord-Holland-Noord (PO),Vermogensmisdrijven,2005,27160,42.9,2890,10.6
Noord-Holland-Noord (PO),Vermogensmisdrijven,2006,25645,40.4,2555,10
Noord-Holland-Noord (PO),Vermogensmisdrijven,2007,25145,39.6,2385,9.5
Noord-Holland-Noord (PO),Vermogensmisdrijven,2008,24030,37.7,2460,10.2
Noord-Holland-Noord (PO),Vermogensmisdrijven,2009,25540,40,2845,11.1
Noord-Holland-Noord (PO),Vermogensmisdrijven,2010,24360,37.9,3060,12.6
Noord-Holland-Noord (PO),Vermogensmisdrijven,2011*,23915,37.1,2910,12.2
Noord-Holland-Noord (PO),Vernielingen/misdr.openb.orde,2005,10670,16.8,1280,12
Noord-Holland-Noord (PO),Vernielingen/misdr.openb.orde,2006,10850,17.1,1220,11.3
Noord-Holland-Noord (PO),Vernielingen/misdr.openb.orde,2007,11055,17.4,1220,11
Noord-Holland-Noord (PO),Vernielingen/misdr.openb.orde,2008,10030,15.8,1090,10.9
Noord-Holland-Noord (PO),Vernielingen/misdr.openb.orde,2009,9175,14.4,1565,17
Noord-Holland-Noord (PO),Vernielingen/misdr.openb.orde,2010,8195,12.8,1485,18.1
Noord-Holland-Noord (PO),Vernielingen/misdr.openb.orde,2011*,7790,12.1,1330,17.1
Noord-Holland-Noord (PO),Gewelds- en seksuele misdrijven,2005,4970,7.8,2825,56.9
Noord-Holland-Noord (PO),Gewelds- en seksuele misdrijven,2006,4960,7.8,2715,54.7
Noord-Holland-Noord (PO),Gewelds- en seksuele misdrijven,2007,4790,7.5,2730,57
Noord-Holland-Noord (PO),Gewelds- en seksuele misdrijven,2008,4365,6.9,2455,56.2
Noord-Holland-Noord (PO),Gewelds- en seksuele misdrijven,2009,4270,6.7,2840,66.6
Noord-Holland-Noord (PO),Gewelds- en seksuele misdrijven,2010,3985,6.2,2680,67.2
Noord-Holland-Noord (PO),Gewelds- en seksuele misdrijven,2011*,3930,6.1,2525,64.3
Zaanstreek-Waterland (PO),Totaal,2005,20985,67.1,5885,28.1
Zaanstreek-Waterland (PO),Totaal,2006,20495,65.3,5710,27.9
Zaanstreek-Waterland (PO),Totaal,2007,19785,62.8,4845,24.5
Zaanstreek-Waterland (PO),Totaal,2008,18735,59.1,4575,24.4
Zaanstreek-Waterland (PO),Totaal,2009,19775,62.1,5145,26
Zaanstreek-Waterland (PO),Totaal,2010,19420,60.7,5135,26.4
Zaanstreek-Waterland (PO),Totaal,2011*,19840,61.6,5405,27.3
Zaanstreek-Waterland (PO),Vermogensmisdrijven,2005,10805,34.6,1655,15.3
Zaanstreek-Waterland (PO),Vermogensmisdrijven,2006,10255,32.7,1550,15.1
Zaanstreek-Waterland (PO),Vermogensmisdrijven,2007,9745,30.9,1500,15.4
Zaanstreek-Waterland (PO),Vermogensmisdrijven,2008,9060,28.6,1325,14.6
Zaanstreek-Waterland (PO),Vermogensmisdrijven,2009,10575,33.2,1530,14.5
Zaanstreek-Waterland (PO),Vermogensmisdrijven,2010,10500,32.8,1565,14.9
Zaanstreek-Waterland (PO),Vermogensmisdrijven,2011*,10920,33.9,1735,15.9
Zaanstreek-Waterland (PO),Vernielingen/misdr.openb.orde,2005,4340,13.9,645,14.9
Zaanstreek-Waterland (PO),Vernielingen/misdr.openb.orde,2006,4490,14.3,620,13.8
Zaanstreek-Waterland (PO),Vernielingen/misdr.openb.orde,2007,4480,14.2,555,12.4
Zaanstreek-Waterland (PO),Vernielingen/misdr.openb.orde,2008,4200,13.3,510,12.2
Zaanstreek-Waterland (PO),Vernielingen/misdr.openb.orde,2009,3775,11.9,620,16.4
Zaanstreek-Waterland (PO),Vernielingen/misdr.openb.orde,2010,3480,10.9,660,18.9
Zaanstreek-Waterland (PO),Vernielingen/misdr.openb.orde,2011*,3425,10.6,630,18.5
Zaanstreek-Waterland (PO),Gewelds- en seksuele misdrijven,2005,2325,7.4,1430,61.5
Zaanstreek-Waterland (PO),Gewelds- en seksuele misdrijven,2006,2340,7.4,1410,60.3
Zaanstreek-Waterland (PO),Gewelds- en seksuele misdrijven,2007,2340,7.4,1325,56.5
Zaanstreek-Waterland (PO),Gewelds- en seksuele misdrijven,2008,2345,7.4,1420,60.6
Zaanstreek-Waterland (PO),Gewelds- en seksuele misdrijven,2009,2330,7.3,1565,67.2
Zaanstreek-Waterland (PO),Gewelds- en seksuele misdrijven,2010,2385,7.4,1650,69.3
Zaanstreek-Waterland (PO),Gewelds- en seksuele misdrijven,2011*,2340,7.3,1655,70.6
Kennemerland (PO),Totaal,2005,42400,84.6,10935,25.8
Kennemerland (PO),Totaal,2006,42420,83.9,11530,27.2
Kennemerland (PO),Totaal,2007,41915,82.3,11270,26.9
Kennemerland (PO),Totaal,2008,39050,76,10065,25.8
Kennemerland (PO),Totaal,2009,40590,78.5,11055,27.2
Kennemerland (PO),Totaal,2010,41610,80,11585,27.8
Kennemerland (PO),Totaal,2011*,40685,77.8,11030,27.1
Kennemerland (PO),Vermogensmisdrijven,2005,22830,45.5,2680,11.7
Kennemerland (PO),Vermogensmisdrijven,2006,22120,43.7,2625,11.9
Kennemerland (PO),Vermogensmisdrijven,2007,21780,42.7,2615,12
Kennemerland (PO),Vermogensmisdrijven,2008,20745,40.4,2545,12.3
Kennemerland (PO),Vermogensmisdrijven,2009,22275,43.1,2720,12.2
Kennemerland (PO),Vermogensmisdrijven,2010,23840,45.8,3280,13.8
Kennemerland (PO),Vermogensmisdrijven,2011*,23615,45.1,3155,13.4
Kennemerland (PO),Vernielingen/misdr.openb.orde,2005,7380,14.7,1020,13.8
Kennemerland (PO),Vernielingen/misdr.openb.orde,2006,7355,14.5,1180,16
Kennemerland (PO),Vernielingen/misdr.openb.orde,2007,7415,14.5,1085,14.6
Kennemerland (PO),Vernielingen/misdr.openb.orde,2008,6850,13.3,955,14
Kennemerland (PO),Vernielingen/misdr.openb.orde,2009,6710,13,1225,18.3
Kennemerland (PO),Vernielingen/misdr.openb.orde,2010,6300,12.1,1320,20.9
Kennemerland (PO),Vernielingen/misdr.openb.orde,2011*,5965,11.4,1180,19.8
Kennemerland (PO),Gewelds- en seksuele misdrijven,2005,3495,7,1875,53.6
Kennemerland (PO),Gewelds- en seksuele misdrijven,2006,3615,7.1,1990,55.1
Kennemerland (PO),Gewelds- en seksuele misdrijven,2007,3760,7.4,2125,56.5
Kennemerland (PO),Gewelds- en seksuele misdrijven,2008,3280,6.4,1815,55.3
Kennemerland (PO),Gewelds- en seksuele misdrijven,2009,3445,6.7,2180,63.3
Kennemerland (PO),Gewelds- en seksuele misdrijven,2010,3175,6.1,2260,71.1
Kennemerland (PO),Gewelds- en seksuele misdrijven,2011*,2980,5.7,2085,69.9
Amsterdam-Amstelland (PO),Totaal,2005,118230,130,34445,29.1
Amsterdam-Amstelland (PO),Totaal,2006,117165,128.8,34355,29.3
Amsterdam-Amstelland (PO),Totaal,2007,114425,125.6,32805,28.7
Amsterdam-Amstelland (PO),Totaal,2008,111925,122.1,32230,28.8
Amsterdam-Amstelland (PO),Totaal,2009,110555,119.1,30800,27.9
Amsterdam-Amstelland (PO),Totaal,2010,109985,116.6,27835,25.3
Amsterdam-Amstelland (PO),Totaal,2011*,112225,117.1,27770,24.7
Amsterdam-Amstelland (PO),Vermogensmisdrijven,2005,83005,91.3,14840,17.9
Amsterdam-Amstelland (PO),Vermogensmisdrijven,2006,80855,88.9,13650,16.9
Amsterdam-Amstelland (PO),Vermogensmisdrijven,2007,76575,84.1,11405,14.9
Amsterdam-Amstelland (PO),Vermogensmisdrijven,2008,74700,81.5,11515,15.4
Amsterdam-Amstelland (PO),Vermogensmisdrijven,2009,75170,81,10985,14.6
Amsterdam-Amstelland (PO),Vermogensmisdrijven,2010,75990,80.6,10160,13.4
Amsterdam-Amstelland (PO),Vermogensmisdrijven,2011*,77755,81.2,10440,13.4
Amsterdam-Amstelland (PO),Vernielingen/misdr.openb.orde,2005,13730,15.1,4200,30.6
Amsterdam-Amstelland (PO),Vernielingen/misdr.openb.orde,2006,14190,15.6,4445,31.3
Amsterdam-Amstelland (PO),Vernielingen/misdr.openb.orde,2007,14505,15.9,4325,29.8
Amsterdam-Amstelland (PO),Vernielingen/misdr.openb.orde,2008,14160,15.4,4045,28.6
Amsterdam-Amstelland (PO),Vernielingen/misdr.openb.orde,2009,12155,13.1,3865,31.8
Amsterdam-Amstelland (PO),Vernielingen/misdr.openb.orde,2010,12085,12.8,4320,35.7
Amsterdam-Amstelland (PO),Vernielingen/misdr.openb.orde,2011*,11500,12,4055,35.3
Amsterdam-Amstelland (PO),Gewelds- en seksuele misdrijven,2005,9470,10.4,7180,75.8
Amsterdam-Amstelland (PO),Gewelds- en seksuele misdrijven,2006,9120,10,6920,75.9
Amsterdam-Amstelland (PO),Gewelds- en seksuele misdrijven,2007,10005,11,7415,74.1
Amsterdam-Amstelland (PO),Gewelds- en seksuele misdrijven,2008,9745,10.6,7170,73.6
Amsterdam-Amstelland (PO),Gewelds- en seksuele misdrijven,2009,10110,10.9,6805,67.3
Amsterdam-Amstelland (PO),Gewelds- en seksuele misdrijven,2010,10080,10.7,6425,63.7
Amsterdam-Amstelland (PO),Gewelds- en seksuele misdrijven,2011*,10240,10.7,6090,59.5
Gooi en Vechtstreek (PO),Totaal,2005,19305,79.6,4455,23.1
Gooi en Vechtstreek (PO),Totaal,2006,19265,79.7,4400,22.8
Gooi en Vechtstreek (PO),Totaal,2007,19705,81.4,4320,21.9
Gooi en Vechtstreek (PO),Totaal,2008,19635,81.1,3915,20
Gooi en Vechtstreek (PO),Totaal,2009,18000,73.9,3755,20.9
Gooi en Vechtstreek (PO),Totaal,2010,18365,75.4,3605,19.6
Gooi en Vechtstreek (PO),Totaal,2011*,17480,71.5,3525,20.2
Gooi en Vechtstreek (PO),Vermogensmisdrijven,2005,10690,44.1,1085,10.2
Gooi en Vechtstreek (PO),Vermogensmisdrijven,2006,10925,45.2,1085,9.9
Gooi en Vechtstreek (PO),Vermogensmisdrijven,2007,11200,46.3,965,8.6
Gooi en Vechtstreek (PO),Vermogensmisdrijven,2008,11490,47.5,945,8.2
Gooi en Vechtstreek (PO),Vermogensmisdrijven,2009,10975,45.1,1080,9.9
Gooi en Vechtstreek (PO),Vermogensmisdrijven,2010,11745,48.2,1010,8.6
Gooi en Vechtstreek (PO),Vermogensmisdrijven,2011*,10895,44.6,950,8.7
Gooi en Vechtstreek (PO),Vernielingen/misdr.openb.orde,2005,3440,14.2,350,10.2
Gooi en Vechtstreek (PO),Vernielingen/misdr.openb.orde,2006,3425,14.2,450,13.1
Gooi en Vechtstreek (PO),Vernielingen/misdr.openb.orde,2007,3535,14.6,435,12.3
Gooi en Vechtstreek (PO),Vernielingen/misdr.openb.orde,2008,3565,14.7,390,10.9
Gooi en Vechtstreek (PO),Vernielingen/misdr.openb.orde,2009,3135,12.9,465,14.8
Gooi en Vechtstreek (PO),Vernielingen/misdr.openb.orde,2010,2765,11.3,485,17.5
Gooi en Vechtstreek (PO),Vernielingen/misdr.openb.orde,2011*,2650,10.8,400,15.1
Gooi en Vechtstreek (PO),Gewelds- en seksuele misdrijven,2005,1610,6.6,905,56.3
Gooi en Vechtstreek (PO),Gewelds- en seksuele misdrijven,2006,1585,6.6,910,57.5
Gooi en Vechtstreek (PO),Gewelds- en seksuele misdrijven,2007,1560,6.5,985,63.2
Gooi en Vechtstreek (PO),Gewelds- en seksuele misdrijven,2008,1530,6.3,930,60.8
Gooi en Vechtstreek (PO),Gewelds- en seksuele misdrijven,2009,1485,6.1,900,60.8
Gooi en Vechtstreek (PO),Gewelds- en seksuele misdrijven,2010,1280,5.3,795,62.1
Gooi en Vechtstreek (PO),Gewelds- en seksuele misdrijven,2011*,1320,5.4,895,67.7
Haaglanden (PO),Totaal,2005,86720,88.1,23720,27.4
Haaglanden (PO),Totaal,2006,81205,81.9,24050,29.6
Haaglanden (PO),Totaal,2007,83425,84.1,23070,27.7
Haaglanden (PO),Totaal,2008,85670,85.9,23075,26.9
Haaglanden (PO),Totaal,2009,82370,81.8,16850,20.5
Haaglanden (PO),Totaal,2010,96150,94.5,27755,28.9
Haaglanden (PO),Totaal,2011*,94825,92.4,26420,27.9
Haaglanden (PO),Vermogensmisdrijven,2005,53860,54.7,7160,13.3
Haaglanden (PO),Vermogensmisdrijven,2006,47655,48.1,6845,14.4
Haaglanden (PO),Vermogensmisdrijven,2007,50155,50.6,6370,12.7
Haaglanden (PO),Vermogensmisdrijven,2008,53010,53.2,6790,12.8
Haaglanden (PO),Vermogensmisdrijven,2009,50800,50.4,4800,9.4
Haaglanden (PO),Vermogensmisdrijven,2010,56260,55.3,9255,16.5
Haaglanden (PO),Vermogensmisdrijven,2011*,56285,54.8,8780,15.6
Haaglanden (PO),Vernielingen/misdr.openb.orde,2005,12305,12.5,2530,20.5
Haaglanden (PO),Vernielingen/misdr.openb.orde,2006,12780,12.9,2525,19.8
Haaglanden (PO),Vernielingen/misdr.openb.orde,2007,13520,13.6,2420,17.9
Haaglanden (PO),Vernielingen/misdr.openb.orde,2008,13140,13.2,2270,17.3
Haaglanden (PO),Vernielingen/misdr.openb.orde,2009,12045,12,1675,13.9
Haaglanden (PO),Vernielingen/misdr.openb.orde,2010,13345,13.1,3305,24.8
Haaglanden (PO),Vernielingen/misdr.openb.orde,2011*,12685,12.4,2930,23.1
Haaglanden (PO),Gewelds- en seksuele misdrijven,2005,7190,7.3,5020,69.8
Haaglanden (PO),Gewelds- en seksuele misdrijven,2006,6900,7,4985,72.3
Haaglanden (PO),Gewelds- en seksuele misdrijven,2007,7235,7.3,5095,70.4
Haaglanden (PO),Gewelds- en seksuele misdrijven,2008,7295,7.3,5000,68.5
Haaglanden (PO),Gewelds- en seksuele misdrijven,2009,7495,7.4,3840,51.2
Haaglanden (PO),Gewelds- en seksuele misdrijven,2010,8955,8.8,5745,64.2
Haaglanden (PO),Gewelds- en seksuele misdrijven,2011*,8540,8.3,5550,65
Hollands Midden (PO),Totaal,2005,55285,73.1,12385,22.4
Hollands Midden (PO),Totaal,2006,54220,71.7,12470,23
Hollands Midden (PO),Totaal,2007,54920,72.7,12500,22.8
Hollands Midden (PO),Totaal,2008,52930,70,11195,21.2
Hollands Midden (PO),Totaal,2009,50900,67.1,11625,22.8
Hollands Midden (PO),Totaal,2010,47080,61.9,11635,24.7
Hollands Midden (PO),Totaal,2011*,47525,62.2,11380,23.9
Hollands Midden (PO),Vermogensmisdrijven,2005,32895,43.5,3385,10.3
Hollands Midden (PO),Vermogensmisdrijven,2006,29620,39.1,3285,11.1
Hollands Midden (PO),Vermogensmisdrijven,2007,28585,37.8,2995,10.5
Hollands Midden (PO),Vermogensmisdrijven,2008,28560,37.7,2980,10.4
Hollands Midden (PO),Vermogensmisdrijven,2009,28825,38,3425,11.9
Hollands Midden (PO),Vermogensmisdrijven,2010,27365,36,3540,12.9
Hollands Midden (PO),Vermogensmisdrijven,2011*,28100,36.8,3455,12.3
Hollands Midden (PO),Vernielingen/misdr.openb.orde,2005,10840,14.3,1435,13.2
Hollands Midden (PO),Vernielingen/misdr.openb.orde,2006,10610,14,1570,14.8
Hollands Midden (PO),Vernielingen/misdr.openb.orde,2007,11690,15.5,1785,15.3
Hollands Midden (PO),Vernielingen/misdr.openb.orde,2008,10585,14,1370,12.9
Hollands Midden (PO),Vernielingen/misdr.openb.orde,2009,9515,12.5,1670,17.6
Hollands Midden (PO),Vernielingen/misdr.openb.orde,2010,8345,11,1765,21.1
Hollands Midden (PO),Vernielingen/misdr.openb.orde,2011*,7745,10.1,1470,19
Hollands Midden (PO),Gewelds- en seksuele misdrijven,2005,5130,6.8,2985,58.2
Hollands Midden (PO),Gewelds- en seksuele misdrijven,2006,5415,7.2,3355,62
Hollands Midden (PO),Gewelds- en seksuele misdrijven,2007,5675,7.5,3390,59.7
Hollands Midden (PO),Gewelds- en seksuele misdrijven,2008,5210,6.9,2985,57.2
Hollands Midden (PO),Gewelds- en seksuele misdrijven,2009,4865,6.4,3105,63.9
Hollands Midden (PO),Gewelds- en seksuele misdrijven,2010,4460,5.9,3070,68.8
Hollands Midden (PO),Gewelds- en seksuele misdrijven,2011*,4195,5.5,2900,69.1
Rotterdam-Rijnmond (PO),Totaal,2005,130290,105.1,34755,26.7
Rotterdam-Rijnmond (PO),Totaal,2006,124785,101.1,32490,26
Rotterdam-Rijnmond (PO),Totaal,2007,122140,99.3,32340,26.5
Rotterdam-Rijnmond (PO),Totaal,2008,124095,100.8,30880,24.9
Rotterdam-Rijnmond (PO),Totaal,2009,120550,97.4,28980,24
Rotterdam-Rijnmond (PO),Totaal,2010,107005,85.7,27235,25.5
Rotterdam-Rijnmond (PO),Totaal,2011*,113735,90.5,29000,25.5
Rotterdam-Rijnmond (PO),Vermogensmisdrijven,2005,75530,60.9,11305,15
Rotterdam-Rijnmond (PO),Vermogensmisdrijven,2006,69480,56.3,9300,13.4
Rotterdam-Rijnmond (PO),Vermogensmisdrijven,2007,64795,52.7,8225,12.7
Rotterdam-Rijnmond (PO),Vermogensmisdrijven,2008,68340,55.5,8340,12.2
Rotterdam-Rijnmond (PO),Vermogensmisdrijven,2009,65875,53.2,8030,12.2
Rotterdam-Rijnmond (PO),Vermogensmisdrijven,2010,61995,49.7,8065,13
Rotterdam-Rijnmond (PO),Vermogensmisdrijven,2011*,63605,50.6,8610,13.5
Rotterdam-Rijnmond (PO),Vernielingen/misdr.openb.orde,2005,19745,15.9,4515,22.9
Rotterdam-Rijnmond (PO),Vernielingen/misdr.openb.orde,2006,20525,16.6,4105,20
Rotterdam-Rijnmond (PO),Vernielingen/misdr.openb.orde,2007,22060,17.9,4370,19.8
Rotterdam-Rijnmond (PO),Vernielingen/misdr.openb.orde,2008,21090,17.1,3935,18.7
Rotterdam-Rijnmond (PO),Vernielingen/misdr.openb.orde,2009,20845,16.8,3420,16.4
Rotterdam-Rijnmond (PO),Vernielingen/misdr.openb.orde,2010,12265,9.8,2875,23.4
Rotterdam-Rijnmond (PO),Vernielingen/misdr.openb.orde,2011*,16430,13.1,2885,17.6
Rotterdam-Rijnmond (PO),Gewelds- en seksuele misdrijven,2005,12445,10,7300,58.7
Rotterdam-Rijnmond (PO),Gewelds- en seksuele misdrijven,2006,12425,10.1,7640,61.5
Rotterdam-Rijnmond (PO),Gewelds- en seksuele misdrijven,2007,12265,10,7840,63.9
Rotterdam-Rijnmond (PO),Gewelds- en seksuele misdrijven,2008,12110,9.8,7350,60.7
Rotterdam-Rijnmond (PO),Gewelds- en seksuele misdrijven,2009,11675,9.4,6475,55.5
Rotterdam-Rijnmond (PO),Gewelds- en seksuele misdrijven,2010,11020,8.8,6205,56.3
Rotterdam-Rijnmond (PO),Gewelds- en seksuele misdrijven,2011*,11280,9,6645,58.9
Zuid-Holland-Zuid (PO),Totaal,2005,30195,63.3,9495,31.4
Zuid-Holland-Zuid (PO),Totaal,2006,29815,62.5,9045,30.3
Zuid-Holland-Zuid (PO),Totaal,2007,29705,62.3,8850,29.8
Zuid-Holland-Zuid (PO),Totaal,2008,28370,59.5,8135,28.7
Zuid-Holland-Zuid (PO),Totaal,2009,27465,57.4,7410,27
Zuid-Holland-Zuid (PO),Totaal,2010,25995,54.2,7970,30.7
Zuid-Holland-Zuid (PO),Totaal,2011*,27430,57,7785,28.4
Zuid-Holland-Zuid (PO),Vermogensmisdrijven,2005,15350,32.2,2685,17.5
Zuid-Holland-Zuid (PO),Vermogensmisdrijven,2006,14300,30,2490,17.4
Zuid-Holland-Zuid (PO),Vermogensmisdrijven,2007,13800,28.9,2340,16.9
Zuid-Holland-Zuid (PO),Vermogensmisdrijven,2008,13325,28,2325,17.5
Zuid-Holland-Zuid (PO),Vermogensmisdrijven,2009,13650,28.6,2175,15.9
Zuid-Holland-Zuid (PO),Vermogensmisdrijven,2010,12845,26.8,2210,17.2
Zuid-Holland-Zuid (PO),Vermogensmisdrijven,2011*,13765,28.6,2270,16.5
Zuid-Holland-Zuid (PO),Vernielingen/misdr.openb.orde,2005,6050,12.7,1190,19.7
Zuid-Holland-Zuid (PO),Vernielingen/misdr.openb.orde,2006,6625,13.9,1165,17.6
Zuid-Holland-Zuid (PO),Vernielingen/misdr.openb.orde,2007,6875,14.4,1200,17.4
Zuid-Holland-Zuid (PO),Vernielingen/misdr.openb.orde,2008,6635,13.9,945,14.2
Zuid-Holland-Zuid (PO),Vernielingen/misdr.openb.orde,2009,5770,12.1,975,16.9
Zuid-Holland-Zuid (PO),Vernielingen/misdr.openb.orde,2010,5030,10.5,1020,20.3
Zuid-Holland-Zuid (PO),Vernielingen/misdr.openb.orde,2011*,5145,10.7,1050,20.4
Zuid-Holland-Zuid (PO),Gewelds- en seksuele misdrijven,2005,3025,6.3,2170,71.7
Zuid-Holland-Zuid (PO),Gewelds- en seksuele misdrijven,2006,3235,6.8,2190,67.7
Zuid-Holland-Zuid (PO),Gewelds- en seksuele misdrijven,2007,3085,6.5,2005,65
Zuid-Holland-Zuid (PO),Gewelds- en seksuele misdrijven,2008,2840,6,1860,65.5
Zuid-Holland-Zuid (PO),Gewelds- en seksuele misdrijven,2009,2685,5.6,1695,63.1
Zuid-Holland-Zuid (PO),Gewelds- en seksuele misdrijven,2010,2670,5.6,1900,71.2
Zuid-Holland-Zuid (PO),Gewelds- en seksuele misdrijven,2011*,2755,5.7,1855,67.3
Zeeland (PO),Totaal,2005,22810,60,8250,36.2
Zeeland (PO),Totaal,2006,22315,58.7,7200,32.3
Zeeland (PO),Totaal,2007,23665,62.2,7775,32.9
Zeeland (PO),Totaal,2008,23830,62.6,6785,28.5
Zeeland (PO),Totaal,2009,23780,62.4,7560,31.8
Zeeland (PO),Totaal,2010,22340,58.6,6490,29.1
Zeeland (PO),Totaal,2011*,22120,58,6460,29.2
Zeeland (PO),Vermogensmisdrijven,2005,10940,28.8,1835,16.8
Zeeland (PO),Vermogensmisdrijven,2006,10335,27.2,1470,14.2
Zeeland (PO),Vermogensmisdrijven,2007,10965,28.8,1760,16
Zeeland (PO),Vermogensmisdrijven,2008,11305,29.7,1500,13.3
Zeeland (PO),Vermogensmisdrijven,2009,11105,29.1,1615,14.5
Zeeland (PO),Vermogensmisdrijven,2010,11315,29.7,1595,14.1
Zeeland (PO),Vermogensmisdrijven,2011*,11255,29.5,1610,14.3
Zeeland (PO),Vernielingen/misdr.openb.orde,2005,4630,12.2,1020,22
Zeeland (PO),Vernielingen/misdr.openb.orde,2006,5010,13.2,905,18.1
Zeeland (PO),Vernielingen/misdr.openb.orde,2007,5020,13.2,955,19.1
Zeeland (PO),Vernielingen/misdr.openb.orde,2008,5345,14,850,15.9
Zeeland (PO),Vernielingen/misdr.openb.orde,2009,5285,13.9,1060,20
Zeeland (PO),Vernielingen/misdr.openb.orde,2010,4430,11.6,800,18.1
Zeeland (PO),Vernielingen/misdr.openb.orde,2011*,4335,11.4,775,17.9
Zeeland (PO),Gewelds- en seksuele misdrijven,2005,2530,6.7,1825,72.1
Zeeland (PO),Gewelds- en seksuele misdrijven,2006,2390,6.3,1520,63.7
Zeeland (PO),Gewelds- en seksuele misdrijven,2007,2580,6.8,1760,68.3
Zeeland (PO),Gewelds- en seksuele misdrijven,2008,2550,6.7,1620,63.5
Zeeland (PO),Gewelds- en seksuele misdrijven,2009,2545,6.7,1790,70.4
Zeeland (PO),Gewelds- en seksuele misdrijven,2010,2295,6,1635,71.3
Zeeland (PO),Gewelds- en seksuele misdrijven,2011*,2515,6.6,1790,71.2
Midden- en West-Brabant (PO),Totaal,2005,91795,86.8,24170,26.3
Midden- en West-Brabant (PO),Totaal,2006,87950,83,23225,26.4
Midden- en West-Brabant (PO),Totaal,2007,89130,84,21335,23.9
Midden- en West-Brabant (PO),Totaal,2008,85355,80.2,19980,23.4
Midden- en West-Brabant (PO),Totaal,2009,86995,81.4,20180,23.2
Midden- en West-Brabant (PO),Totaal,2010,79140,73.8,18285,23.1
Midden- en West-Brabant (PO),Totaal,2011*,77705,72.2,15140,19.5
Midden- en West-Brabant (PO),Vermogensmisdrijven,2005,53490,50.6,6735,12.6
Midden- en West-Brabant (PO),Vermogensmisdrijven,2006,48465,45.7,5740,11.8
Midden- en West-Brabant (PO),Vermogensmisdrijven,2007,48700,45.9,5320,10.9
Midden- en West-Brabant (PO),Vermogensmisdrijven,2008,46320,43.5,5065,10.9
Midden- en West-Brabant (PO),Vermogensmisdrijven,2009,49690,46.5,5580,11.2
Midden- en West-Brabant (PO),Vermogensmisdrijven,2010,45465,42.4,5400,11.9
Midden- en West-Brabant (PO),Vermogensmisdrijven,2011*,45545,42.3,4465,9.8
Midden- en West-Brabant (PO),Vernielingen/misdr.openb.orde,2005,15515,14.7,2525,16.3
Midden- en West-Brabant (PO),Vernielingen/misdr.openb.orde,2006,16080,15.2,2515,15.6
Midden- en West-Brabant (PO),Vernielingen/misdr.openb.orde,2007,16770,15.8,2565,15.3
Midden- en West-Brabant (PO),Vernielingen/misdr.openb.orde,2008,16055,15.1,2425,15.1
Midden- en West-Brabant (PO),Vernielingen/misdr.openb.orde,2009,14770,13.8,2615,17.7
Midden- en West-Brabant (PO),Vernielingen/misdr.openb.orde,2010,12220,11.4,2345,19.2
Midden- en West-Brabant (PO),Vernielingen/misdr.openb.orde,2011*,11955,11.1,1840,15.4
Midden- en West-Brabant (PO),Gewelds- en seksuele misdrijven,2005,8645,8.2,5200,60.1
Midden- en West-Brabant (PO),Gewelds- en seksuele misdrijven,2006,9060,8.5,5405,59.7
Midden- en West-Brabant (PO),Gewelds- en seksuele misdrijven,2007,8845,8.3,5170,58.4
Midden- en West-Brabant (PO),Gewelds- en seksuele misdrijven,2008,8380,7.9,4780,57
Midden- en West-Brabant (PO),Gewelds- en seksuele misdrijven,2009,8005,7.5,5110,63.8
Midden- en West-Brabant (PO),Gewelds- en seksuele misdrijven,2010,7315,6.8,4555,62.2
Midden- en West-Brabant (PO),Gewelds- en seksuele misdrijven,2011*,7105,6.6,3800,53.5
Brabant-Noord (PO),Totaal,2005,50745,80.9,10945,21.6
Brabant-Noord (PO),Totaal,2006,46650,74.2,10850,23.3
Brabant-Noord (PO),Totaal,2007,46710,74.2,10610,22.7
Brabant-Noord (PO),Totaal,2008,43980,69.7,9990,22.7
Brabant-Noord (PO),Totaal,2009,43530,68.7,10410,23.9
Brabant-Noord (PO),Totaal,2010,42005,65.9,9235,22
Brabant-Noord (PO),Totaal,2011*,40490,63.3,8195,20.2
Brabant-Noord (PO),Vermogensmisdrijven,2005,31295,49.9,3060,9.8
Brabant-Noord (PO),Vermogensmisdrijven,2006,26380,42,2755,10.5
Brabant-Noord (PO),Vermogensmisdrijven,2007,26620,42.3,2680,10.1
Brabant-Noord (PO),Vermogensmisdrijven,2008,25045,39.7,2575,10.3
Brabant-Noord (PO),Vermogensmisdrijven,2009,25620,40.4,2855,11.1
Brabant-Noord (PO),Vermogensmisdrijven,2010,25150,39.5,2640,10.5
Brabant-Noord (PO),Vermogensmisdrijven,2011*,24865,38.9,2505,10.1
Brabant-Noord (PO),Vernielingen/misdr.openb.orde,2005,8400,13.4,1490,17.7
Brabant-Noord (PO),Vernielingen/misdr.openb.orde,2006,8855,14.1,1580,17.9
Brabant-Noord (PO),Vernielingen/misdr.openb.orde,2007,8585,13.6,1340,15.6
Brabant-Noord (PO),Vernielingen/misdr.openb.orde,2008,8380,13.3,1400,16.7
Brabant-Noord (PO),Vernielingen/misdr.openb.orde,2009,7490,11.8,1495,19.9
Brabant-Noord (PO),Vernielingen/misdr.openb.orde,2010,6805,10.7,1235,18.2
Brabant-Noord (PO),Vernielingen/misdr.openb.orde,2011*,6170,9.6,980,15.8
Brabant-Noord (PO),Gewelds- en seksuele misdrijven,2005,4060,6.5,2575,63.5
Brabant-Noord (PO),Gewelds- en seksuele misdrijven,2006,4325,6.9,2790,64.6
Brabant-Noord (PO),Gewelds- en seksuele misdrijven,2007,4300,6.8,2765,64.2
Brabant-Noord (PO),Gewelds- en seksuele misdrijven,2008,3855,6.1,2615,67.8
Brabant-Noord (PO),Gewelds- en seksuele misdrijven,2009,4000,6.3,2800,70
Brabant-Noord (PO),Gewelds- en seksuele misdrijven,2010,3715,5.8,2460,66.1
Brabant-Noord (PO),Gewelds- en seksuele misdrijven,2011*,3340,5.2,2085,62.4
Brabant-Zuidoost (PO),Totaal,2005,62520,86.1,11885,19
Brabant-Zuidoost (PO),Totaal,2006,62195,85.5,12640,20.3
Brabant-Zuidoost (PO),Totaal,2007,61155,84,11975,19.6
Brabant-Zuidoost (PO),Totaal,2008,61945,84.9,11690,18.9
Brabant-Zuidoost (PO),Totaal,2009,60455,82.5,14600,24.2
Brabant-Zuidoost (PO),Totaal,2010,54240,73.8,12775,23.6
Brabant-Zuidoost (PO),Totaal,2011*,54680,74,12035,22
Brabant-Zuidoost (PO),Vermogensmisdrijven,2005,38435,52.9,3775,9.8
Brabant-Zuidoost (PO),Vermogensmisdrijven,2006,37225,51.2,3990,10.7
Brabant-Zuidoost (PO),Vermogensmisdrijven,2007,35630,48.9,3700,10.4
Brabant-Zuidoost (PO),Vermogensmisdrijven,2008,37265,51.1,3600,9.7
Brabant-Zuidoost (PO),Vermogensmisdrijven,2009,36510,49.8,4350,11.9
Brabant-Zuidoost (PO),Vermogensmisdrijven,2010,32915,44.8,4015,12.2
Brabant-Zuidoost (PO),Vermogensmisdrijven,2011*,33535,45.4,3680,11
Brabant-Zuidoost (PO),Vernielingen/misdr.openb.orde,2005,9775,13.5,1395,14.3
Brabant-Zuidoost (PO),Vernielingen/misdr.openb.orde,2006,9760,13.4,1330,13.6
Brabant-Zuidoost (PO),Vernielingen/misdr.openb.orde,2007,10085,13.9,1205,11.9
Brabant-Zuidoost (PO),Vernielingen/misdr.openb.orde,2008,9885,13.5,1400,14.2
Brabant-Zuidoost (PO),Vernielingen/misdr.openb.orde,2009,9825,13.4,2130,21.7
Brabant-Zuidoost (PO),Vernielingen/misdr.openb.orde,2010,7995,10.9,1505,18.8
Brabant-Zuidoost (PO),Vernielingen/misdr.openb.orde,2011*,7625,10.3,1415,18.6
Brabant-Zuidoost (PO),Gewelds- en seksuele misdrijven,2005,5650,7.8,2845,50.3
Brabant-Zuidoost (PO),Gewelds- en seksuele misdrijven,2006,6140,8.4,3080,50.2
Brabant-Zuidoost (PO),Gewelds- en seksuele misdrijven,2007,5965,8.2,3095,51.9
Brabant-Zuidoost (PO),Gewelds- en seksuele misdrijven,2008,5655,7.8,2935,51.9
Brabant-Zuidoost (PO),Gewelds- en seksuele misdrijven,2009,5405,7.4,3590,66.4
Brabant-Zuidoost (PO),Gewelds- en seksuele misdrijven,2010,4850,6.6,3140,64.8
Brabant-Zuidoost (PO),Gewelds- en seksuele misdrijven,2011*,4895,6.6,3090,63.1
Limburg-Noord (PO),Totaal,2005,42200,82.3,8280,19.6
Limburg-Noord (PO),Totaal,2006,40965,79.9,7790,19
Limburg-Noord (PO),Totaal,2007,39285,76.6,7790,19.8
Limburg-Noord (PO),Totaal,2008,36820,71.8,7280,19.8
Limburg-Noord (PO),Totaal,2009,34960,68.1,8430,24.1
Limburg-Noord (PO),Totaal,2010,34225,66.5,8610,25.2
Limburg-Noord (PO),Totaal,2011*,33260,64.5,7405,22.3
Limburg-Noord (PO),Vermogensmisdrijven,2005,25100,48.9,2460,9.8
Limburg-Noord (PO),Vermogensmisdrijven,2006,24380,47.6,2235,9.2
Limburg-Noord (PO),Vermogensmisdrijven,2007,21985,42.9,1950,8.9
Limburg-Noord (PO),Vermogensmisdrijven,2008,21285,41.5,1950,9.2
Limburg-Noord (PO),Vermogensmisdrijven,2009,20255,39.4,2245,11.1
Limburg-Noord (PO),Vermogensmisdrijven,2010,19225,37.3,2385,12.4
Limburg-Noord (PO),Vermogensmisdrijven,2011*,20040,38.9,2230,11.1
Limburg-Noord (PO),Vernielingen/misdr.openb.orde,2005,6435,12.5,845,13.1
Limburg-Noord (PO),Vernielingen/misdr.openb.orde,2006,6005,11.7,800,13.3
Limburg-Noord (PO),Vernielingen/misdr.openb.orde,2007,6245,12.2,885,14.1
Limburg-Noord (PO),Vernielingen/misdr.openb.orde,2008,5620,11,835,14.9
Limburg-Noord (PO),Vernielingen/misdr.openb.orde,2009,5690,11.1,1175,20.7
Limburg-Noord (PO),Vernielingen/misdr.openb.orde,2010,5520,10.7,1115,20.2
Limburg-Noord (PO),Vernielingen/misdr.openb.orde,2011*,4570,8.9,880,19.3
Limburg-Noord (PO),Gewelds- en seksuele misdrijven,2005,4035,7.9,1860,46.1
Limburg-Noord (PO),Gewelds- en seksuele misdrijven,2006,3960,7.7,1885,47.6
Limburg-Noord (PO),Gewelds- en seksuele misdrijven,2007,3895,7.6,1815,46.6
Limburg-Noord (PO),Gewelds- en seksuele misdrijven,2008,3500,6.8,1765,50.4
Limburg-Noord (PO),Gewelds- en seksuele misdrijven,2009,3430,6.7,2305,67.2
Limburg-Noord (PO),Gewelds- en seksuele misdrijven,2010,3230,6.3,2095,64.8
Limburg-Noord (PO),Gewelds- en seksuele misdrijven,2011*,3020,5.9,1855,61.4
Limburg-Zuid (PO),Totaal,2005,56500,90.6,13780,24.4
Limburg-Zuid (PO),Totaal,2006,53925,87.1,13180,24.4
Limburg-Zuid (PO),Totaal,2007,55145,89.7,13215,24
Limburg-Zuid (PO),Totaal,2008,55415,90.7,13055,23.6
Limburg-Zuid (PO),Totaal,2009,54830,90,12700,23.2
Limburg-Zuid (PO),Totaal,2010,50780,83.5,11300,22.3
Limburg-Zuid (PO),Totaal,2011*,52655,86.7,9875,18.8
Limburg-Zuid (PO),Vermogensmisdrijven,2005,33860,54.3,3865,11.4
Limburg-Zuid (PO),Vermogensmisdrijven,2006,31575,51,3770,11.9
Limburg-Zuid (PO),Vermogensmisdrijven,2007,31600,51.4,3550,11.2
Limburg-Zuid (PO),Vermogensmisdrijven,2008,33215,54.4,3880,11.7
Limburg-Zuid (PO),Vermogensmisdrijven,2009,33135,54.4,3530,10.6
Limburg-Zuid (PO),Vermogensmisdrijven,2010,29980,49.3,3355,11.2
Limburg-Zuid (PO),Vermogensmisdrijven,2011*,32980,54.3,3200,9.7
Limburg-Zuid (PO),Vernielingen/misdr.openb.orde,2005,8985,14.4,1895,21.1
Limburg-Zuid (PO),Vernielingen/misdr.openb.orde,2006,9110,14.7,1770,19.4
Limburg-Zuid (PO),Vernielingen/misdr.openb.orde,2007,9990,16.3,1855,18.6
Limburg-Zuid (PO),Vernielingen/misdr.openb.orde,2008,9660,15.8,1850,19.2
Limburg-Zuid (PO),Vernielingen/misdr.openb.orde,2009,9025,14.8,1655,18.3
Limburg-Zuid (PO),Vernielingen/misdr.openb.orde,2010,7930,13,1470,18.6
Limburg-Zuid (PO),Vernielingen/misdr.openb.orde,2011*,7450,12.3,1135,15.2
Limburg-Zuid (PO),Gewelds- en seksuele misdrijven,2005,4640,7.4,3270,70.5
Limburg-Zuid (PO),Gewelds- en seksuele misdrijven,2006,4680,7.6,3275,69.9
Limburg-Zuid (PO),Gewelds- en seksuele misdrijven,2007,4735,7.7,3340,70.5
Limburg-Zuid (PO),Gewelds- en seksuele misdrijven,2008,4445,7.3,3150,70.8
Limburg-Zuid (PO),Gewelds- en seksuele misdrijven,2009,4505,7.4,3175,70.4
Limburg-Zuid (PO),Gewelds- en seksuele misdrijven,2010,4545,7.5,2815,61.9
Limburg-Zuid (PO),Gewelds- en seksuele misdrijven,2011*,4385,7.2,2530,57.7
Flevoland (PO),Totaal,2005,28000,76.5,7470,26.7
Flevoland (PO),Totaal,2006,28580,77.1,7615,26.6
Flevoland (PO),Totaal,2007,29420,78.6,7975,27.1
Flevoland (PO),Totaal,2008,28705,75.8,7975,27.8
Flevoland (PO),Totaal,2009,25510,66.5,7030,27.6
Flevoland (PO),Totaal,2010,25420,65.5,6710,26.4
Flevoland (PO),Totaal,2011*,25735,65.7,6545,25.4
Flevoland (PO),Vermogensmisdrijven,2005,14820,40.5,2640,17.8
Flevoland (PO),Vermogensmisdrijven,2006,15525,41.9,2580,16.6
Flevoland (PO),Vermogensmisdrijven,2007,15700,41.9,2680,17.1
Flevoland (PO),Vermogensmisdrijven,2008,15155,40,2535,16.7
Flevoland (PO),Vermogensmisdrijven,2009,13355,34.8,2175,16.3
Flevoland (PO),Vermogensmisdrijven,2010,13855,35.7,2215,16
Flevoland (PO),Vermogensmisdrijven,2011*,14525,37.1,2195,15.1
Flevoland (PO),Vernielingen/misdr.openb.orde,2005,6790,18.6,1140,16.8
Flevoland (PO),Vernielingen/misdr.openb.orde,2006,6765,18.3,1240,18.3
Flevoland (PO),Vernielingen/misdr.openb.orde,2007,7165,19.1,1180,16.4
Flevoland (PO),Vernielingen/misdr.openb.orde,2008,6810,18,1155,17
Flevoland (PO),Vernielingen/misdr.openb.orde,2009,5585,14.6,975,17.4
Flevoland (PO),Vernielingen/misdr.openb.orde,2010,4915,12.7,865,17.6
Flevoland (PO),Vernielingen/misdr.openb.orde,2011*,4865,12.4,850,17.5
Flevoland (PO),Gewelds- en seksuele misdrijven,2005,2515,6.9,1905,75.7
Flevoland (PO),Gewelds- en seksuele misdrijven,2006,2670,7.2,2035,76.2
Flevoland (PO),Gewelds- en seksuele misdrijven,2007,2650,7.1,2010,75.8
Flevoland (PO),Gewelds- en seksuele misdrijven,2008,2815,7.4,2105,74.7
Flevoland (PO),Gewelds- en seksuele misdrijven,2009,2480,6.5,1860,75.1
Flevoland (PO),Gewelds- en seksuele misdrijven,2010,2360,6.1,1630,69.1
Flevoland (PO),Gewelds- en seksuele misdrijven,2011*,2385,6.1,1550,64.9
Niet in te delen (PO),Totaal,2005,1340,,230,17.3
Niet in te delen (PO),Totaal,2006,1510,,245,16.3
Niet in te delen (PO),Totaal,2007,1230,,155,12.8
Niet in te delen (PO),Totaal,2008,1025,,140,13.5
Niet in te delen (PO),Totaal,2009,765,,140,18.3
Niet in te delen (PO),Totaal,2010,800,,190,23.9
Niet in te delen (PO),Totaal,2011*,3675,,1200,32.7
Niet in te delen (PO),Vermogensmisdrijven,2005,950,,30,3.3
Niet in te delen (PO),Vermogensmisdrijven,2006,1170,,50,4.3
Niet in te delen (PO),Vermogensmisdrijven,2007,940,,15,1.6
Niet in te delen (PO),Vermogensmisdrijven,2008,815,,20,2.5
Niet in te delen (PO),Vermogensmisdrijven,2009,565,,5,1.1
Niet in te delen (PO),Vermogensmisdrijven,2010,500,,15,2.6
Niet in te delen (PO),Vermogensmisdrijven,2011*,1760,,340,19.4
Niet in te delen (PO),Vernielingen/misdr.openb.orde,2005,110,,20,18.5
Niet in te delen (PO),Vernielingen/misdr.openb.orde,2006,80,,20,24.4
Niet in te delen (PO),Vernielingen/misdr.openb.orde,2007,85,,25,28.2
Niet in te delen (PO),Vernielingen/misdr.openb.orde,2008,50,,20,36.5
Niet in te delen (PO),Vernielingen/misdr.openb.orde,2009,25,,15,48.1
Niet in te delen (PO),Vernielingen/misdr.openb.orde,2010,50,,25,50
Niet in te delen (PO),Vernielingen/misdr.openb.orde,2011*,925,,85,9.3
Niet in te delen (PO),Gewelds- en seksuele misdrijven,2005,55,,30,50
Niet in te delen (PO),Gewelds- en seksuele misdrijven,2006,60,,30,50.8
Niet in te delen (PO),Gewelds- en seksuele misdrijven,2007,40,,15,43.6
Niet in te delen (PO),Gewelds- en seksuele misdrijven,2008,35,,15,38.9
Niet in te delen (PO),Gewelds- en seksuele misdrijven,2009,35,,15,40
Niet in te delen (PO),Gewelds- en seksuele misdrijven,2010,40,,20,42.9
Niet in te delen (PO),Gewelds- en seksuele misdrijven,2011*,240,,155,65.1
