Sector,Jaar,BrutoToegevoegdeWaardeBasisprijzen,BrutoToegevoegdeWaardeBasisprijzenIndex
A-U Alle economische activiteiten,1988,215786,68.9
A-U Alle economische activiteiten,1989,234610,69.9
A-U Alle economische activiteiten,1990,245851,70.9
A-U Alle economische activiteiten,1991,260010,73.2
A-U Alle economische activiteiten,1992,265760,75
A-U Alle economische activiteiten,1993,266048,76.1
A-U Alle economische activiteiten,1994,280144,77.5
A-U Alle economische activiteiten,1995,297148,78.4
A-U Alle economische activiteiten,1996,318880,79.3
A-U Alle economische activiteiten,1997,343089,81.2
A-U Alle economische activiteiten,1998,359950,82.7
A-U Alle economische activiteiten,1999,383982,84.1
A-U Alle economische activiteiten,2000,431491,87.7
A-U Alle economische activiteiten,2001,454339,91.6
A-U Alle economische activiteiten,2002,454777,95.3
A-U Alle economische activiteiten,2003,456992,97.4
A-U Alle economische activiteiten,2004,475757,97.8
A-U Alle economische activiteiten,2005,504611,100
A-U Alle economische activiteiten,2006,541566,101.6
A-U Alle economische activiteiten,2007,576620,103.6
A-U Alle economische activiteiten,2008,619889,105.6
A-U Alle economische activiteiten,2009,584289,105.6
A-U Alle economische activiteiten,2010,614047,106.8
A-U Alle economische activiteiten,2011,646934,108.2
01 Landbouw,1988,10340,132.5
01 Landbouw,1989,10834,143.9
01 Landbouw,1990,10411,135.1
01 Landbouw,1991,10917,135.3
01 Landbouw,1992,10886,126.8
01 Landbouw,1993,10549,110.6
01 Landbouw,1994,10593,115.1
01 Landbouw,1995,10593,114.7
01 Landbouw,1996,11098,115.5
01 Landbouw,1997,11180,120.7
01 Landbouw,1998,11134,115.6
01 Landbouw,1999,11350,103
01 Landbouw,2000,11874,108.3
01 Landbouw,2001,12413,117.1
01 Landbouw,2002,12624,111.1
01 Landbouw,2003,12309,110.2
01 Landbouw,2004,12837,97.4
01 Landbouw,2005,13114,100
01 Landbouw,2006,14081,112.3
01 Landbouw,2007,15219,107.5
01 Landbouw,2008,16985,95.6
01 Landbouw,2009,16291,81.5
01 Landbouw,2010,16916,97.6
01 Landbouw,2011,18114,89.3
02 Bosbouw,1988,34,176.9
02 Bosbouw,1989,38,146.6
02 Bosbouw,1990,40,160.8
02 Bosbouw,1991,41,160.8
02 Bosbouw,1992,41,126.9
02 Bosbouw,1993,41,106.9
02 Bosbouw,1994,40,109.6
02 Bosbouw,1995,41,84.3
02 Bosbouw,1996,46,67.9
02 Bosbouw,1997,50,67.9
02 Bosbouw,1998,54,67.9
02 Bosbouw,1999,65,69.8
02 Bosbouw,2000,70,88.8
02 Bosbouw,2001,70,95.1
02 Bosbouw,2002,75,95.1
02 Bosbouw,2003,76,102.3
02 Bosbouw,2004,79,104.3
02 Bosbouw,2005,84,100
02 Bosbouw,2006,93,93.9
02 Bosbouw,2007,94,95.9
02 Bosbouw,2008,99,92.4
02 Bosbouw,2009,98,92.4
02 Bosbouw,2010,103,86.7
02 Bosbouw,2011,96,85.2
03 Visserij,1988,188,121
03 Visserij,1989,196,123.5
03 Visserij,1990,192,119.7
03 Visserij,1991,194,121.6
03 Visserij,1992,188,121.1
03 Visserij,1993,186,124.2
03 Visserij,1994,194,104.6
03 Visserij,1995,191,111.7
03 Visserij,1996,195,110.5
03 Visserij,1997,194,123.5
03 Visserij,1998,195,129.2
03 Visserij,1999,216,129.6
03 Visserij,2000,245,127.2
03 Visserij,2001,247,135
03 Visserij,2002,225,140.4
03 Visserij,2003,237,134.7
03 Visserij,2004,245,111.8
03 Visserij,2005,277,100
03 Visserij,2006,284,111.1
03 Visserij,2007,317,95.8
03 Visserij,2008,353,76.8
03 Visserij,2009,281,79.1
03 Visserij,2010,330,69.9
03 Visserij,2011,340,73.9
B Delfstoffenwinning,1988,1415,47.8
B Delfstoffenwinning,1989,1525,48.8
B Delfstoffenwinning,1990,1673,55.8
B Delfstoffenwinning,1991,2015,61.1
B Delfstoffenwinning,1992,1957,53.8
B Delfstoffenwinning,1993,2065,50
B Delfstoffenwinning,1994,2193,48.7
B Delfstoffenwinning,1995,2303,51
B Delfstoffenwinning,1996,2568,53.1
B Delfstoffenwinning,1997,2725,58.3
B Delfstoffenwinning,1998,2829,52
B Delfstoffenwinning,1999,2743,45.4
B Delfstoffenwinning,2000,3070,68.7
B Delfstoffenwinning,2001,3495,78.5
B Delfstoffenwinning,2002,3461,70.3
B Delfstoffenwinning,2003,3392,75.7
B Delfstoffenwinning,2004,3498,74
B Delfstoffenwinning,2005,4709,100
B Delfstoffenwinning,2006,5183,130.4
B Delfstoffenwinning,2007,5079,128.4
B Delfstoffenwinning,2008,5587,163.5
B Delfstoffenwinning,2009,5437,124.5
B Delfstoffenwinning,2010,5730,120.8
B Delfstoffenwinning,2011,5790,151.1
10-12 Voedings-  genotmiddelenindustrie,1988,26845,80.2
10-12 Voedings-  genotmiddelenindustrie,1989,28659,78.4
10-12 Voedings-  genotmiddelenindustrie,1990,28078,82
10-12 Voedings-  genotmiddelenindustrie,1991,29287,81.3
10-12 Voedings-  genotmiddelenindustrie,1992,30008,84.1
10-12 Voedings-  genotmiddelenindustrie,1993,29424,86.8
10-12 Voedings-  genotmiddelenindustrie,1994,30270,82.1
10-12 Voedings-  genotmiddelenindustrie,1995,31236,83.6
10-12 Voedings-  genotmiddelenindustrie,1996,32409,83.2
10-12 Voedings-  genotmiddelenindustrie,1997,34080,84.5
10-12 Voedings-  genotmiddelenindustrie,1998,34389,85.8
10-12 Voedings-  genotmiddelenindustrie,1999,33398,89.5
10-12 Voedings-  genotmiddelenindustrie,2000,35232,88.8
10-12 Voedings-  genotmiddelenindustrie,2001,36535,93.5
10-12 Voedings-  genotmiddelenindustrie,2002,35462,97.4
10-12 Voedings-  genotmiddelenindustrie,2003,35377,101.4
10-12 Voedings-  genotmiddelenindustrie,2004,36100,101
10-12 Voedings-  genotmiddelenindustrie,2005,36350,100
10-12 Voedings-  genotmiddelenindustrie,2006,38115,99.7
10-12 Voedings-  genotmiddelenindustrie,2007,42663,104.5
10-12 Voedings-  genotmiddelenindustrie,2008,46763,105
10-12 Voedings-  genotmiddelenindustrie,2009,42743,109.1
10-12 Voedings-  genotmiddelenindustrie,2010,46687,108.3
10-12 Voedings-  genotmiddelenindustrie,2011,52574,113.2
13-15 Textiel-  kleding-  lederindustrie,1988,2557,100.7
13-15 Textiel-  kleding-  lederindustrie,1989,2790,101.4
13-15 Textiel-  kleding-  lederindustrie,1990,2944,104.2
13-15 Textiel-  kleding-  lederindustrie,1991,2934,105.2
13-15 Textiel-  kleding-  lederindustrie,1992,2788,106.5
13-15 Textiel-  kleding-  lederindustrie,1993,2752,106.2
13-15 Textiel-  kleding-  lederindustrie,1994,2872,104.2
13-15 Textiel-  kleding-  lederindustrie,1995,2870,105.4
13-15 Textiel-  kleding-  lederindustrie,1996,2837,101.1
13-15 Textiel-  kleding-  lederindustrie,1997,2909,99.7
13-15 Textiel-  kleding-  lederindustrie,1998,3004,102.1
13-15 Textiel-  kleding-  lederindustrie,1999,2968,102.7
13-15 Textiel-  kleding-  lederindustrie,2000,3140,99.2
13-15 Textiel-  kleding-  lederindustrie,2001,3062,95
13-15 Textiel-  kleding-  lederindustrie,2002,2948,98.4
13-15 Textiel-  kleding-  lederindustrie,2003,2798,100.5
13-15 Textiel-  kleding-  lederindustrie,2004,2689,100.2
13-15 Textiel-  kleding-  lederindustrie,2005,2671,100
13-15 Textiel-  kleding-  lederindustrie,2006,2729,99.6
13-15 Textiel-  kleding-  lederindustrie,2007,2864,100.3
13-15 Textiel-  kleding-  lederindustrie,2008,2702,99.5
13-15 Textiel-  kleding-  lederindustrie,2009,2395,105
13-15 Textiel-  kleding-  lederindustrie,2010,2640,102.7
13-15 Textiel-  kleding-  lederindustrie,2011,2856,101.8
16 Houtindustrie,1988,1017,56.7
16 Houtindustrie,1989,1101,58.5
16 Houtindustrie,1990,1122,60.8
16 Houtindustrie,1991,1102,62.3
16 Houtindustrie,1992,1119,65.3
16 Houtindustrie,1993,1137,67.8
16 Houtindustrie,1994,1191,67.9
16 Houtindustrie,1995,1253,71
16 Houtindustrie,1996,1300,71.5
16 Houtindustrie,1997,1387,72.1
16 Houtindustrie,1998,1495,72.4
16 Houtindustrie,1999,1503,74.5
16 Houtindustrie,2000,1571,82.5
16 Houtindustrie,2001,1568,90.6
16 Houtindustrie,2002,1569,95.9
16 Houtindustrie,2003,1483,100.8
16 Houtindustrie,2004,1511,100.1
16 Houtindustrie,2005,1595,100
16 Houtindustrie,2006,1762,101.1
16 Houtindustrie,2007,1947,112.2
16 Houtindustrie,2008,1904,118.6
16 Houtindustrie,2009,1620,117.6
16 Houtindustrie,2010,1609,108.2
16 Houtindustrie,2011,1718,107.3
17 Papierindustrie,1988,2482,100.7
17 Papierindustrie,1989,2725,102.8
17 Papierindustrie,1990,2812,107.4
17 Papierindustrie,1991,2740,115
17 Papierindustrie,1992,2660,110.9
17 Papierindustrie,1993,2554,102.6
17 Papierindustrie,1994,2821,97
17 Papierindustrie,1995,3304,103.8
17 Papierindustrie,1996,3101,107.8
17 Papierindustrie,1997,3320,100.6
17 Papierindustrie,1998,3393,105
17 Papierindustrie,1999,3464,102.5
17 Papierindustrie,2000,3978,107.2
17 Papierindustrie,2001,3910,118.5
17 Papierindustrie,2002,3805,116.1
17 Papierindustrie,2003,3801,110.6
17 Papierindustrie,2004,3915,106.1
17 Papierindustrie,2005,4007,100
17 Papierindustrie,2006,4270,96.6
17 Papierindustrie,2007,4380,103.4
17 Papierindustrie,2008,4271,97.4
17 Papierindustrie,2009,3654,96.1
17 Papierindustrie,2010,3950,104
17 Papierindustrie,2011,4181,109.7
18 Grafische industrie,1988,2434,87.7
18 Grafische industrie,1989,2622,88.5
18 Grafische industrie,1990,2769,93
18 Grafische industrie,1991,2908,95.8
18 Grafische industrie,1992,2827,99
18 Grafische industrie,1993,2645,101.7
18 Grafische industrie,1994,2723,98.9
18 Grafische industrie,1995,2965,99.4
18 Grafische industrie,1996,3096,102.4
18 Grafische industrie,1997,3131,96.8
18 Grafische industrie,1998,3313,97.3
18 Grafische industrie,1999,3392,98.7
18 Grafische industrie,2000,3594,99
18 Grafische industrie,2001,3714,100.8
18 Grafische industrie,2002,3589,101.1
18 Grafische industrie,2003,3412,98.8
18 Grafische industrie,2004,3301,99.6
18 Grafische industrie,2005,3303,100
18 Grafische industrie,2006,3339,99
18 Grafische industrie,2007,3557,97.8
18 Grafische industrie,2008,3450,96.5
18 Grafische industrie,2009,3213,95.3
18 Grafische industrie,2010,3253,90.6
18 Grafische industrie,2011,3409,88.1
19 Aardolie-industrie,1988,6134,16.1
19 Aardolie-industrie,1989,7767,19.1
19 Aardolie-industrie,1990,8122,20.4
19 Aardolie-industrie,1991,7915,32
19 Aardolie-industrie,1992,7510,24.8
19 Aardolie-industrie,1993,7176,27.4
19 Aardolie-industrie,1994,6957,26.5
19 Aardolie-industrie,1995,7402,17.5
19 Aardolie-industrie,1996,9043,20.1
19 Aardolie-industrie,1997,9506,32.7
19 Aardolie-industrie,1998,7058,56
19 Aardolie-industrie,1999,9189,30.5
19 Aardolie-industrie,2000,16145,45.1
19 Aardolie-industrie,2001,14590,66
19 Aardolie-industrie,2002,13234,48.4
19 Aardolie-industrie,2003,13266,61.4
19 Aardolie-industrie,2004,15889,72.9
19 Aardolie-industrie,2005,21116,100
19 Aardolie-industrie,2006,25201,73.9
19 Aardolie-industrie,2007,27222,70.6
19 Aardolie-industrie,2008,34038,81.5
19 Aardolie-industrie,2009,24250,62.8
19 Aardolie-industrie,2010,32712,70.2
19 Aardolie-industrie,2011,40875,85.1
20 Chemische industrie,1988,12013,113.7
20 Chemische industrie,1989,13168,111.4
20 Chemische industrie,1990,13571,101.9
20 Chemische industrie,1991,13528,95.3
20 Chemische industrie,1992,12915,91.1
20 Chemische industrie,1993,12449,93.6
20 Chemische industrie,1994,13400,101.1
20 Chemische industrie,1995,14990,114.7
20 Chemische industrie,1996,15508,106.9
20 Chemische industrie,1997,17278,110.7
20 Chemische industrie,1998,16480,104.7
20 Chemische industrie,1999,17263,96.8
20 Chemische industrie,2000,22773,101.9
20 Chemische industrie,2001,22763,95.9
20 Chemische industrie,2002,22131,94.6
20 Chemische industrie,2003,22683,95.5
20 Chemische industrie,2004,26399,97.5
20 Chemische industrie,2005,30161,100
20 Chemische industrie,2006,33811,101.1
20 Chemische industrie,2007,35887,102.2
20 Chemische industrie,2008,36798,104.8
20 Chemische industrie,2009,30413,77.6
20 Chemische industrie,2010,37911,99.1
20 Chemische industrie,2011,42647,113.7
21 Farmaceutische industrie,1988,1682,138
21 Farmaceutische industrie,1989,1847,131.6
21 Farmaceutische industrie,1990,1903,136.1
21 Farmaceutische industrie,1991,2063,133.1
21 Farmaceutische industrie,1992,2137,140.5
21 Farmaceutische industrie,1993,2225,142.5
21 Farmaceutische industrie,1994,2331,146.2
21 Farmaceutische industrie,1995,2488,145.7
21 Farmaceutische industrie,1996,2748,144.2
21 Farmaceutische industrie,1997,2916,145.6
21 Farmaceutische industrie,1998,3138,147.4
21 Farmaceutische industrie,1999,3423,140.6
21 Farmaceutische industrie,2000,3857,132.1
21 Farmaceutische industrie,2001,4037,125.8
21 Farmaceutische industrie,2002,4361,124.4
21 Farmaceutische industrie,2003,4486,115.5
21 Farmaceutische industrie,2004,4551,111.7
21 Farmaceutische industrie,2005,4661,100
21 Farmaceutische industrie,2006,4904,87.3
21 Farmaceutische industrie,2007,5248,79
21 Farmaceutische industrie,2008,4880,105.6
21 Farmaceutische industrie,2009,4453,115.4
21 Farmaceutische industrie,2010,4902,102.5
21 Farmaceutische industrie,2011,5439,94.7
22 Rubber- en kunststofproductindustrie,1988,2281,99.3
22 Rubber- en kunststofproductindustrie,1989,2538,99.8
22 Rubber- en kunststofproductindustrie,1990,2664,101.9
22 Rubber- en kunststofproductindustrie,1991,2727,105.7
22 Rubber- en kunststofproductindustrie,1992,2670,108.6
22 Rubber- en kunststofproductindustrie,1993,2525,104.2
22 Rubber- en kunststofproductindustrie,1994,2716,100.5
22 Rubber- en kunststofproductindustrie,1995,2979,102.7
22 Rubber- en kunststofproductindustrie,1996,2890,107.8
22 Rubber- en kunststofproductindustrie,1997,3198,102.4
22 Rubber- en kunststofproductindustrie,1998,3383,105.1
22 Rubber- en kunststofproductindustrie,1999,3462,106.3
22 Rubber- en kunststofproductindustrie,2000,3864,101.4
22 Rubber- en kunststofproductindustrie,2001,3952,103.8
22 Rubber- en kunststofproductindustrie,2002,4023,105
22 Rubber- en kunststofproductindustrie,2003,4051,109.3
22 Rubber- en kunststofproductindustrie,2004,4205,102.3
22 Rubber- en kunststofproductindustrie,2005,4598,100
22 Rubber- en kunststofproductindustrie,2006,4985,96.8
22 Rubber- en kunststofproductindustrie,2007,5302,94.1
22 Rubber- en kunststofproductindustrie,2008,5372,93.7
22 Rubber- en kunststofproductindustrie,2009,4348,110.5
22 Rubber- en kunststofproductindustrie,2010,4995,96.9
22 Rubber- en kunststofproductindustrie,2011,5531,94.4
23 Bouwmaterialenindustrie,1988,2242,77.5
23 Bouwmaterialenindustrie,1989,2397,80.1
23 Bouwmaterialenindustrie,1990,2582,82.7
23 Bouwmaterialenindustrie,1991,2616,86.4
23 Bouwmaterialenindustrie,1992,2589,90.1
23 Bouwmaterialenindustrie,1993,2533,94.4
23 Bouwmaterialenindustrie,1994,2690,96.3
23 Bouwmaterialenindustrie,1995,2769,98
23 Bouwmaterialenindustrie,1996,2938,97.1
23 Bouwmaterialenindustrie,1997,3164,97.4
23 Bouwmaterialenindustrie,1998,3339,99.1
23 Bouwmaterialenindustrie,1999,3539,100.3
23 Bouwmaterialenindustrie,2000,3784,102.3
23 Bouwmaterialenindustrie,2001,3879,106.8
23 Bouwmaterialenindustrie,2002,3727,111.1
23 Bouwmaterialenindustrie,2003,3602,110.2
23 Bouwmaterialenindustrie,2004,3601,103.3
23 Bouwmaterialenindustrie,2005,3720,100
23 Bouwmaterialenindustrie,2006,4114,103.7
23 Bouwmaterialenindustrie,2007,4452,112.3
23 Bouwmaterialenindustrie,2008,4734,115.1
23 Bouwmaterialenindustrie,2009,3910,131.3
23 Bouwmaterialenindustrie,2010,3668,128.7
23 Bouwmaterialenindustrie,2011,4005,125.6
24 Basismetaalindustrie,1988,2764,93.2
24 Basismetaalindustrie,1989,3243,105.2
24 Basismetaalindustrie,1990,3098,93.2
24 Basismetaalindustrie,1991,2966,87.4
24 Basismetaalindustrie,1992,2867,79.9
24 Basismetaalindustrie,1993,2699,80.1
24 Basismetaalindustrie,1994,2996,82.8
24 Basismetaalindustrie,1995,3387,92.9
24 Basismetaalindustrie,1996,3258,80.6
24 Basismetaalindustrie,1997,3759,80.5
24 Basismetaalindustrie,1998,3994,81.1
24 Basismetaalindustrie,1999,3826,70.8
24 Basismetaalindustrie,2000,4286,92.6
24 Basismetaalindustrie,2001,4284,74.6
24 Basismetaalindustrie,2002,4094,71.9
24 Basismetaalindustrie,2003,4017,77.8
24 Basismetaalindustrie,2004,4736,89.8
24 Basismetaalindustrie,2005,5043,100
24 Basismetaalindustrie,2006,5995,101.3
24 Basismetaalindustrie,2007,6605,98.7
24 Basismetaalindustrie,2008,6971,77.9
24 Basismetaalindustrie,2009,4827,62.6
24 Basismetaalindustrie,2010,6680,60.7
24 Basismetaalindustrie,2011,7209,62.6
25 Metaalproductenindustrie,1988,5057,81.8
25 Metaalproductenindustrie,1989,5636,83.3
25 Metaalproductenindustrie,1990,6173,86.6
25 Metaalproductenindustrie,1991,6360,89.5
25 Metaalproductenindustrie,1992,6246,91.5
25 Metaalproductenindustrie,1993,5795,91.9
25 Metaalproductenindustrie,1994,6204,87.9
25 Metaalproductenindustrie,1995,6684,88.4
25 Metaalproductenindustrie,1996,7072,90.1
25 Metaalproductenindustrie,1997,7651,92.9
25 Metaalproductenindustrie,1998,8289,95.6
25 Metaalproductenindustrie,1999,8358,100.9
25 Metaalproductenindustrie,2000,9101,96.4
25 Metaalproductenindustrie,2001,9094,98.3
25 Metaalproductenindustrie,2002,8973,97.8
25 Metaalproductenindustrie,2003,8768,98.4
25 Metaalproductenindustrie,2004,9398,97.6
25 Metaalproductenindustrie,2005,10117,100
25 Metaalproductenindustrie,2006,11061,100.7
25 Metaalproductenindustrie,2007,12724,104.4
25 Metaalproductenindustrie,2008,13691,109.7
25 Metaalproductenindustrie,2009,11346,113.3
25 Metaalproductenindustrie,2010,12417,102.5
25 Metaalproductenindustrie,2011,13583,101.8
26 Elektrotechnische industrie,1988,4821,121
26 Elektrotechnische industrie,1989,5400,120.7
26 Elektrotechnische industrie,1990,5374,122
26 Elektrotechnische industrie,1991,5716,122.1
26 Elektrotechnische industrie,1992,5873,119.9
26 Elektrotechnische industrie,1993,5835,117.1
26 Elektrotechnische industrie,1994,6037,113.4
26 Elektrotechnische industrie,1995,6700,111.2
26 Elektrotechnische industrie,1996,7293,109.5
26 Elektrotechnische industrie,1997,8595,111.9
26 Elektrotechnische industrie,1998,8752,111.3
26 Elektrotechnische industrie,1999,9368,107.6
26 Elektrotechnische industrie,2000,10394,101.9
26 Elektrotechnische industrie,2001,10379,104.4
26 Elektrotechnische industrie,2002,9447,100.9
26 Elektrotechnische industrie,2003,9472,103.1
26 Elektrotechnische industrie,2004,9760,97.9
26 Elektrotechnische industrie,2005,9998,100
26 Elektrotechnische industrie,2006,10371,89
26 Elektrotechnische industrie,2007,9966,88
26 Elektrotechnische industrie,2008,10341,85.5
26 Elektrotechnische industrie,2009,9473,90.6
26 Elektrotechnische industrie,2010,10288,89.9
26 Elektrotechnische industrie,2011,10796,90.9
27 Elektrische apparatenindustrie,1988,1383,105.8
27 Elektrische apparatenindustrie,1989,1532,105.2
27 Elektrische apparatenindustrie,1990,1654,110
27 Elektrische apparatenindustrie,1991,1741,114.2
27 Elektrische apparatenindustrie,1992,1768,114.5
27 Elektrische apparatenindustrie,1993,1729,116.1
27 Elektrische apparatenindustrie,1994,1877,115.1
27 Elektrische apparatenindustrie,1995,2088,109.8
27 Elektrische apparatenindustrie,1996,2270,107.6
27 Elektrische apparatenindustrie,1997,2498,109.5
27 Elektrische apparatenindustrie,1998,2503,111.8
27 Elektrische apparatenindustrie,1999,2601,112.5
27 Elektrische apparatenindustrie,2000,2717,108.9
27 Elektrische apparatenindustrie,2001,2785,109.2
27 Elektrische apparatenindustrie,2002,2411,106.1
27 Elektrische apparatenindustrie,2003,2323,106.6
27 Elektrische apparatenindustrie,2004,2442,103.8
27 Elektrische apparatenindustrie,2005,2499,100
27 Elektrische apparatenindustrie,2006,2967,99.5
27 Elektrische apparatenindustrie,2007,3397,99.8
27 Elektrische apparatenindustrie,2008,3483,102.5
27 Elektrische apparatenindustrie,2009,2892,100.6
27 Elektrische apparatenindustrie,2010,3075,86.9
27 Elektrische apparatenindustrie,2011,3328,81.1
28 Machine-industrie,1988,4637,86.7
28 Machine-industrie,1989,5165,88.2
28 Machine-industrie,1990,5685,90.2
28 Machine-industrie,1991,5941,84.9
28 Machine-industrie,1992,6013,85.7
28 Machine-industrie,1993,5807,86.3
28 Machine-industrie,1994,6195,86.2
28 Machine-industrie,1995,6837,84.3
28 Machine-industrie,1996,7558,84.8
28 Machine-industrie,1997,8314,86
28 Machine-industrie,1998,8847,88.8
28 Machine-industrie,1999,9115,91.5
28 Machine-industrie,2000,10130,89.3
28 Machine-industrie,2001,10457,91.2
28 Machine-industrie,2002,10226,96.4
28 Machine-industrie,2003,9641,100.5
28 Machine-industrie,2004,10484,97.3
28 Machine-industrie,2005,10833,100
28 Machine-industrie,2006,12016,103.2
28 Machine-industrie,2007,13113,104.7
28 Machine-industrie,2008,13031,107.2
28 Machine-industrie,2009,11086,113.6
28 Machine-industrie,2010,12757,113.2
28 Machine-industrie,2011,14336,112.8
29 Auto- en aanhangwagenindustrie,1988,3101,95
29 Auto- en aanhangwagenindustrie,1989,3560,99.9
29 Auto- en aanhangwagenindustrie,1990,3583,107.4
29 Auto- en aanhangwagenindustrie,1991,3474,104.2
29 Auto- en aanhangwagenindustrie,1992,3462,106.2
29 Auto- en aanhangwagenindustrie,1993,2670,104.9
29 Auto- en aanhangwagenindustrie,1994,3361,103.4
29 Auto- en aanhangwagenindustrie,1995,4011,98.3
29 Auto- en aanhangwagenindustrie,1996,4715,100.8
29 Auto- en aanhangwagenindustrie,1997,5305,107.3
29 Auto- en aanhangwagenindustrie,1998,6245,108.9
29 Auto- en aanhangwagenindustrie,1999,6627,110.2
29 Auto- en aanhangwagenindustrie,2000,6806,106.6
29 Auto- en aanhangwagenindustrie,2001,6698,97.6
29 Auto- en aanhangwagenindustrie,2002,6577,96.1
29 Auto- en aanhangwagenindustrie,2003,6570,98.3
29 Auto- en aanhangwagenindustrie,2004,6876,103.1
29 Auto- en aanhangwagenindustrie,2005,6733,100
29 Auto- en aanhangwagenindustrie,2006,7262,101.7
29 Auto- en aanhangwagenindustrie,2007,8556,99.9
29 Auto- en aanhangwagenindustrie,2008,8795,106.3
29 Auto- en aanhangwagenindustrie,2009,4305,100.7
29 Auto- en aanhangwagenindustrie,2010,6106,96.5
29 Auto- en aanhangwagenindustrie,2011,8168,93.3
30 Overige transportmiddelenindustrie,1988,1645,70.6
30 Overige transportmiddelenindustrie,1989,1929,77.9
30 Overige transportmiddelenindustrie,1990,2322,76.6
30 Overige transportmiddelenindustrie,1991,2493,83.3
30 Overige transportmiddelenindustrie,1992,2480,87.1
30 Overige transportmiddelenindustrie,1993,2234,95.7
30 Overige transportmiddelenindustrie,1994,2163,87.3
30 Overige transportmiddelenindustrie,1995,2267,88.6
30 Overige transportmiddelenindustrie,1996,2108,75.9
30 Overige transportmiddelenindustrie,1997,2147,79.1
30 Overige transportmiddelenindustrie,1998,2522,88
30 Overige transportmiddelenindustrie,1999,2450,90.4
30 Overige transportmiddelenindustrie,2000,2592,88.9
30 Overige transportmiddelenindustrie,2001,2759,85.8
30 Overige transportmiddelenindustrie,2002,2660,91.7
30 Overige transportmiddelenindustrie,2003,2495,95.8
30 Overige transportmiddelenindustrie,2004,2495,98.2
30 Overige transportmiddelenindustrie,2005,2543,100
30 Overige transportmiddelenindustrie,2006,2616,101
30 Overige transportmiddelenindustrie,2007,3306,101.6
30 Overige transportmiddelenindustrie,2008,3713,105
30 Overige transportmiddelenindustrie,2009,3587,101.6
30 Overige transportmiddelenindustrie,2010,3531,99.5
30 Overige transportmiddelenindustrie,2011,3568,101.1
31-32 Meubel- en overige industrie,1988,2481,72.8
31-32 Meubel- en overige industrie,1989,2633,73
31-32 Meubel- en overige industrie,1990,2922,73.4
31-32 Meubel- en overige industrie,1991,3116,76.8
31-32 Meubel- en overige industrie,1992,3124,80.9
31-32 Meubel- en overige industrie,1993,3078,84.8
31-32 Meubel- en overige industrie,1994,3175,85.6
31-32 Meubel- en overige industrie,1995,3364,89.5
31-32 Meubel- en overige industrie,1996,3556,90.9
31-32 Meubel- en overige industrie,1997,3754,91.7
31-32 Meubel- en overige industrie,1998,3999,93
31-32 Meubel- en overige industrie,1999,4232,93.1
31-32 Meubel- en overige industrie,2000,4476,93.5
31-32 Meubel- en overige industrie,2001,4511,95.3
31-32 Meubel- en overige industrie,2002,4329,97.5
31-32 Meubel- en overige industrie,2003,4188,100.1
31-32 Meubel- en overige industrie,2004,4261,99.2
31-32 Meubel- en overige industrie,2005,4428,100
31-32 Meubel- en overige industrie,2006,4535,102
31-32 Meubel- en overige industrie,2007,4826,101.1
31-32 Meubel- en overige industrie,2008,4996,102.2
31-32 Meubel- en overige industrie,2009,4348,108.7
31-32 Meubel- en overige industrie,2010,4560,110.1
31-32 Meubel- en overige industrie,2011,4623,109.6
33 Reparatie en installatie van machines,1988,2483,79.3
33 Reparatie en installatie van machines,1989,2873,85.7
33 Reparatie en installatie van machines,1990,3279,85.1
33 Reparatie en installatie van machines,1991,3516,79.5
33 Reparatie en installatie van machines,1992,3503,84.1
33 Reparatie en installatie van machines,1993,3197,93
33 Reparatie en installatie van machines,1994,3130,88.2
33 Reparatie en installatie van machines,1995,3345,87.4
33 Reparatie en installatie van machines,1996,3162,80.9
33 Reparatie en installatie van machines,1997,3332,81.6
33 Reparatie en installatie van machines,1998,3590,86.3
33 Reparatie en installatie van machines,1999,3621,89.2
33 Reparatie en installatie van machines,2000,4009,86.9
33 Reparatie en installatie van machines,2001,4150,87.3
33 Reparatie en installatie van machines,2002,4104,93.3
33 Reparatie en installatie van machines,2003,3971,95.9
33 Reparatie en installatie van machines,2004,4103,95.7
33 Reparatie en installatie van machines,2005,4307,100
33 Reparatie en installatie van machines,2006,4783,101.2
33 Reparatie en installatie van machines,2007,5236,101.1
33 Reparatie en installatie van machines,2008,5398,106.6
33 Reparatie en installatie van machines,2009,5099,110.1
33 Reparatie en installatie van machines,2010,5580,107.3
33 Reparatie en installatie van machines,2011,5822,106.6
35 Energiebedrijven,1988,7586,66.2
35 Energiebedrijven,1989,7872,66.4
35 Energiebedrijven,1990,9161,68.2
35 Energiebedrijven,1991,10574,69.2
35 Energiebedrijven,1992,10494,72.4
35 Energiebedrijven,1993,10816,75.3
35 Energiebedrijven,1994,11152,77.8
35 Energiebedrijven,1995,11798,80.7
35 Energiebedrijven,1996,12668,81.1
35 Energiebedrijven,1997,13469,79.9
35 Energiebedrijven,1998,13422,86.1
35 Energiebedrijven,1999,13270,88.8
35 Energiebedrijven,2000,15150,81.5
35 Energiebedrijven,2001,16828,85.3
35 Energiebedrijven,2002,16329,98.9
35 Energiebedrijven,2003,17389,106.8
35 Energiebedrijven,2004,17546,98.1
35 Energiebedrijven,2005,20401,100
35 Energiebedrijven,2006,23859,118.6
35 Energiebedrijven,2007,24255,136.3
35 Energiebedrijven,2008,28631,137.8
35 Energiebedrijven,2009,25332,186
35 Energiebedrijven,2010,26158,168.8
35 Energiebedrijven,2011,26364,161.1
36 Waterleidingbedrijven,1988,356,54.7
36 Waterleidingbedrijven,1989,369,55.9
36 Waterleidingbedrijven,1990,380,56.3
36 Waterleidingbedrijven,1991,392,58.1
36 Waterleidingbedrijven,1992,409,63.4
36 Waterleidingbedrijven,1993,416,72.6
36 Waterleidingbedrijven,1994,437,78.2
36 Waterleidingbedrijven,1995,459,82.2
36 Waterleidingbedrijven,1996,490,86
36 Waterleidingbedrijven,1997,520,85.9
36 Waterleidingbedrijven,1998,596,89.9
36 Waterleidingbedrijven,1999,617,94.7
36 Waterleidingbedrijven,2000,638,97.4
36 Waterleidingbedrijven,2001,670,100.4
36 Waterleidingbedrijven,2002,665,101
36 Waterleidingbedrijven,2003,687,100
36 Waterleidingbedrijven,2004,682,100
36 Waterleidingbedrijven,2005,707,100
36 Waterleidingbedrijven,2006,716,98.7
36 Waterleidingbedrijven,2007,726,96.3
36 Waterleidingbedrijven,2008,768,92.7
36 Waterleidingbedrijven,2009,769,94
36 Waterleidingbedrijven,2010,803,92.2
36 Waterleidingbedrijven,2011,817,91.8
37-39 Afvalbeheer,1988,1238,65
37-39 Afvalbeheer,1989,1309,65.9
37-39 Afvalbeheer,1990,1511,65.4
37-39 Afvalbeheer,1991,1754,67.4
37-39 Afvalbeheer,1992,1843,69.6
37-39 Afvalbeheer,1993,2021,74.4
37-39 Afvalbeheer,1994,2289,77.2
37-39 Afvalbeheer,1995,2569,78.1
37-39 Afvalbeheer,1996,2792,80
37-39 Afvalbeheer,1997,3136,82.1
37-39 Afvalbeheer,1998,3571,85.5
37-39 Afvalbeheer,1999,3952,86.7
37-39 Afvalbeheer,2000,4354,88.8
37-39 Afvalbeheer,2001,4644,93.1
37-39 Afvalbeheer,2002,5035,94
37-39 Afvalbeheer,2003,5349,99.6
37-39 Afvalbeheer,2004,5569,102.4
37-39 Afvalbeheer,2005,5447,100
37-39 Afvalbeheer,2006,5709,103
37-39 Afvalbeheer,2007,6005,105.8
37-39 Afvalbeheer,2008,6682,107.9
37-39 Afvalbeheer,2009,6718,106.4
37-39 Afvalbeheer,2010,7014,108.3
37-39 Afvalbeheer,2011,7508,109.1
41 Algemene bouw en projectontwikkeling,1988,11796,45.7
41 Algemene bouw en projectontwikkeling,1989,12456,46.1
41 Algemene bouw en projectontwikkeling,1990,13001,47.2
41 Algemene bouw en projectontwikkeling,1991,13496,48.5
41 Algemene bouw en projectontwikkeling,1992,13470,52
41 Algemene bouw en projectontwikkeling,1993,13134,54.6
41 Algemene bouw en projectontwikkeling,1994,13861,55.7
41 Algemene bouw en projectontwikkeling,1995,14462,57.5
41 Algemene bouw en projectontwikkeling,1996,15195,61.2
41 Algemene bouw en projectontwikkeling,1997,15886,63.3
41 Algemene bouw en projectontwikkeling,1998,16569,65.5
41 Algemene bouw en projectontwikkeling,1999,18084,68.8
41 Algemene bouw en projectontwikkeling,2000,19883,73.5
41 Algemene bouw en projectontwikkeling,2001,20972,78.9
41 Algemene bouw en projectontwikkeling,2002,20449,85.8
41 Algemene bouw en projectontwikkeling,2003,20180,92.1
41 Algemene bouw en projectontwikkeling,2004,20511,96.9
41 Algemene bouw en projectontwikkeling,2005,21225,100
41 Algemene bouw en projectontwikkeling,2006,22780,104.7
41 Algemene bouw en projectontwikkeling,2007,25378,105.3
41 Algemene bouw en projectontwikkeling,2008,27380,107.6
41 Algemene bouw en projectontwikkeling,2009,25509,114
41 Algemene bouw en projectontwikkeling,2010,21839,116.2
41 Algemene bouw en projectontwikkeling,2011,22759,112.4
42 Grond-  water-  en wegenbouw,1988,2862,60.8
42 Grond-  water-  en wegenbouw,1989,3220,61.1
42 Grond-  water-  en wegenbouw,1990,3554,65
42 Grond-  water-  en wegenbouw,1991,3666,68.5
42 Grond-  water-  en wegenbouw,1992,3664,72.3
42 Grond-  water-  en wegenbouw,1993,3795,75.1
42 Grond-  water-  en wegenbouw,1994,4076,76.9
42 Grond-  water-  en wegenbouw,1995,4282,78.4
42 Grond-  water-  en wegenbouw,1996,4850,79.1
42 Grond-  water-  en wegenbouw,1997,5074,81.1
42 Grond-  water-  en wegenbouw,1998,5348,83.2
42 Grond-  water-  en wegenbouw,1999,6091,84.8
42 Grond-  water-  en wegenbouw,2000,6648,89.5
42 Grond-  water-  en wegenbouw,2001,7278,94
42 Grond-  water-  en wegenbouw,2002,7207,99.3
42 Grond-  water-  en wegenbouw,2003,6884,101.5
42 Grond-  water-  en wegenbouw,2004,6774,101
42 Grond-  water-  en wegenbouw,2005,7227,100
42 Grond-  water-  en wegenbouw,2006,7855,103.5
42 Grond-  water-  en wegenbouw,2007,8187,108.6
42 Grond-  water-  en wegenbouw,2008,8840,114.9
42 Grond-  water-  en wegenbouw,2009,9244,112.3
42 Grond-  water-  en wegenbouw,2010,8585,120.7
42 Grond-  water-  en wegenbouw,2011,9059,123.4
43 Gespecialiseerde bouw,1988,7055,51.6
43 Gespecialiseerde bouw,1989,7611,53.3
43 Gespecialiseerde bouw,1990,7969,55.7
43 Gespecialiseerde bouw,1991,8410,57.5
43 Gespecialiseerde bouw,1992,8907,60.6
43 Gespecialiseerde bouw,1993,8705,63
43 Gespecialiseerde bouw,1994,8943,64.2
43 Gespecialiseerde bouw,1995,9520,66.1
43 Gespecialiseerde bouw,1996,10428,68.7
43 Gespecialiseerde bouw,1997,10795,70.7
43 Gespecialiseerde bouw,1998,11785,73.1
43 Gespecialiseerde bouw,1999,12629,76.6
43 Gespecialiseerde bouw,2000,13786,81
43 Gespecialiseerde bouw,2001,14680,86.2
43 Gespecialiseerde bouw,2002,14572,93.3
43 Gespecialiseerde bouw,2003,14252,97.7
43 Gespecialiseerde bouw,2004,14238,99
43 Gespecialiseerde bouw,2005,15004,100
43 Gespecialiseerde bouw,2006,16154,103.9
43 Gespecialiseerde bouw,2007,17975,105.7
43 Gespecialiseerde bouw,2008,19511,110.3
43 Gespecialiseerde bouw,2009,18282,116.9
43 Gespecialiseerde bouw,2010,17287,119
43 Gespecialiseerde bouw,2011,18426,116.8
45 Autohandel en -reparatie,1988,2971,69.2
45 Autohandel en -reparatie,1989,3161,69.7
45 Autohandel en -reparatie,1990,3380,72.3
45 Autohandel en -reparatie,1991,3671,73.5
45 Autohandel en -reparatie,1992,3898,75.9
45 Autohandel en -reparatie,1993,3873,81.4
45 Autohandel en -reparatie,1994,4084,83.6
45 Autohandel en -reparatie,1995,4239,83
45 Autohandel en -reparatie,1996,4900,79.2
45 Autohandel en -reparatie,1997,5416,77.5
45 Autohandel en -reparatie,1998,5843,78.9
45 Autohandel en -reparatie,1999,6474,81.7
45 Autohandel en -reparatie,2000,6851,84.9
45 Autohandel en -reparatie,2001,7275,90
45 Autohandel en -reparatie,2002,7359,96.3
45 Autohandel en -reparatie,2003,6822,98
45 Autohandel en -reparatie,2004,7019,98
45 Autohandel en -reparatie,2005,7069,100
45 Autohandel en -reparatie,2006,7340,99.7
45 Autohandel en -reparatie,2007,7707,100.8
45 Autohandel en -reparatie,2008,8158,101.9
45 Autohandel en -reparatie,2009,7657,102.7
45 Autohandel en -reparatie,2010,7981,105.5
45 Autohandel en -reparatie,2011,8335,106.1
46 Groothandel en handelsbemiddeling,1988,8667,94.7
46 Groothandel en handelsbemiddeling,1989,9516,98
46 Groothandel en handelsbemiddeling,1990,10259,98.7
46 Groothandel en handelsbemiddeling,1991,11171,101.5
46 Groothandel en handelsbemiddeling,1992,11761,101.9
46 Groothandel en handelsbemiddeling,1993,12001,99
46 Groothandel en handelsbemiddeling,1994,12666,97.5
46 Groothandel en handelsbemiddeling,1995,13646,95.2
46 Groothandel en handelsbemiddeling,1996,15290,95.7
46 Groothandel en handelsbemiddeling,1997,16469,96.7
46 Groothandel en handelsbemiddeling,1998,18075,94.8
46 Groothandel en handelsbemiddeling,1999,19630,96.9
46 Groothandel en handelsbemiddeling,2000,21724,99.5
46 Groothandel en handelsbemiddeling,2001,23166,102.4
46 Groothandel en handelsbemiddeling,2002,24369,110.4
46 Groothandel en handelsbemiddeling,2003,23445,103
46 Groothandel en handelsbemiddeling,2004,24616,102
46 Groothandel en handelsbemiddeling,2005,25705,100
46 Groothandel en handelsbemiddeling,2006,27888,97
46 Groothandel en handelsbemiddeling,2007,30279,99.8
46 Groothandel en handelsbemiddeling,2008,32085,100.9
46 Groothandel en handelsbemiddeling,2009,30262,97.5
46 Groothandel en handelsbemiddeling,2010,31804,101.4
46 Groothandel en handelsbemiddeling,2011,32945,104.8
47 Detailhandel (niet in auto's),1988,4608,68.3
47 Detailhandel (niet in auto's),1989,4983,69.7
47 Detailhandel (niet in auto's),1990,5460,71.6
47 Detailhandel (niet in auto's),1991,5908,74.7
47 Detailhandel (niet in auto's),1992,6160,80.4
47 Detailhandel (niet in auto's),1993,6445,87.5
47 Detailhandel (niet in auto's),1994,6697,88.8
47 Detailhandel (niet in auto's),1995,6991,89
47 Detailhandel (niet in auto's),1996,7481,88.3
47 Detailhandel (niet in auto's),1997,7899,90.7
47 Detailhandel (niet in auto's),1998,8379,95.9
47 Detailhandel (niet in auto's),1999,9028,97.3
47 Detailhandel (niet in auto's),2000,9773,100.7
47 Detailhandel (niet in auto's),2001,10501,106.9
47 Detailhandel (niet in auto's),2002,11031,111
47 Detailhandel (niet in auto's),2003,10893,108
47 Detailhandel (niet in auto's),2004,11045,102.2
47 Detailhandel (niet in auto's),2005,11417,100
47 Detailhandel (niet in auto's),2006,12141,98.2
47 Detailhandel (niet in auto's),2007,12717,96.3
47 Detailhandel (niet in auto's),2008,13256,93.9
47 Detailhandel (niet in auto's),2009,12969,97.3
47 Detailhandel (niet in auto's),2010,12904,92.1
47 Detailhandel (niet in auto's),2011,12811,87.3
49 Vervoer over land,1988,2847,78.3
49 Vervoer over land,1989,3113,77.8
49 Vervoer over land,1990,3338,78.8
49 Vervoer over land,1991,3699,80.3
49 Vervoer over land,1992,3842,84.1
49 Vervoer over land,1993,4100,81.6
49 Vervoer over land,1994,4315,83
49 Vervoer over land,1995,4457,81.1
49 Vervoer over land,1996,4876,81.3
49 Vervoer over land,1997,5235,84
49 Vervoer over land,1998,5533,86.6
49 Vervoer over land,1999,5879,88.8
49 Vervoer over land,2000,6496,90.6
49 Vervoer over land,2001,6740,95.7
49 Vervoer over land,2002,6848,99
49 Vervoer over land,2003,6988,102.4
49 Vervoer over land,2004,7512,100.6
49 Vervoer over land,2005,8083,100
49 Vervoer over land,2006,8764,100.7
49 Vervoer over land,2007,9212,102.8
49 Vervoer over land,2008,9926,104
49 Vervoer over land,2009,9081,106.6
49 Vervoer over land,2010,9515,104.7
49 Vervoer over land,2011,10099,104.7
50 Vervoer over water,1988,1981,97
50 Vervoer over water,1989,2135,103.4
50 Vervoer over water,1990,2223,97.2
50 Vervoer over water,1991,2294,97.5
50 Vervoer over water,1992,2442,87.9
50 Vervoer over water,1993,2457,101.2
50 Vervoer over water,1994,2492,100.3
50 Vervoer over water,1995,2488,96.4
50 Vervoer over water,1996,2552,92.6
50 Vervoer over water,1997,2754,100.9
50 Vervoer over water,1998,2839,109.5
50 Vervoer over water,1999,3008,98.3
50 Vervoer over water,2000,3363,97.9
50 Vervoer over water,2001,3561,94.6
50 Vervoer over water,2002,3497,92.2
50 Vervoer over water,2003,3749,92.7
50 Vervoer over water,2004,3855,99.6
50 Vervoer over water,2005,4269,100
50 Vervoer over water,2006,3726,93.5
50 Vervoer over water,2007,4208,83.7
50 Vervoer over water,2008,4587,80.6
50 Vervoer over water,2009,3994,70.5
50 Vervoer over water,2010,3907,62
50 Vervoer over water,2011,4088,60.9
51 Vervoer door de lucht,1988,1851,243.6
51 Vervoer door de lucht,1989,2075,224
51 Vervoer door de lucht,1990,2153,204.7
51 Vervoer door de lucht,1991,2346,212.1
51 Vervoer door de lucht,1992,2451,201.7
51 Vervoer door de lucht,1993,2624,173.4
51 Vervoer door de lucht,1994,2849,163.1
51 Vervoer door de lucht,1995,2965,156.4
51 Vervoer door de lucht,1996,3428,138.9
51 Vervoer door de lucht,1997,3824,165.4
51 Vervoer door de lucht,1998,4061,167
51 Vervoer door de lucht,1999,4454,150.5
51 Vervoer door de lucht,2000,5360,153.1
51 Vervoer door de lucht,2001,5265,154.2
51 Vervoer door de lucht,2002,5248,179.4
51 Vervoer door de lucht,2003,5129,139.9
51 Vervoer door de lucht,2004,5556,116.3
51 Vervoer door de lucht,2005,6467,100
51 Vervoer door de lucht,2006,7143,101.5
51 Vervoer door de lucht,2007,7449,87.4
51 Vervoer door de lucht,2008,8365,68.3
51 Vervoer door de lucht,2009,7236,33.4
51 Vervoer door de lucht,2010,7926,24.9
51 Vervoer door de lucht,2011,8887,0.3
52 Opslag  dienstverlening voor vervoer,1988,1219,66.3
52 Opslag  dienstverlening voor vervoer,1989,1299,67
52 Opslag  dienstverlening voor vervoer,1990,1375,69.1
52 Opslag  dienstverlening voor vervoer,1991,1489,72.8
52 Opslag  dienstverlening voor vervoer,1992,1584,74.6
52 Opslag  dienstverlening voor vervoer,1993,1641,76.8
52 Opslag  dienstverlening voor vervoer,1994,1768,77.9
52 Opslag  dienstverlening voor vervoer,1995,2095,78.8
52 Opslag  dienstverlening voor vervoer,1996,2258,78.8
52 Opslag  dienstverlening voor vervoer,1997,2467,80.4
52 Opslag  dienstverlening voor vervoer,1998,2702,82.5
52 Opslag  dienstverlening voor vervoer,1999,2915,82.6
52 Opslag  dienstverlening voor vervoer,2000,3135,83.4
52 Opslag  dienstverlening voor vervoer,2001,3333,86.8
52 Opslag  dienstverlening voor vervoer,2002,3489,90.9
52 Opslag  dienstverlening voor vervoer,2003,3488,93.1
52 Opslag  dienstverlening voor vervoer,2004,3730,96.1
52 Opslag  dienstverlening voor vervoer,2005,3975,100
52 Opslag  dienstverlening voor vervoer,2006,4271,101.5
52 Opslag  dienstverlening voor vervoer,2007,4663,103.5
52 Opslag  dienstverlening voor vervoer,2008,5191,108.2
52 Opslag  dienstverlening voor vervoer,2009,4885,108.3
52 Opslag  dienstverlening voor vervoer,2010,4978,108.2
52 Opslag  dienstverlening voor vervoer,2011,5134,110.6
53 Post en koeriers,1988,1090,72.6
53 Post en koeriers,1989,1075,75.6
53 Post en koeriers,1990,1093,75
53 Post en koeriers,1991,1182,75.5
53 Post en koeriers,1992,1244,80.1
53 Post en koeriers,1993,1252,85.7
53 Post en koeriers,1994,1251,89.1
53 Post en koeriers,1995,1241,90
53 Post en koeriers,1996,1321,90.6
53 Post en koeriers,1997,1425,93.7
53 Post en koeriers,1998,1516,94.7
53 Post en koeriers,1999,1550,95.2
53 Post en koeriers,2000,1670,95.2
53 Post en koeriers,2001,1696,96.2
53 Post en koeriers,2002,1742,96.6
53 Post en koeriers,2003,1743,97.7
53 Post en koeriers,2004,1756,98.6
53 Post en koeriers,2005,1775,100
53 Post en koeriers,2006,1925,102.1
53 Post en koeriers,2007,1978,105.6
53 Post en koeriers,2008,1983,107.7
53 Post en koeriers,2009,1885,106.7
53 Post en koeriers,2010,1974,100.4
53 Post en koeriers,2011,1982,104
I Horeca,1988,3729,52.3
I Horeca,1989,4029,53.6
I Horeca,1990,4246,55.5
I Horeca,1991,4609,56.4
I Horeca,1992,4877,59.3
I Horeca,1993,5086,62.9
I Horeca,1994,5430,65
I Horeca,1995,5551,68.1
I Horeca,1996,5958,69.9
I Horeca,1997,6371,70.9
I Horeca,1998,6770,72.3
I Horeca,1999,7217,76.4
I Horeca,2000,7731,78.8
I Horeca,2001,8234,84
I Horeca,2002,8135,93.3
I Horeca,2003,7853,96.1
I Horeca,2004,7925,98.8
I Horeca,2005,8200,100
I Horeca,2006,8712,100.6
I Horeca,2007,9167,104.9
I Horeca,2008,9357,108.1
I Horeca,2009,8875,114.5
I Horeca,2010,8898,117.3
I Horeca,2011,9161,118.6
58 Uitgeverijen,1988,2043,56.8
58 Uitgeverijen,1989,2199,58.3
58 Uitgeverijen,1990,2323,59.4
58 Uitgeverijen,1991,2422,61.4
58 Uitgeverijen,1992,2420,64
58 Uitgeverijen,1993,2416,67.1
58 Uitgeverijen,1994,2449,68.7
58 Uitgeverijen,1995,2653,69.2
58 Uitgeverijen,1996,2814,72.7
58 Uitgeverijen,1997,2929,78
58 Uitgeverijen,1998,3214,76
58 Uitgeverijen,1999,3383,79.7
58 Uitgeverijen,2000,3601,82.5
58 Uitgeverijen,2001,3723,85.8
58 Uitgeverijen,2002,3559,90.8
58 Uitgeverijen,2003,3515,95.3
58 Uitgeverijen,2004,3533,99.2
58 Uitgeverijen,2005,3720,100
58 Uitgeverijen,2006,3836,101.9
58 Uitgeverijen,2007,4059,104
58 Uitgeverijen,2008,4038,106.3
58 Uitgeverijen,2009,3781,111.9
58 Uitgeverijen,2010,3683,116.5
58 Uitgeverijen,2011,3524,120.3
59-60 Film radio en t.v.,1988,1718,63.2
59-60 Film radio en t.v.,1989,1884,64.5
59-60 Film radio en t.v.,1990,1930,65.7
59-60 Film radio en t.v.,1991,2075,67.5
59-60 Film radio en t.v.,1992,2208,71.1
59-60 Film radio en t.v.,1993,2286,75.5
59-60 Film radio en t.v.,1994,2365,76.3
59-60 Film radio en t.v.,1995,2469,72.4
59-60 Film radio en t.v.,1996,2545,74.5
59-60 Film radio en t.v.,1997,2671,79.6
59-60 Film radio en t.v.,1998,2802,83
59-60 Film radio en t.v.,1999,2957,85.9
59-60 Film radio en t.v.,2000,3117,90.4
59-60 Film radio en t.v.,2001,3335,93.6
59-60 Film radio en t.v.,2002,3521,97
59-60 Film radio en t.v.,2003,3591,100
59-60 Film radio en t.v.,2004,3606,100.8
59-60 Film radio en t.v.,2005,3614,100
59-60 Film radio en t.v.,2006,3814,100.7
59-60 Film radio en t.v.,2007,4039,103.3
59-60 Film radio en t.v.,2008,4136,104.5
59-60 Film radio en t.v.,2009,3970,107.9
59-60 Film radio en t.v.,2010,3949,111.5
59-60 Film radio en t.v.,2011,4004,113.2
61 Telecommunicatie,1988,1270,141.8
61 Telecommunicatie,1989,1487,150.7
61 Telecommunicatie,1990,1672,150.2
61 Telecommunicatie,1991,1905,150.1
61 Telecommunicatie,1992,2064,159.1
61 Telecommunicatie,1993,2294,167.7
61 Telecommunicatie,1994,2615,168.9
61 Telecommunicatie,1995,2945,171
61 Telecommunicatie,1996,3140,177.3
61 Telecommunicatie,1997,3867,166
61 Telecommunicatie,1998,4961,151.5
61 Telecommunicatie,1999,6971,125
61 Telecommunicatie,2000,8953,105.9
61 Telecommunicatie,2001,10573,98.6
61 Telecommunicatie,2002,10378,103
61 Telecommunicatie,2003,10236,105.4
61 Telecommunicatie,2004,10154,103.3
61 Telecommunicatie,2005,10150,100
61 Telecommunicatie,2006,10317,94.7
61 Telecommunicatie,2007,10826,90.4
61 Telecommunicatie,2008,10679,83.1
61 Telecommunicatie,2009,10262,80.2
61 Telecommunicatie,2010,10188,79.3
61 Telecommunicatie,2011,10361,80.4
62-63 IT- en informatiedienstverlening,1988,988,86.3
62-63 IT- en informatiedienstverlening,1989,1076,83.5
62-63 IT- en informatiedienstverlening,1990,1197,83.9
62-63 IT- en informatiedienstverlening,1991,1364,84.9
62-63 IT- en informatiedienstverlening,1992,1421,81.2
62-63 IT- en informatiedienstverlening,1993,1533,81
62-63 IT- en informatiedienstverlening,1994,1657,80.1
62-63 IT- en informatiedienstverlening,1995,1842,79.1
62-63 IT- en informatiedienstverlening,1996,2399,81.3
62-63 IT- en informatiedienstverlening,1997,3265,81.9
62-63 IT- en informatiedienstverlening,1998,4141,84.4
62-63 IT- en informatiedienstverlening,1999,4889,88.3
62-63 IT- en informatiedienstverlening,2000,5721,90.5
62-63 IT- en informatiedienstverlening,2001,6457,94
62-63 IT- en informatiedienstverlening,2002,6083,95.4
62-63 IT- en informatiedienstverlening,2003,5756,96.7
62-63 IT- en informatiedienstverlening,2004,5997,97.8
62-63 IT- en informatiedienstverlening,2005,6572,100
62-63 IT- en informatiedienstverlening,2006,7292,102.1
62-63 IT- en informatiedienstverlening,2007,8038,107.2
62-63 IT- en informatiedienstverlening,2008,8690,109
62-63 IT- en informatiedienstverlening,2009,8417,106.2
62-63 IT- en informatiedienstverlening,2010,8289,107.1
62-63 IT- en informatiedienstverlening,2011,8547,104.1
64 Bankwezen,1988,4410,74.3
64 Bankwezen,1989,5055,67.9
64 Bankwezen,1990,5446,58.8
64 Bankwezen,1991,6192,63.2
64 Bankwezen,1992,6760,64.3
64 Bankwezen,1993,7047,68.2
64 Bankwezen,1994,7772,78.1
64 Bankwezen,1995,7842,87.3
64 Bankwezen,1996,8707,82.2
64 Bankwezen,1997,9985,75.5
64 Bankwezen,1998,11101,69.7
64 Bankwezen,1999,12363,76.6
64 Bankwezen,2000,15057,83.3
64 Bankwezen,2001,15390,87.7
64 Bankwezen,2002,15008,102.1
64 Bankwezen,2003,15778,103.6
64 Bankwezen,2004,16696,99.3
64 Bankwezen,2005,17764,100
64 Bankwezen,2006,18852,77.7
64 Bankwezen,2007,19516,61
64 Bankwezen,2008,22698,64.9
64 Bankwezen,2009,27578,94.8
64 Bankwezen,2010,27507,113.3
64 Bankwezen,2011,25912,111.7
65 Verzekeraars en pensioenfondsen,1988,3035,43.1
65 Verzekeraars en pensioenfondsen,1989,3270,45.4
65 Verzekeraars en pensioenfondsen,1990,3097,37.8
65 Verzekeraars en pensioenfondsen,1991,3639,44.2
65 Verzekeraars en pensioenfondsen,1992,3796,41.3
65 Verzekeraars en pensioenfondsen,1993,3750,37.3
65 Verzekeraars en pensioenfondsen,1994,4338,45.1
65 Verzekeraars en pensioenfondsen,1995,4837,47
65 Verzekeraars en pensioenfondsen,1996,5369,51.9
65 Verzekeraars en pensioenfondsen,1997,6012,52.7
65 Verzekeraars en pensioenfondsen,1998,6701,53.9
65 Verzekeraars en pensioenfondsen,1999,7060,53.5
65 Verzekeraars en pensioenfondsen,2000,7830,59.6
65 Verzekeraars en pensioenfondsen,2001,8099,66.8
65 Verzekeraars en pensioenfondsen,2002,8213,63.8
65 Verzekeraars en pensioenfondsen,2003,8453,86.8
65 Verzekeraars en pensioenfondsen,2004,8717,83.5
65 Verzekeraars en pensioenfondsen,2005,9036,100
65 Verzekeraars en pensioenfondsen,2006,9758,98.7
65 Verzekeraars en pensioenfondsen,2007,10222,98.4
65 Verzekeraars en pensioenfondsen,2008,10053,81
65 Verzekeraars en pensioenfondsen,2009,9768,86.8
65 Verzekeraars en pensioenfondsen,2010,9937,86.7
65 Verzekeraars en pensioenfondsen,2011,10141,87.4
66 Overige financiële dienstverlening,1988,529,47.9
66 Overige financiële dienstverlening,1989,552,52.5
66 Overige financiële dienstverlening,1990,577,52.7
66 Overige financiële dienstverlening,1991,614,55.5
66 Overige financiële dienstverlening,1992,647,61.4
66 Overige financiële dienstverlening,1993,684,62.9
66 Overige financiële dienstverlening,1994,766,68.8
66 Overige financiële dienstverlening,1995,805,70.7
66 Overige financiële dienstverlening,1996,993,74.3
66 Overige financiële dienstverlening,1997,1059,78.7
66 Overige financiële dienstverlening,1998,1247,81.1
66 Overige financiële dienstverlening,1999,1363,83.7
66 Overige financiële dienstverlening,2000,1578,88.6
66 Overige financiële dienstverlening,2001,1669,92
66 Overige financiële dienstverlening,2002,1742,94.7
66 Overige financiële dienstverlening,2003,1699,97.8
66 Overige financiële dienstverlening,2004,1751,100.7
66 Overige financiële dienstverlening,2005,1791,100
66 Overige financiële dienstverlening,2006,1831,104.3
66 Overige financiële dienstverlening,2007,1896,104.2
66 Overige financiële dienstverlening,2008,2066,85.3
66 Overige financiële dienstverlening,2009,1996,84.5
66 Overige financiële dienstverlening,2010,2016,82.4
66 Overige financiële dienstverlening,2011,2018,83.8
68 Verhuur en handel van onroerend goed,1988,6612,63.6
68 Verhuur en handel van onroerend goed,1989,7086,65.6
68 Verhuur en handel van onroerend goed,1990,7308,67.7
68 Verhuur en handel van onroerend goed,1991,7839,70.7
68 Verhuur en handel van onroerend goed,1992,8272,75.2
68 Verhuur en handel van onroerend goed,1993,8901,76.7
68 Verhuur en handel van onroerend goed,1994,9734,78.3
68 Verhuur en handel van onroerend goed,1995,10281,74
68 Verhuur en handel van onroerend goed,1996,10906,77.7
68 Verhuur en handel van onroerend goed,1997,11271,82.2
68 Verhuur en handel van onroerend goed,1998,11354,87.3
68 Verhuur en handel van onroerend goed,1999,12104,90.9
68 Verhuur en handel van onroerend goed,2000,12331,96.3
68 Verhuur en handel van onroerend goed,2001,13345,97.7
68 Verhuur en handel van onroerend goed,2002,15956,95.1
68 Verhuur en handel van onroerend goed,2003,18781,91.9
68 Verhuur en handel van onroerend goed,2004,19354,96.5
68 Verhuur en handel van onroerend goed,2005,20011,100
68 Verhuur en handel van onroerend goed,2006,18187,111.4
68 Verhuur en handel van onroerend goed,2007,16019,123.7
68 Verhuur en handel van onroerend goed,2008,16419,126.8
68 Verhuur en handel van onroerend goed,2009,25969,99.4
68 Verhuur en handel van onroerend goed,2010,27550,94.8
68 Verhuur en handel van onroerend goed,2011,26183,100.2
69-70 Managementadvies en holdings,1988,4806,53.2
69-70 Managementadvies en holdings,1989,5511,53.7
69-70 Managementadvies en holdings,1990,5889,56.1
69-70 Managementadvies en holdings,1991,6409,58.9
69-70 Managementadvies en holdings,1992,6837,61.5
69-70 Managementadvies en holdings,1993,7182,64
69-70 Managementadvies en holdings,1994,7554,64.8
69-70 Managementadvies en holdings,1995,7945,65.4
69-70 Managementadvies en holdings,1996,8599,67.3
69-70 Managementadvies en holdings,1997,9467,69.1
69-70 Managementadvies en holdings,1998,10013,71.6
69-70 Managementadvies en holdings,1999,10774,74.2
69-70 Managementadvies en holdings,2000,12158,76.8
69-70 Managementadvies en holdings,2001,13211,81.4
69-70 Managementadvies en holdings,2002,12772,86.4
69-70 Managementadvies en holdings,2003,12752,90.5
69-70 Managementadvies en holdings,2004,13167,95.3
69-70 Managementadvies en holdings,2005,13973,100
69-70 Managementadvies en holdings,2006,14780,102.8
69-70 Managementadvies en holdings,2007,15492,108.6
69-70 Managementadvies en holdings,2008,16553,110.5
69-70 Managementadvies en holdings,2009,16103,110.3
69-70 Managementadvies en holdings,2010,15680,107.2
69-70 Managementadvies en holdings,2011,15559,107.1
71 Architecten-  ingenieursbureaus e.d.,1988,1630,66.2
71 Architecten-  ingenieursbureaus e.d.,1989,1808,66.3
71 Architecten-  ingenieursbureaus e.d.,1990,2025,68.2
71 Architecten-  ingenieursbureaus e.d.,1991,2138,70.1
71 Architecten-  ingenieursbureaus e.d.,1992,2385,72.2
71 Architecten-  ingenieursbureaus e.d.,1993,2635,75.2
71 Architecten-  ingenieursbureaus e.d.,1994,2787,75.5
71 Architecten-  ingenieursbureaus e.d.,1995,3019,76
71 Architecten-  ingenieursbureaus e.d.,1996,3499,78.7
71 Architecten-  ingenieursbureaus e.d.,1997,3748,79.5
71 Architecten-  ingenieursbureaus e.d.,1998,4193,82.1
71 Architecten-  ingenieursbureaus e.d.,1999,4725,83.7
71 Architecten-  ingenieursbureaus e.d.,2000,5266,86.3
71 Architecten-  ingenieursbureaus e.d.,2001,5913,89
71 Architecten-  ingenieursbureaus e.d.,2002,5900,94
71 Architecten-  ingenieursbureaus e.d.,2003,5484,97
71 Architecten-  ingenieursbureaus e.d.,2004,5564,97.8
71 Architecten-  ingenieursbureaus e.d.,2005,5905,100
71 Architecten-  ingenieursbureaus e.d.,2006,6383,104.3
71 Architecten-  ingenieursbureaus e.d.,2007,6892,108.6
71 Architecten-  ingenieursbureaus e.d.,2008,7486,112.9
71 Architecten-  ingenieursbureaus e.d.,2009,7368,113.2
71 Architecten-  ingenieursbureaus e.d.,2010,6958,112.3
71 Architecten-  ingenieursbureaus e.d.,2011,6811,112.5
72 Research,1988,663,67.2
72 Research,1989,718,66.8
72 Research,1990,831,67.9
72 Research,1991,927,67.8
72 Research,1992,1000,70.3
72 Research,1993,1014,73
72 Research,1994,1007,74.8
72 Research,1995,1102,74.8
72 Research,1996,1137,75.9
72 Research,1997,1233,78.6
72 Research,1998,1279,81.8
72 Research,1999,1379,86.9
72 Research,2000,1491,90.2
72 Research,2001,1610,92.5
72 Research,2002,1540,95.5
72 Research,2003,1627,98.3
72 Research,2004,1773,99.2
72 Research,2005,1824,100
72 Research,2006,1896,101.3
72 Research,2007,1929,102.7
72 Research,2008,1843,103.3
72 Research,2009,1756,106
72 Research,2010,1781,105.8
72 Research,2011,1802,105.8
73 Reclamewezen en marktonderzoek,1988,2504,59.6
73 Reclamewezen en marktonderzoek,1989,2680,59.1
73 Reclamewezen en marktonderzoek,1990,3021,63.7
73 Reclamewezen en marktonderzoek,1991,3149,66.4
73 Reclamewezen en marktonderzoek,1992,3217,69.9
73 Reclamewezen en marktonderzoek,1993,3211,69.7
73 Reclamewezen en marktonderzoek,1994,3200,69.7
73 Reclamewezen en marktonderzoek,1995,3378,70.1
73 Reclamewezen en marktonderzoek,1996,3700,70.7
73 Reclamewezen en marktonderzoek,1997,3922,75.5
73 Reclamewezen en marktonderzoek,1998,4219,80.9
73 Reclamewezen en marktonderzoek,1999,4438,82.4
73 Reclamewezen en marktonderzoek,2000,4966,84.5
73 Reclamewezen en marktonderzoek,2001,5078,89.3
73 Reclamewezen en marktonderzoek,2002,5128,92.9
73 Reclamewezen en marktonderzoek,2003,5036,97
73 Reclamewezen en marktonderzoek,2004,5178,100.8
73 Reclamewezen en marktonderzoek,2005,5177,100
73 Reclamewezen en marktonderzoek,2006,5234,103.3
73 Reclamewezen en marktonderzoek,2007,5209,106.4
73 Reclamewezen en marktonderzoek,2008,5313,108.9
73 Reclamewezen en marktonderzoek,2009,4878,109.4
73 Reclamewezen en marktonderzoek,2010,4775,110.5
73 Reclamewezen en marktonderzoek,2011,4647,112.2
74-75 Design en veterinaire diensten,1988,626,59.8
74-75 Design en veterinaire diensten,1989,689,60.7
74-75 Design en veterinaire diensten,1990,794,63.6
74-75 Design en veterinaire diensten,1991,925,65.5
74-75 Design en veterinaire diensten,1992,992,69.1
74-75 Design en veterinaire diensten,1993,1051,70.2
74-75 Design en veterinaire diensten,1994,1124,72.7
74-75 Design en veterinaire diensten,1995,1245,74.2
74-75 Design en veterinaire diensten,1996,1447,76.4
74-75 Design en veterinaire diensten,1997,1697,79
74-75 Design en veterinaire diensten,1998,1920,83
74-75 Design en veterinaire diensten,1999,2206,83.9
74-75 Design en veterinaire diensten,2000,2582,84.3
74-75 Design en veterinaire diensten,2001,2897,89
74-75 Design en veterinaire diensten,2002,2811,93
74-75 Design en veterinaire diensten,2003,2600,96.8
74-75 Design en veterinaire diensten,2004,2801,99.6
74-75 Design en veterinaire diensten,2005,2889,100
74-75 Design en veterinaire diensten,2006,3029,102.2
74-75 Design en veterinaire diensten,2007,3189,105.8
74-75 Design en veterinaire diensten,2008,3402,108.8
74-75 Design en veterinaire diensten,2009,3347,113.8
74-75 Design en veterinaire diensten,2010,3263,116.2
74-75 Design en veterinaire diensten,2011,3370,118.1
77 Verhuur van roerende goederen,1988,820,79
77 Verhuur van roerende goederen,1989,883,80.1
77 Verhuur van roerende goederen,1990,999,82.5
77 Verhuur van roerende goederen,1991,1158,81.7
77 Verhuur van roerende goederen,1992,1310,82.6
77 Verhuur van roerende goederen,1993,1362,85.6
77 Verhuur van roerende goederen,1994,1541,87
77 Verhuur van roerende goederen,1995,1629,87
77 Verhuur van roerende goederen,1996,1866,89.9
77 Verhuur van roerende goederen,1997,2114,91.8
77 Verhuur van roerende goederen,1998,2323,91.8
77 Verhuur van roerende goederen,1999,2783,91.2
77 Verhuur van roerende goederen,2000,3256,90.9
77 Verhuur van roerende goederen,2001,3611,92.5
77 Verhuur van roerende goederen,2002,3539,92.7
77 Verhuur van roerende goederen,2003,3384,94.9
77 Verhuur van roerende goederen,2004,3557,96.3
77 Verhuur van roerende goederen,2005,3669,100
77 Verhuur van roerende goederen,2006,3743,105.7
77 Verhuur van roerende goederen,2007,3993,108
77 Verhuur van roerende goederen,2008,4568,103.5
77 Verhuur van roerende goederen,2009,4624,104.7
77 Verhuur van roerende goederen,2010,4652,102.6
77 Verhuur van roerende goederen,2011,4801,103
78 Uitzendbureaus en arbeidsbemiddeling,1988,410,59.6
78 Uitzendbureaus en arbeidsbemiddeling,1989,463,59.8
78 Uitzendbureaus en arbeidsbemiddeling,1990,516,62.5
78 Uitzendbureaus en arbeidsbemiddeling,1991,573,67.9
78 Uitzendbureaus en arbeidsbemiddeling,1992,638,71.5
78 Uitzendbureaus en arbeidsbemiddeling,1993,677,72.2
78 Uitzendbureaus en arbeidsbemiddeling,1994,851,73.4
78 Uitzendbureaus en arbeidsbemiddeling,1995,931,74.4
78 Uitzendbureaus en arbeidsbemiddeling,1996,1128,75.6
78 Uitzendbureaus en arbeidsbemiddeling,1997,1415,77.7
78 Uitzendbureaus en arbeidsbemiddeling,1998,1818,80.2
78 Uitzendbureaus en arbeidsbemiddeling,1999,2017,82.6
78 Uitzendbureaus en arbeidsbemiddeling,2000,2203,88.5
78 Uitzendbureaus en arbeidsbemiddeling,2001,2325,94.1
78 Uitzendbureaus en arbeidsbemiddeling,2002,2266,96.5
78 Uitzendbureaus en arbeidsbemiddeling,2003,2161,97.6
78 Uitzendbureaus en arbeidsbemiddeling,2004,2174,99
78 Uitzendbureaus en arbeidsbemiddeling,2005,2382,100
78 Uitzendbureaus en arbeidsbemiddeling,2006,2702,103.9
78 Uitzendbureaus en arbeidsbemiddeling,2007,3090,108.6
78 Uitzendbureaus en arbeidsbemiddeling,2008,3414,113.6
78 Uitzendbureaus en arbeidsbemiddeling,2009,3093,116.5
78 Uitzendbureaus en arbeidsbemiddeling,2010,3051,116.2
78 Uitzendbureaus en arbeidsbemiddeling,2011,3182,117.3
79 Reisbureaus  reisorganisatie en -info,1988,1723,60.6
79 Reisbureaus  reisorganisatie en -info,1989,1798,60.8
79 Reisbureaus  reisorganisatie en -info,1990,1896,62.2
79 Reisbureaus  reisorganisatie en -info,1991,1993,61.3
79 Reisbureaus  reisorganisatie en -info,1992,2098,70.6
79 Reisbureaus  reisorganisatie en -info,1993,2116,84.5
79 Reisbureaus  reisorganisatie en -info,1994,2236,82.1
79 Reisbureaus  reisorganisatie en -info,1995,2343,79.7
79 Reisbureaus  reisorganisatie en -info,1996,2567,74.7
79 Reisbureaus  reisorganisatie en -info,1997,2828,70.9
79 Reisbureaus  reisorganisatie en -info,1998,3073,77.2
79 Reisbureaus  reisorganisatie en -info,1999,3424,75.8
79 Reisbureaus  reisorganisatie en -info,2000,3814,74
79 Reisbureaus  reisorganisatie en -info,2001,4027,84.3
79 Reisbureaus  reisorganisatie en -info,2002,4158,86.3
79 Reisbureaus  reisorganisatie en -info,2003,3983,97.9
79 Reisbureaus  reisorganisatie en -info,2004,4060,97
79 Reisbureaus  reisorganisatie en -info,2005,4255,100
79 Reisbureaus  reisorganisatie en -info,2006,4423,102.9
79 Reisbureaus  reisorganisatie en -info,2007,4694,110.6
79 Reisbureaus  reisorganisatie en -info,2008,4882,107.3
79 Reisbureaus  reisorganisatie en -info,2009,4440,145.3
79 Reisbureaus  reisorganisatie en -info,2010,4724,142.6
79 Reisbureaus  reisorganisatie en -info,2011,5018,144.3
80-82 Beveiliging en ov. zakelijke diens,1988,1057,61
80-82 Beveiliging en ov. zakelijke diens,1989,1163,62.1
80-82 Beveiliging en ov. zakelijke diens,1990,1291,63.7
80-82 Beveiliging en ov. zakelijke diens,1991,1473,65.5
80-82 Beveiliging en ov. zakelijke diens,1992,1578,68.4
80-82 Beveiliging en ov. zakelijke diens,1993,1651,70.2
80-82 Beveiliging en ov. zakelijke diens,1994,1746,72.3
80-82 Beveiliging en ov. zakelijke diens,1995,1901,73.8
80-82 Beveiliging en ov. zakelijke diens,1996,2180,75.7
80-82 Beveiliging en ov. zakelijke diens,1997,2503,77.6
80-82 Beveiliging en ov. zakelijke diens,1998,2834,80.5
80-82 Beveiliging en ov. zakelijke diens,1999,3244,82.9
80-82 Beveiliging en ov. zakelijke diens,2000,3760,86.1
80-82 Beveiliging en ov. zakelijke diens,2001,4183,91.2
80-82 Beveiliging en ov. zakelijke diens,2002,4251,95.8
80-82 Beveiliging en ov. zakelijke diens,2003,4110,99.3
80-82 Beveiliging en ov. zakelijke diens,2004,4356,100.8
80-82 Beveiliging en ov. zakelijke diens,2005,4522,100
80-82 Beveiliging en ov. zakelijke diens,2006,4853,99.7
80-82 Beveiliging en ov. zakelijke diens,2007,5195,101.9
80-82 Beveiliging en ov. zakelijke diens,2008,5571,104.7
80-82 Beveiliging en ov. zakelijke diens,2009,5467,109.3
80-82 Beveiliging en ov. zakelijke diens,2010,5448,110.1
80-82 Beveiliging en ov. zakelijke diens,2011,5521,110.5
84 Openbaar bestuur en overheidsdiensten,1988,9380,64.3
84 Openbaar bestuur en overheidsdiensten,1989,9799,64.2
84 Openbaar bestuur en overheidsdiensten,1990,10379,65.5
84 Openbaar bestuur en overheidsdiensten,1991,10831,68
84 Openbaar bestuur en overheidsdiensten,1992,11152,71
84 Openbaar bestuur en overheidsdiensten,1993,11896,72.4
84 Openbaar bestuur en overheidsdiensten,1994,12514,73.9
84 Openbaar bestuur en overheidsdiensten,1995,13007,76.4
84 Openbaar bestuur en overheidsdiensten,1996,13601,77.2
84 Openbaar bestuur en overheidsdiensten,1997,13948,78.5
84 Openbaar bestuur en overheidsdiensten,1998,14511,80.1
84 Openbaar bestuur en overheidsdiensten,1999,16069,82.3
84 Openbaar bestuur en overheidsdiensten,2000,17113,85.5
84 Openbaar bestuur en overheidsdiensten,2001,19876,89.6
84 Openbaar bestuur en overheidsdiensten,2002,21503,92.9
84 Openbaar bestuur en overheidsdiensten,2003,23142,95.3
84 Openbaar bestuur en overheidsdiensten,2004,23215,97.7
84 Openbaar bestuur en overheidsdiensten,2005,23913,100
84 Openbaar bestuur en overheidsdiensten,2006,25886,101.7
84 Openbaar bestuur en overheidsdiensten,2007,27042,104.8
84 Openbaar bestuur en overheidsdiensten,2008,29461,108.3
84 Openbaar bestuur en overheidsdiensten,2009,32388,110
84 Openbaar bestuur en overheidsdiensten,2010,31561,109.9
84 Openbaar bestuur en overheidsdiensten,2011,29914,110.7
85 Onderwijs,1988,2606,47.1
85 Onderwijs,1989,2659,48
85 Onderwijs,1990,2697,50.4
85 Onderwijs,1991,2757,52
85 Onderwijs,1992,2967,55.6
85 Onderwijs,1993,3013,57.1
85 Onderwijs,1994,3105,59.2
85 Onderwijs,1995,3228,61
85 Onderwijs,1996,3396,61.6
85 Onderwijs,1997,3716,64.2
85 Onderwijs,1998,4010,68
85 Onderwijs,1999,4343,72.7
85 Onderwijs,2000,4659,77.8
85 Onderwijs,2001,5220,83.4
85 Onderwijs,2002,5568,89.5
85 Onderwijs,2003,5644,94
85 Onderwijs,2004,5803,96.9
85 Onderwijs,2005,6081,100
85 Onderwijs,2006,6514,102.7
85 Onderwijs,2007,7126,108.1
85 Onderwijs,2008,7448,112.5
85 Onderwijs,2009,7667,118.9
85 Onderwijs,2010,7803,120.4
85 Onderwijs,2011,8062,120.2
86 Gezondheidszorg,1988,3072,57.1
86 Gezondheidszorg,1989,3193,58.1
86 Gezondheidszorg,1990,3355,60.6
86 Gezondheidszorg,1991,3647,63.8
86 Gezondheidszorg,1992,3882,65.6
86 Gezondheidszorg,1993,3947,66.1
86 Gezondheidszorg,1994,4187,66.4
86 Gezondheidszorg,1995,4367,67.6
86 Gezondheidszorg,1996,4600,67.9
86 Gezondheidszorg,1997,4775,69.5
86 Gezondheidszorg,1998,5048,72
86 Gezondheidszorg,1999,5365,76.4
86 Gezondheidszorg,2000,5689,80.5
86 Gezondheidszorg,2001,6370,88.7
86 Gezondheidszorg,2002,6955,97.1
86 Gezondheidszorg,2003,7432,100.1
86 Gezondheidszorg,2004,7763,100.3
86 Gezondheidszorg,2005,8108,100
86 Gezondheidszorg,2006,8456,102.5
86 Gezondheidszorg,2007,9068,105.8
86 Gezondheidszorg,2008,9884,107.3
86 Gezondheidszorg,2009,10464,109.3
86 Gezondheidszorg,2010,10853,109.9
86 Gezondheidszorg,2011,11426,109.5
87-88 Verzorging en welzijn,1988,2294,50.3
87-88 Verzorging en welzijn,1989,2372,51.4
87-88 Verzorging en welzijn,1990,2508,53.8
87-88 Verzorging en welzijn,1991,2685,56.3
87-88 Verzorging en welzijn,1992,2845,59
87-88 Verzorging en welzijn,1993,2883,61.3
87-88 Verzorging en welzijn,1994,3113,63.2
87-88 Verzorging en welzijn,1995,3283,64.3
87-88 Verzorging en welzijn,1996,3492,65.2
87-88 Verzorging en welzijn,1997,3600,68.3
87-88 Verzorging en welzijn,1998,3852,70.7
87-88 Verzorging en welzijn,1999,4171,74.1
87-88 Verzorging en welzijn,2000,4542,79.5
87-88 Verzorging en welzijn,2001,5042,83.1
87-88 Verzorging en welzijn,2002,5380,90
87-88 Verzorging en welzijn,2003,5696,94.6
87-88 Verzorging en welzijn,2004,5743,97.3
87-88 Verzorging en welzijn,2005,5970,100
87-88 Verzorging en welzijn,2006,6292,101
87-88 Verzorging en welzijn,2007,6649,103.1
87-88 Verzorging en welzijn,2008,7181,106
87-88 Verzorging en welzijn,2009,7405,108.2
87-88 Verzorging en welzijn,2010,7601,110.2
87-88 Verzorging en welzijn,2011,7946,109.9
90-92 Kunst  cultuur en loterij,1988,1286,60.2
90-92 Kunst  cultuur en loterij,1989,1345,62.1
90-92 Kunst  cultuur en loterij,1990,1410,63.3
90-92 Kunst  cultuur en loterij,1991,1499,65.7
90-92 Kunst  cultuur en loterij,1992,1631,68.7
90-92 Kunst  cultuur en loterij,1993,1740,71.5
90-92 Kunst  cultuur en loterij,1994,1839,73.8
90-92 Kunst  cultuur en loterij,1995,1922,73.6
90-92 Kunst  cultuur en loterij,1996,2038,76.1
90-92 Kunst  cultuur en loterij,1997,2214,79.6
90-92 Kunst  cultuur en loterij,1998,2401,82.7
90-92 Kunst  cultuur en loterij,1999,2657,84.4
90-92 Kunst  cultuur en loterij,2000,2850,87.9
90-92 Kunst  cultuur en loterij,2001,3207,89.2
90-92 Kunst  cultuur en loterij,2002,3378,92.1
90-92 Kunst  cultuur en loterij,2003,3481,95.7
90-92 Kunst  cultuur en loterij,2004,3595,100.5
90-92 Kunst  cultuur en loterij,2005,3712,100
90-92 Kunst  cultuur en loterij,2006,3989,97.2
90-92 Kunst  cultuur en loterij,2007,4209,98.7
90-92 Kunst  cultuur en loterij,2008,4316,102.8
90-92 Kunst  cultuur en loterij,2009,4217,108.4
90-92 Kunst  cultuur en loterij,2010,4227,112.1
90-92 Kunst  cultuur en loterij,2011,4205,114.4
93 Sport en recreatie,1988,816,50.5
93 Sport en recreatie,1989,844,52.4
93 Sport en recreatie,1990,881,54.1
93 Sport en recreatie,1991,940,55.6
93 Sport en recreatie,1992,995,58.7
93 Sport en recreatie,1993,1043,60.5
93 Sport en recreatie,1994,1093,61.2
93 Sport en recreatie,1995,1148,61.2
93 Sport en recreatie,1996,1221,63.9
93 Sport en recreatie,1997,1275,68.7
93 Sport en recreatie,1998,1369,72.3
93 Sport en recreatie,1999,1492,76.2
93 Sport en recreatie,2000,1602,80.6
93 Sport en recreatie,2001,1753,83.5
93 Sport en recreatie,2002,1785,91.5
93 Sport en recreatie,2003,1918,97
93 Sport en recreatie,2004,1892,97.8
93 Sport en recreatie,2005,1985,100
93 Sport en recreatie,2006,2122,99.8
93 Sport en recreatie,2007,2217,102.7
93 Sport en recreatie,2008,2324,102.1
93 Sport en recreatie,2009,2323,107.5
93 Sport en recreatie,2010,2345,111.6
93 Sport en recreatie,2011,2361,114.1
94 Ideële  belangen-  hobbyverenigingen,1988,783,63.3
94 Ideële  belangen-  hobbyverenigingen,1989,831,64.1
94 Ideële  belangen-  hobbyverenigingen,1990,867,66.7
94 Ideële  belangen-  hobbyverenigingen,1991,969,67.7
94 Ideële  belangen-  hobbyverenigingen,1992,1023,70.4
94 Ideële  belangen-  hobbyverenigingen,1993,1079,71.9
94 Ideële  belangen-  hobbyverenigingen,1994,1108,71.8
94 Ideële  belangen-  hobbyverenigingen,1995,1128,72.7
94 Ideële  belangen-  hobbyverenigingen,1996,1199,74.6
94 Ideële  belangen-  hobbyverenigingen,1997,1285,80.8
94 Ideële  belangen-  hobbyverenigingen,1998,1353,83.9
94 Ideële  belangen-  hobbyverenigingen,1999,1467,84.3
94 Ideële  belangen-  hobbyverenigingen,2000,1592,87
94 Ideële  belangen-  hobbyverenigingen,2001,1643,91.1
94 Ideële  belangen-  hobbyverenigingen,2002,1695,93.9
94 Ideële  belangen-  hobbyverenigingen,2003,1761,98.2
94 Ideële  belangen-  hobbyverenigingen,2004,1863,101
94 Ideële  belangen-  hobbyverenigingen,2005,1959,100
94 Ideële  belangen-  hobbyverenigingen,2006,2079,100.1
94 Ideële  belangen-  hobbyverenigingen,2007,2218,99.2
94 Ideële  belangen-  hobbyverenigingen,2008,2401,101.5
94 Ideële  belangen-  hobbyverenigingen,2009,2316,108.2
94 Ideële  belangen-  hobbyverenigingen,2010,2326,111.1
94 Ideële  belangen-  hobbyverenigingen,2011,2329,114.9
95 Reparatie van consumentenartikelen,1988,172,61.6
95 Reparatie van consumentenartikelen,1989,184,62.7
95 Reparatie van consumentenartikelen,1990,198,64.3
95 Reparatie van consumentenartikelen,1991,209,66.3
95 Reparatie van consumentenartikelen,1992,219,69.4
95 Reparatie van consumentenartikelen,1993,219,73.5
95 Reparatie van consumentenartikelen,1994,228,75
95 Reparatie van consumentenartikelen,1995,245,75.9
95 Reparatie van consumentenartikelen,1996,254,78
95 Reparatie van consumentenartikelen,1997,282,79
95 Reparatie van consumentenartikelen,1998,310,80.2
95 Reparatie van consumentenartikelen,1999,331,82.8
95 Reparatie van consumentenartikelen,2000,358,86.6
95 Reparatie van consumentenartikelen,2001,365,91.7
95 Reparatie van consumentenartikelen,2002,353,96
95 Reparatie van consumentenartikelen,2003,336,99.2
95 Reparatie van consumentenartikelen,2004,341,99.5
95 Reparatie van consumentenartikelen,2005,354,100
95 Reparatie van consumentenartikelen,2006,380,101.5
95 Reparatie van consumentenartikelen,2007,406,104.7
95 Reparatie van consumentenartikelen,2008,411,110.7
95 Reparatie van consumentenartikelen,2009,387,116.9
95 Reparatie van consumentenartikelen,2010,388,118.5
95 Reparatie van consumentenartikelen,2011,391,120.2
96 Overige persoonlijke dienstverlening,1988,641,41.6
96 Overige persoonlijke dienstverlening,1989,660,43.9
96 Overige persoonlijke dienstverlening,1990,668,45.4
96 Overige persoonlijke dienstverlening,1991,707,47.5
96 Overige persoonlijke dienstverlening,1992,726,51.1
96 Overige persoonlijke dienstverlening,1993,747,54.7
96 Overige persoonlijke dienstverlening,1994,776,57
96 Overige persoonlijke dienstverlening,1995,823,59.2
96 Overige persoonlijke dienstverlening,1996,827,61.6
96 Overige persoonlijke dienstverlening,1997,875,64.3
96 Overige persoonlijke dienstverlening,1998,949,67
96 Overige persoonlijke dienstverlening,1999,1036,70.7
96 Overige persoonlijke dienstverlening,2000,1132,75.5
96 Overige persoonlijke dienstverlening,2001,1222,80.7
96 Overige persoonlijke dienstverlening,2002,1305,87.6
96 Overige persoonlijke dienstverlening,2003,1367,93.3
96 Overige persoonlijke dienstverlening,2004,1395,97.3
96 Overige persoonlijke dienstverlening,2005,1437,100
96 Overige persoonlijke dienstverlening,2006,1458,103
96 Overige persoonlijke dienstverlening,2007,1521,107.6
96 Overige persoonlijke dienstverlening,2008,1577,111.2
96 Overige persoonlijke dienstverlening,2009,1538,118.6
96 Overige persoonlijke dienstverlening,2010,1519,122.7
96 Overige persoonlijke dienstverlening,2011,1516,123.9
97 Huishoudens met personeel,1988,,53.3
97 Huishoudens met personeel,1989,,54.9
97 Huishoudens met personeel,1990,,57.2
97 Huishoudens met personeel,1991,,59.8
97 Huishoudens met personeel,1992,,62.1
97 Huishoudens met personeel,1993,,63.1
97 Huishoudens met personeel,1994,,65.5
97 Huishoudens met personeel,1995,,66.8
97 Huishoudens met personeel,1996,,69
97 Huishoudens met personeel,1997,,71.4
97 Huishoudens met personeel,1998,,73.9
97 Huishoudens met personeel,1999,,77.4
97 Huishoudens met personeel,2000,,80.4
97 Huishoudens met personeel,2001,,84.4
97 Huishoudens met personeel,2002,,91.4
97 Huishoudens met personeel,2003,,94.9
97 Huishoudens met personeel,2004,,98
97 Huishoudens met personeel,2005,,100
97 Huishoudens met personeel,2006,,103.2
97 Huishoudens met personeel,2007,,105.9
97 Huishoudens met personeel,2008,,109.3
97 Huishoudens met personeel,2009,,113
97 Huishoudens met personeel,2010,,115.9
97 Huishoudens met personeel,2011,,119.7
99 Extraterritoriale organisaties,1988,,
99 Extraterritoriale organisaties,1989,,
99 Extraterritoriale organisaties,1990,,
99 Extraterritoriale organisaties,1991,,
99 Extraterritoriale organisaties,1992,,
99 Extraterritoriale organisaties,1993,,
99 Extraterritoriale organisaties,1994,,
99 Extraterritoriale organisaties,1995,,
99 Extraterritoriale organisaties,1996,,
99 Extraterritoriale organisaties,1997,,
99 Extraterritoriale organisaties,1998,,
99 Extraterritoriale organisaties,1999,,
99 Extraterritoriale organisaties,2000,,
99 Extraterritoriale organisaties,2001,,
99 Extraterritoriale organisaties,2002,,
99 Extraterritoriale organisaties,2003,,
99 Extraterritoriale organisaties,2004,,
99 Extraterritoriale organisaties,2005,,
99 Extraterritoriale organisaties,2006,,
99 Extraterritoriale organisaties,2007,,
99 Extraterritoriale organisaties,2008,,
99 Extraterritoriale organisaties,2009,,
99 Extraterritoriale organisaties,2010,,
99 Extraterritoriale organisaties,2011,,
Goederen en diensten n.e.g.,1988,846,
Goederen en diensten n.e.g.,1989,905,
Goederen en diensten n.e.g.,1990,935,
Goederen en diensten n.e.g.,1991,997,
Goederen en diensten n.e.g.,1992,1052,
Goederen en diensten n.e.g.,1993,1086,
Goederen en diensten n.e.g.,1994,1130,
Goederen en diensten n.e.g.,1995,1130,
Goederen en diensten n.e.g.,1996,1166,
Goederen en diensten n.e.g.,1997,1192,
Goederen en diensten n.e.g.,1998,1214,
Goederen en diensten n.e.g.,1999,1225,
Goederen en diensten n.e.g.,2000,1255,
Goederen en diensten n.e.g.,2001,1269,
Goederen en diensten n.e.g.,2002,1276,
Goederen en diensten n.e.g.,2003,1244,
Goederen en diensten n.e.g.,2004,1225,
Goederen en diensten n.e.g.,2005,1214,
Goederen en diensten n.e.g.,2006,1205,
Goederen en diensten n.e.g.,2007,1252,
Goederen en diensten n.e.g.,2008,1315,
Goederen en diensten n.e.g.,2009,1274,
Goederen en diensten n.e.g.,2010,1289,
Goederen en diensten n.e.g.,2011,1320,
Verschil toegerekende en afgedragen BTW,1988,,
Verschil toegerekende en afgedragen BTW,1989,,
Verschil toegerekende en afgedragen BTW,1990,,
Verschil toegerekende en afgedragen BTW,1991,,
Verschil toegerekende en afgedragen BTW,1992,,
Verschil toegerekende en afgedragen BTW,1993,,
Verschil toegerekende en afgedragen BTW,1994,,
Verschil toegerekende en afgedragen BTW,1995,,
Verschil toegerekende en afgedragen BTW,1996,,
Verschil toegerekende en afgedragen BTW,1997,,
Verschil toegerekende en afgedragen BTW,1998,,
Verschil toegerekende en afgedragen BTW,1999,,
Verschil toegerekende en afgedragen BTW,2000,,
Verschil toegerekende en afgedragen BTW,2001,,
Verschil toegerekende en afgedragen BTW,2002,,
Verschil toegerekende en afgedragen BTW,2003,,
Verschil toegerekende en afgedragen BTW,2004,,
Verschil toegerekende en afgedragen BTW,2005,,
Verschil toegerekende en afgedragen BTW,2006,,
Verschil toegerekende en afgedragen BTW,2007,,
Verschil toegerekende en afgedragen BTW,2008,,
Verschil toegerekende en afgedragen BTW,2009,,
Verschil toegerekende en afgedragen BTW,2010,,
Verschil toegerekende en afgedragen BTW,2011,,
Totaal activiteiten en overige posten,1988,216632,68.9
Totaal activiteiten en overige posten,1989,235515,69.9
Totaal activiteiten en overige posten,1990,246786,70.9
Totaal activiteiten en overige posten,1991,261007,73.2
Totaal activiteiten en overige posten,1992,266812,75
Totaal activiteiten en overige posten,1993,267134,76.1
Totaal activiteiten en overige posten,1994,281274,77.5
Totaal activiteiten en overige posten,1995,298278,78.4
Totaal activiteiten en overige posten,1996,320046,79.3
Totaal activiteiten en overige posten,1997,344281,81.2
Totaal activiteiten en overige posten,1998,361164,82.7
Totaal activiteiten en overige posten,1999,385207,84.1
Totaal activiteiten en overige posten,2000,432746,87.7
Totaal activiteiten en overige posten,2001,455608,91.6
Totaal activiteiten en overige posten,2002,456053,95.3
Totaal activiteiten en overige posten,2003,458236,97.4
Totaal activiteiten en overige posten,2004,476982,97.8
Totaal activiteiten en overige posten,2005,505825,100
Totaal activiteiten en overige posten,2006,542771,101.6
Totaal activiteiten en overige posten,2007,577872,103.6
Totaal activiteiten en overige posten,2008,621204,105.6
Totaal activiteiten en overige posten,2009,585563,105.6
Totaal activiteiten en overige posten,2010,615336,106.8
Totaal activiteiten en overige posten,2011,648254,108.2
