Jaar,regio,Misdrijf,Slachtofferpercentage
2008*,Nederland,Slachtofferschap totaal,26.1
2008*,Nederland,Geweldsdelicten,5.4
2008*,Nederland,Vermogensdelicten,13.2
2008*,Nederland,Vandalismedelicten,13.6
2008*,Nederland,Overige delicten,1
2008*,Groningen (PO),Slachtofferschap totaal,24.1
2008*,Groningen (PO),Geweldsdelicten,5.6
2008*,Groningen (PO),Vermogensdelicten,11
2008*,Groningen (PO),Vandalismedelicten,12.3
2008*,Groningen (PO),Overige delicten,1.5
2008*,Friesland (PO),Slachtofferschap totaal,21.3
2008*,Friesland (PO),Geweldsdelicten,4.7
2008*,Friesland (PO),Vermogensdelicten,9.4
2008*,Friesland (PO),Vandalismedelicten,12
2008*,Friesland (PO),Overige delicten,0.5
2008*,Drenthe (PO),Slachtofferschap totaal,19.4
2008*,Drenthe (PO),Geweldsdelicten,4.1
2008*,Drenthe (PO),Vermogensdelicten,8.9
2008*,Drenthe (PO),Vandalismedelicten,9.2
2008*,Drenthe (PO),Overige delicten,0.6
2008*,IJsselland (PO),Slachtofferschap totaal,21.3
2008*,IJsselland (PO),Geweldsdelicten,5.2
2008*,IJsselland (PO),Vermogensdelicten,9.7
2008*,IJsselland (PO),Vandalismedelicten,10.9
2008*,IJsselland (PO),Overige delicten,0.6
2008*,Twente (PO),Slachtofferschap totaal,23.7
2008*,Twente (PO),Geweldsdelicten,5.5
2008*,Twente (PO),Vermogensdelicten,12.6
2008*,Twente (PO),Vandalismedelicten,11.6
2008*,Twente (PO),Overige delicten,1
2008*,Noord- en Oost-Gelderland (PO),Slachtofferschap totaal,19.6
2008*,Noord- en Oost-Gelderland (PO),Geweldsdelicten,4
2008*,Noord- en Oost-Gelderland (PO),Vermogensdelicten,9.5
2008*,Noord- en Oost-Gelderland (PO),Vandalismedelicten,9.1
2008*,Noord- en Oost-Gelderland (PO),Overige delicten,0.6
2008*,Gelderland-Midden (PO),Slachtofferschap totaal,25.1
2008*,Gelderland-Midden (PO),Geweldsdelicten,4.5
2008*,Gelderland-Midden (PO),Vermogensdelicten,12.2
2008*,Gelderland-Midden (PO),Vandalismedelicten,13.8
2008*,Gelderland-Midden (PO),Overige delicten,1.6
2008*,Gelderland-Zuid (PO),Slachtofferschap totaal,27.6
2008*,Gelderland-Zuid (PO),Geweldsdelicten,6.4
2008*,Gelderland-Zuid (PO),Vermogensdelicten,17.8
2008*,Gelderland-Zuid (PO),Vandalismedelicten,14.2
2008*,Gelderland-Zuid (PO),Overige delicten,1
2008*,Utrecht (PO),Slachtofferschap totaal,29.5
2008*,Utrecht (PO),Geweldsdelicten,5.7
2008*,Utrecht (PO),Vermogensdelicten,15.5
2008*,Utrecht (PO),Vandalismedelicten,15.9
2008*,Utrecht (PO),Overige delicten,1
2008*,Noord-Holland-Noord (PO),Slachtofferschap totaal,24.1
2008*,Noord-Holland-Noord (PO),Geweldsdelicten,4.9
2008*,Noord-Holland-Noord (PO),Vermogensdelicten,13
2008*,Noord-Holland-Noord (PO),Vandalismedelicten,10.2
2008*,Noord-Holland-Noord (PO),Overige delicten,0.5
2008*,Zaanstreek-Waterland (PO),Slachtofferschap totaal,26.1
2008*,Zaanstreek-Waterland (PO),Geweldsdelicten,4.3
2008*,Zaanstreek-Waterland (PO),Vermogensdelicten,12.5
2008*,Zaanstreek-Waterland (PO),Vandalismedelicten,14
2008*,Zaanstreek-Waterland (PO),Overige delicten,1.4
2008*,Kennemerland (PO),Slachtofferschap totaal,27
2008*,Kennemerland (PO),Geweldsdelicten,4.8
2008*,Kennemerland (PO),Vermogensdelicten,11.7
2008*,Kennemerland (PO),Vandalismedelicten,14.6
2008*,Kennemerland (PO),Overige delicten,0.9
2008*,Amsterdam-Amstelland (PO),Slachtofferschap totaal,37.3
2008*,Amsterdam-Amstelland (PO),Geweldsdelicten,8.6
2008*,Amsterdam-Amstelland (PO),Vermogensdelicten,21.6
2008*,Amsterdam-Amstelland (PO),Vandalismedelicten,19.1
2008*,Amsterdam-Amstelland (PO),Overige delicten,1.6
2008*,Gooi en Vechtstreek (PO),Slachtofferschap totaal,29.5
2008*,Gooi en Vechtstreek (PO),Geweldsdelicten,5.6
2008*,Gooi en Vechtstreek (PO),Vermogensdelicten,12.1
2008*,Gooi en Vechtstreek (PO),Vandalismedelicten,18.4
2008*,Gooi en Vechtstreek (PO),Overige delicten,0.9
2008*,Haaglanden (PO),Slachtofferschap totaal,32.2
2008*,Haaglanden (PO),Geweldsdelicten,6.7
2008*,Haaglanden (PO),Vermogensdelicten,16.6
2008*,Haaglanden (PO),Vandalismedelicten,16.5
2008*,Haaglanden (PO),Overige delicten,1.2
2008*,Hollands Midden (PO),Slachtofferschap totaal,28.5
2008*,Hollands Midden (PO),Geweldsdelicten,5.6
2008*,Hollands Midden (PO),Vermogensdelicten,13.9
2008*,Hollands Midden (PO),Vandalismedelicten,15.8
2008*,Hollands Midden (PO),Overige delicten,1
2008*,Rotterdam-Rijnmond (PO),Slachtofferschap totaal,29.3
2008*,Rotterdam-Rijnmond (PO),Geweldsdelicten,6.3
2008*,Rotterdam-Rijnmond (PO),Vermogensdelicten,14.8
2008*,Rotterdam-Rijnmond (PO),Vandalismedelicten,15
2008*,Rotterdam-Rijnmond (PO),Overige delicten,1.1
2008*,Zuid-Holland-Zuid (PO),Slachtofferschap totaal,23.2
2008*,Zuid-Holland-Zuid (PO),Geweldsdelicten,5.1
2008*,Zuid-Holland-Zuid (PO),Vermogensdelicten,9
2008*,Zuid-Holland-Zuid (PO),Vandalismedelicten,14.9
2008*,Zuid-Holland-Zuid (PO),Overige delicten,0.7
2008*,Zeeland (PO),Slachtofferschap totaal,18.8
2008*,Zeeland (PO),Geweldsdelicten,3.5
2008*,Zeeland (PO),Vermogensdelicten,7.4
2008*,Zeeland (PO),Vandalismedelicten,10.5
2008*,Zeeland (PO),Overige delicten,0.7
2008*,Midden- en West-Brabant (PO),Slachtofferschap totaal,23.7
2008*,Midden- en West-Brabant (PO),Geweldsdelicten,3.5
2008*,Midden- en West-Brabant (PO),Vermogensdelicten,11.4
2008*,Midden- en West-Brabant (PO),Vandalismedelicten,12.8
2008*,Midden- en West-Brabant (PO),Overige delicten,1.3
2008*,Brabant-Noord (PO),Slachtofferschap totaal,19.8
2008*,Brabant-Noord (PO),Geweldsdelicten,4.2
2008*,Brabant-Noord (PO),Vermogensdelicten,9.4
2008*,Brabant-Noord (PO),Vandalismedelicten,9.7
2008*,Brabant-Noord (PO),Overige delicten,0.4
2008*,Brabant-Zuidoost (PO),Slachtofferschap totaal,27.5
2008*,Brabant-Zuidoost (PO),Geweldsdelicten,6.9
2008*,Brabant-Zuidoost (PO),Vermogensdelicten,14
2008*,Brabant-Zuidoost (PO),Vandalismedelicten,16.1
2008*,Brabant-Zuidoost (PO),Overige delicten,0.7
2008*,Limburg-Noord (PO),Slachtofferschap totaal,20.9
2008*,Limburg-Noord (PO),Geweldsdelicten,4.1
2008*,Limburg-Noord (PO),Vermogensdelicten,12.1
2008*,Limburg-Noord (PO),Vandalismedelicten,10.2
2008*,Limburg-Noord (PO),Overige delicten,1.7
2008*,Limburg-Zuid (PO),Slachtofferschap totaal,28.4
2008*,Limburg-Zuid (PO),Geweldsdelicten,5.8
2008*,Limburg-Zuid (PO),Vermogensdelicten,15.1
2008*,Limburg-Zuid (PO),Vandalismedelicten,13.1
2008*,Limburg-Zuid (PO),Overige delicten,0.7
2008*,Flevoland (PO),Slachtofferschap totaal,28.9
2008*,Flevoland (PO),Geweldsdelicten,4.9
2008*,Flevoland (PO),Vermogensdelicten,15.2
2008*,Flevoland (PO),Vandalismedelicten,14.4
2008*,Flevoland (PO),Overige delicten,1
2009*,Nederland,Slachtofferschap totaal,26.9
2009*,Nederland,Geweldsdelicten,5.7
2009*,Nederland,Vermogensdelicten,13.3
2009*,Nederland,Vandalismedelicten,14.2
2009*,Nederland,Overige delicten,1
2009*,Groningen (PO),Slachtofferschap totaal,26.8
2009*,Groningen (PO),Geweldsdelicten,7.3
2009*,Groningen (PO),Vermogensdelicten,13.4
2009*,Groningen (PO),Vandalismedelicten,13.8
2009*,Groningen (PO),Overige delicten,1.2
2009*,Friesland (PO),Slachtofferschap totaal,21.7
2009*,Friesland (PO),Geweldsdelicten,4.9
2009*,Friesland (PO),Vermogensdelicten,9
2009*,Friesland (PO),Vandalismedelicten,11.8
2009*,Friesland (PO),Overige delicten,0.7
2009*,Drenthe (PO),Slachtofferschap totaal,25.2
2009*,Drenthe (PO),Geweldsdelicten,5.4
2009*,Drenthe (PO),Vermogensdelicten,10.9
2009*,Drenthe (PO),Vandalismedelicten,12.6
2009*,Drenthe (PO),Overige delicten,0.6
2009*,IJsselland (PO),Slachtofferschap totaal,23.3
2009*,IJsselland (PO),Geweldsdelicten,4.3
2009*,IJsselland (PO),Vermogensdelicten,10.8
2009*,IJsselland (PO),Vandalismedelicten,12.7
2009*,IJsselland (PO),Overige delicten,0.7
2009*,Twente (PO),Slachtofferschap totaal,21.8
2009*,Twente (PO),Geweldsdelicten,4.3
2009*,Twente (PO),Vermogensdelicten,10
2009*,Twente (PO),Vandalismedelicten,13.5
2009*,Twente (PO),Overige delicten,0.2
2009*,Noord- en Oost-Gelderland (PO),Slachtofferschap totaal,19.9
2009*,Noord- en Oost-Gelderland (PO),Geweldsdelicten,4.2
2009*,Noord- en Oost-Gelderland (PO),Vermogensdelicten,7.9
2009*,Noord- en Oost-Gelderland (PO),Vandalismedelicten,11.7
2009*,Noord- en Oost-Gelderland (PO),Overige delicten,0.8
2009*,Gelderland-Midden (PO),Slachtofferschap totaal,25.8
2009*,Gelderland-Midden (PO),Geweldsdelicten,5.5
2009*,Gelderland-Midden (PO),Vermogensdelicten,13.1
2009*,Gelderland-Midden (PO),Vandalismedelicten,13.1
2009*,Gelderland-Midden (PO),Overige delicten,0.9
2009*,Gelderland-Zuid (PO),Slachtofferschap totaal,25.8
2009*,Gelderland-Zuid (PO),Geweldsdelicten,5.2
2009*,Gelderland-Zuid (PO),Vermogensdelicten,12.8
2009*,Gelderland-Zuid (PO),Vandalismedelicten,12.5
2009*,Gelderland-Zuid (PO),Overige delicten,0.6
2009*,Utrecht (PO),Slachtofferschap totaal,28
2009*,Utrecht (PO),Geweldsdelicten,5.5
2009*,Utrecht (PO),Vermogensdelicten,14
2009*,Utrecht (PO),Vandalismedelicten,15.2
2009*,Utrecht (PO),Overige delicten,1.2
2009*,Noord-Holland-Noord (PO),Slachtofferschap totaal,28.7
2009*,Noord-Holland-Noord (PO),Geweldsdelicten,6.6
2009*,Noord-Holland-Noord (PO),Vermogensdelicten,14.6
2009*,Noord-Holland-Noord (PO),Vandalismedelicten,14.4
2009*,Noord-Holland-Noord (PO),Overige delicten,1.6
2009*,Zaanstreek-Waterland (PO),Slachtofferschap totaal,28.1
2009*,Zaanstreek-Waterland (PO),Geweldsdelicten,6.6
2009*,Zaanstreek-Waterland (PO),Vermogensdelicten,12.3
2009*,Zaanstreek-Waterland (PO),Vandalismedelicten,16.2
2009*,Zaanstreek-Waterland (PO),Overige delicten,1.1
2009*,Kennemerland (PO),Slachtofferschap totaal,25.6
2009*,Kennemerland (PO),Geweldsdelicten,5
2009*,Kennemerland (PO),Vermogensdelicten,14.4
2009*,Kennemerland (PO),Vandalismedelicten,12.2
2009*,Kennemerland (PO),Overige delicten,1
2009*,Amsterdam-Amstelland (PO),Slachtofferschap totaal,36.2
2009*,Amsterdam-Amstelland (PO),Geweldsdelicten,8.4
2009*,Amsterdam-Amstelland (PO),Vermogensdelicten,20.8
2009*,Amsterdam-Amstelland (PO),Vandalismedelicten,18.1
2009*,Amsterdam-Amstelland (PO),Overige delicten,1.5
2009*,Gooi en Vechtstreek (PO),Slachtofferschap totaal,28.3
2009*,Gooi en Vechtstreek (PO),Geweldsdelicten,5.7
2009*,Gooi en Vechtstreek (PO),Vermogensdelicten,14.5
2009*,Gooi en Vechtstreek (PO),Vandalismedelicten,14.9
2009*,Gooi en Vechtstreek (PO),Overige delicten,1.1
2009*,Haaglanden (PO),Slachtofferschap totaal,31.3
2009*,Haaglanden (PO),Geweldsdelicten,6.2
2009*,Haaglanden (PO),Vermogensdelicten,15.6
2009*,Haaglanden (PO),Vandalismedelicten,17.3
2009*,Haaglanden (PO),Overige delicten,1
2009*,Hollands Midden (PO),Slachtofferschap totaal,24.3
2009*,Hollands Midden (PO),Geweldsdelicten,5.7
2009*,Hollands Midden (PO),Vermogensdelicten,11.8
2009*,Hollands Midden (PO),Vandalismedelicten,13.3
2009*,Hollands Midden (PO),Overige delicten,0.7
2009*,Rotterdam-Rijnmond (PO),Slachtofferschap totaal,28.5
2009*,Rotterdam-Rijnmond (PO),Geweldsdelicten,5.3
2009*,Rotterdam-Rijnmond (PO),Vermogensdelicten,14.8
2009*,Rotterdam-Rijnmond (PO),Vandalismedelicten,15
2009*,Rotterdam-Rijnmond (PO),Overige delicten,0.9
2009*,Zuid-Holland-Zuid (PO),Slachtofferschap totaal,24.9
2009*,Zuid-Holland-Zuid (PO),Geweldsdelicten,6
2009*,Zuid-Holland-Zuid (PO),Vermogensdelicten,9.2
2009*,Zuid-Holland-Zuid (PO),Vandalismedelicten,14.8
2009*,Zuid-Holland-Zuid (PO),Overige delicten,1.3
2009*,Zeeland (PO),Slachtofferschap totaal,22
2009*,Zeeland (PO),Geweldsdelicten,5.5
2009*,Zeeland (PO),Vermogensdelicten,9.2
2009*,Zeeland (PO),Vandalismedelicten,12.4
2009*,Zeeland (PO),Overige delicten,1.1
2009*,Midden- en West-Brabant (PO),Slachtofferschap totaal,28.3
2009*,Midden- en West-Brabant (PO),Geweldsdelicten,5.4
2009*,Midden- en West-Brabant (PO),Vermogensdelicten,14.3
2009*,Midden- en West-Brabant (PO),Vandalismedelicten,15.3
2009*,Midden- en West-Brabant (PO),Overige delicten,1
2009*,Brabant-Noord (PO),Slachtofferschap totaal,25.8
2009*,Brabant-Noord (PO),Geweldsdelicten,5
2009*,Brabant-Noord (PO),Vermogensdelicten,13.2
2009*,Brabant-Noord (PO),Vandalismedelicten,13.1
2009*,Brabant-Noord (PO),Overige delicten,0.7
2009*,Brabant-Zuidoost (PO),Slachtofferschap totaal,27.1
2009*,Brabant-Zuidoost (PO),Geweldsdelicten,4.8
2009*,Brabant-Zuidoost (PO),Vermogensdelicten,13.7
2009*,Brabant-Zuidoost (PO),Vandalismedelicten,14.6
2009*,Brabant-Zuidoost (PO),Overige delicten,0.8
2009*,Limburg-Noord (PO),Slachtofferschap totaal,23.3
2009*,Limburg-Noord (PO),Geweldsdelicten,5.7
2009*,Limburg-Noord (PO),Vermogensdelicten,11.4
2009*,Limburg-Noord (PO),Vandalismedelicten,11.4
2009*,Limburg-Noord (PO),Overige delicten,1.2
2009*,Limburg-Zuid (PO),Slachtofferschap totaal,30.8
2009*,Limburg-Zuid (PO),Geweldsdelicten,6.1
2009*,Limburg-Zuid (PO),Vermogensdelicten,16
2009*,Limburg-Zuid (PO),Vandalismedelicten,14.8
2009*,Limburg-Zuid (PO),Overige delicten,0.5
2009*,Flevoland (PO),Slachtofferschap totaal,29.1
2009*,Flevoland (PO),Geweldsdelicten,7.6
2009*,Flevoland (PO),Vermogensdelicten,14.6
2009*,Flevoland (PO),Vandalismedelicten,15.1
2009*,Flevoland (PO),Overige delicten,1.1
2010*,Nederland,Slachtofferschap totaal,25.4
2010*,Nederland,Geweldsdelicten,5.5
2010*,Nederland,Vermogensdelicten,12.5
2010*,Nederland,Vandalismedelicten,12.7
2010*,Nederland,Overige delicten,0.9
2010*,Groningen (PO),Slachtofferschap totaal,23.1
2010*,Groningen (PO),Geweldsdelicten,6.1
2010*,Groningen (PO),Vermogensdelicten,11.2
2010*,Groningen (PO),Vandalismedelicten,11.7
2010*,Groningen (PO),Overige delicten,1.5
2010*,Friesland (PO),Slachtofferschap totaal,21.8
2010*,Friesland (PO),Geweldsdelicten,4.1
2010*,Friesland (PO),Vermogensdelicten,10.8
2010*,Friesland (PO),Vandalismedelicten,10.6
2010*,Friesland (PO),Overige delicten,0.6
2010*,Drenthe (PO),Slachtofferschap totaal,16.8
2010*,Drenthe (PO),Geweldsdelicten,3.4
2010*,Drenthe (PO),Vermogensdelicten,8.3
2010*,Drenthe (PO),Vandalismedelicten,7.8
2010*,Drenthe (PO),Overige delicten,0.4
2010*,IJsselland (PO),Slachtofferschap totaal,22.4
2010*,IJsselland (PO),Geweldsdelicten,5.9
2010*,IJsselland (PO),Vermogensdelicten,8.2
2010*,IJsselland (PO),Vandalismedelicten,11.6
2010*,IJsselland (PO),Overige delicten,0.6
2010*,Twente (PO),Slachtofferschap totaal,19.1
2010*,Twente (PO),Geweldsdelicten,3.8
2010*,Twente (PO),Vermogensdelicten,9.4
2010*,Twente (PO),Vandalismedelicten,7.9
2010*,Twente (PO),Overige delicten,0.6
2010*,Noord- en Oost-Gelderland (PO),Slachtofferschap totaal,19.6
2010*,Noord- en Oost-Gelderland (PO),Geweldsdelicten,4.2
2010*,Noord- en Oost-Gelderland (PO),Vermogensdelicten,9.1
2010*,Noord- en Oost-Gelderland (PO),Vandalismedelicten,9.1
2010*,Noord- en Oost-Gelderland (PO),Overige delicten,0.1
2010*,Gelderland-Midden (PO),Slachtofferschap totaal,23.7
2010*,Gelderland-Midden (PO),Geweldsdelicten,4.8
2010*,Gelderland-Midden (PO),Vermogensdelicten,12
2010*,Gelderland-Midden (PO),Vandalismedelicten,11.7
2010*,Gelderland-Midden (PO),Overige delicten,0.6
2010*,Gelderland-Zuid (PO),Slachtofferschap totaal,24.8
2010*,Gelderland-Zuid (PO),Geweldsdelicten,5.8
2010*,Gelderland-Zuid (PO),Vermogensdelicten,12.7
2010*,Gelderland-Zuid (PO),Vandalismedelicten,11.9
2010*,Gelderland-Zuid (PO),Overige delicten,1.1
2010*,Utrecht (PO),Slachtofferschap totaal,24.6
2010*,Utrecht (PO),Geweldsdelicten,5
2010*,Utrecht (PO),Vermogensdelicten,12.2
2010*,Utrecht (PO),Vandalismedelicten,12.1
2010*,Utrecht (PO),Overige delicten,1.5
2010*,Noord-Holland-Noord (PO),Slachtofferschap totaal,24.1
2010*,Noord-Holland-Noord (PO),Geweldsdelicten,3.9
2010*,Noord-Holland-Noord (PO),Vermogensdelicten,11.7
2010*,Noord-Holland-Noord (PO),Vandalismedelicten,13.4
2010*,Noord-Holland-Noord (PO),Overige delicten,0.9
2010*,Zaanstreek-Waterland (PO),Slachtofferschap totaal,25.5
2010*,Zaanstreek-Waterland (PO),Geweldsdelicten,5.3
2010*,Zaanstreek-Waterland (PO),Vermogensdelicten,12
2010*,Zaanstreek-Waterland (PO),Vandalismedelicten,13.4
2010*,Zaanstreek-Waterland (PO),Overige delicten,0.5
2010*,Kennemerland (PO),Slachtofferschap totaal,28.5
2010*,Kennemerland (PO),Geweldsdelicten,6
2010*,Kennemerland (PO),Vermogensdelicten,14
2010*,Kennemerland (PO),Vandalismedelicten,15
2010*,Kennemerland (PO),Overige delicten,1
2010*,Amsterdam-Amstelland (PO),Slachtofferschap totaal,36.1
2010*,Amsterdam-Amstelland (PO),Geweldsdelicten,7.9
2010*,Amsterdam-Amstelland (PO),Vermogensdelicten,20.5
2010*,Amsterdam-Amstelland (PO),Vandalismedelicten,17.4
2010*,Amsterdam-Amstelland (PO),Overige delicten,1.5
2010*,Gooi en Vechtstreek (PO),Slachtofferschap totaal,26.7
2010*,Gooi en Vechtstreek (PO),Geweldsdelicten,5.6
2010*,Gooi en Vechtstreek (PO),Vermogensdelicten,13.8
2010*,Gooi en Vechtstreek (PO),Vandalismedelicten,13.2
2010*,Gooi en Vechtstreek (PO),Overige delicten,0.9
2010*,Haaglanden (PO),Slachtofferschap totaal,30.9
2010*,Haaglanden (PO),Geweldsdelicten,7
2010*,Haaglanden (PO),Vermogensdelicten,15.1
2010*,Haaglanden (PO),Vandalismedelicten,17.2
2010*,Haaglanden (PO),Overige delicten,1.1
2010*,Hollands Midden (PO),Slachtofferschap totaal,24.4
2010*,Hollands Midden (PO),Geweldsdelicten,6.8
2010*,Hollands Midden (PO),Vermogensdelicten,11.6
2010*,Hollands Midden (PO),Vandalismedelicten,11.9
2010*,Hollands Midden (PO),Overige delicten,0.3
2010*,Rotterdam-Rijnmond (PO),Slachtofferschap totaal,31.9
2010*,Rotterdam-Rijnmond (PO),Geweldsdelicten,7.5
2010*,Rotterdam-Rijnmond (PO),Vermogensdelicten,14.1
2010*,Rotterdam-Rijnmond (PO),Vandalismedelicten,16.7
2010*,Rotterdam-Rijnmond (PO),Overige delicten,0.8
2010*,Zuid-Holland-Zuid (PO),Slachtofferschap totaal,23.7
2010*,Zuid-Holland-Zuid (PO),Geweldsdelicten,5.4
2010*,Zuid-Holland-Zuid (PO),Vermogensdelicten,10.9
2010*,Zuid-Holland-Zuid (PO),Vandalismedelicten,11.9
2010*,Zuid-Holland-Zuid (PO),Overige delicten,1.3
2010*,Zeeland (PO),Slachtofferschap totaal,20.6
2010*,Zeeland (PO),Geweldsdelicten,4.9
2010*,Zeeland (PO),Vermogensdelicten,10.2
2010*,Zeeland (PO),Vandalismedelicten,9.2
2010*,Zeeland (PO),Overige delicten,1.2
2010*,Midden- en West-Brabant (PO),Slachtofferschap totaal,25.1
2010*,Midden- en West-Brabant (PO),Geweldsdelicten,4.9
2010*,Midden- en West-Brabant (PO),Vermogensdelicten,11.9
2010*,Midden- en West-Brabant (PO),Vandalismedelicten,12.2
2010*,Midden- en West-Brabant (PO),Overige delicten,0.9
2010*,Brabant-Noord (PO),Slachtofferschap totaal,27.3
2010*,Brabant-Noord (PO),Geweldsdelicten,4.5
2010*,Brabant-Noord (PO),Vermogensdelicten,15.6
2010*,Brabant-Noord (PO),Vandalismedelicten,13.3
2010*,Brabant-Noord (PO),Overige delicten,0.7
2010*,Brabant-Zuidoost (PO),Slachtofferschap totaal,26.6
2010*,Brabant-Zuidoost (PO),Geweldsdelicten,5.5
2010*,Brabant-Zuidoost (PO),Vermogensdelicten,13.1
2010*,Brabant-Zuidoost (PO),Vandalismedelicten,13.7
2010*,Brabant-Zuidoost (PO),Overige delicten,0.8
2010*,Limburg-Noord (PO),Slachtofferschap totaal,21.1
2010*,Limburg-Noord (PO),Geweldsdelicten,4.6
2010*,Limburg-Noord (PO),Vermogensdelicten,8.8
2010*,Limburg-Noord (PO),Vandalismedelicten,11
2010*,Limburg-Noord (PO),Overige delicten,0.7
2010*,Limburg-Zuid (PO),Slachtofferschap totaal,25.2
2010*,Limburg-Zuid (PO),Geweldsdelicten,6.7
2010*,Limburg-Zuid (PO),Vermogensdelicten,14.3
2010*,Limburg-Zuid (PO),Vandalismedelicten,10.4
2010*,Limburg-Zuid (PO),Overige delicten,1
2010*,Flevoland (PO),Slachtofferschap totaal,24.6
2010*,Flevoland (PO),Geweldsdelicten,5
2010*,Flevoland (PO),Vermogensdelicten,12.1
2010*,Flevoland (PO),Vandalismedelicten,11.9
2010*,Flevoland (PO),Overige delicten,1.1
2011*,Nederland,Slachtofferschap totaal,24.9
2011*,Nederland,Geweldsdelicten,5.2
2011*,Nederland,Vermogensdelicten,12.9
2011*,Nederland,Vandalismedelicten,12.3
2011*,Nederland,Overige delicten,1
2011*,Groningen (PO),Slachtofferschap totaal,24.8
2011*,Groningen (PO),Geweldsdelicten,5.1
2011*,Groningen (PO),Vermogensdelicten,14.2
2011*,Groningen (PO),Vandalismedelicten,10.8
2011*,Groningen (PO),Overige delicten,0.6
2011*,Friesland (PO),Slachtofferschap totaal,19.7
2011*,Friesland (PO),Geweldsdelicten,4.6
2011*,Friesland (PO),Vermogensdelicten,9.9
2011*,Friesland (PO),Vandalismedelicten,9
2011*,Friesland (PO),Overige delicten,0.8
2011*,Drenthe (PO),Slachtofferschap totaal,19.3
2011*,Drenthe (PO),Geweldsdelicten,4
2011*,Drenthe (PO),Vermogensdelicten,9.9
2011*,Drenthe (PO),Vandalismedelicten,8
2011*,Drenthe (PO),Overige delicten,1
2011*,IJsselland (PO),Slachtofferschap totaal,20.1
2011*,IJsselland (PO),Geweldsdelicten,4.3
2011*,IJsselland (PO),Vermogensdelicten,9
2011*,IJsselland (PO),Vandalismedelicten,10.1
2011*,IJsselland (PO),Overige delicten,0.7
2011*,Twente (PO),Slachtofferschap totaal,22.6
2011*,Twente (PO),Geweldsdelicten,4.2
2011*,Twente (PO),Vermogensdelicten,11.7
2011*,Twente (PO),Vandalismedelicten,11.4
2011*,Twente (PO),Overige delicten,0.8
2011*,Noord- en Oost-Gelderland (PO),Slachtofferschap totaal,20.5
2011*,Noord- en Oost-Gelderland (PO),Geweldsdelicten,4.2
2011*,Noord- en Oost-Gelderland (PO),Vermogensdelicten,8.7
2011*,Noord- en Oost-Gelderland (PO),Vandalismedelicten,10.8
2011*,Noord- en Oost-Gelderland (PO),Overige delicten,0.3
2011*,Gelderland-Midden (PO),Slachtofferschap totaal,24.4
2011*,Gelderland-Midden (PO),Geweldsdelicten,5.4
2011*,Gelderland-Midden (PO),Vermogensdelicten,12.6
2011*,Gelderland-Midden (PO),Vandalismedelicten,11.9
2011*,Gelderland-Midden (PO),Overige delicten,0.6
2011*,Gelderland-Zuid (PO),Slachtofferschap totaal,24.4
2011*,Gelderland-Zuid (PO),Geweldsdelicten,5.9
2011*,Gelderland-Zuid (PO),Vermogensdelicten,14.1
2011*,Gelderland-Zuid (PO),Vandalismedelicten,10
2011*,Gelderland-Zuid (PO),Overige delicten,1
2011*,Utrecht (PO),Slachtofferschap totaal,25.9
2011*,Utrecht (PO),Geweldsdelicten,5.2
2011*,Utrecht (PO),Vermogensdelicten,13.6
2011*,Utrecht (PO),Vandalismedelicten,13
2011*,Utrecht (PO),Overige delicten,1.2
2011*,Noord-Holland-Noord (PO),Slachtofferschap totaal,25.1
2011*,Noord-Holland-Noord (PO),Geweldsdelicten,5.1
2011*,Noord-Holland-Noord (PO),Vermogensdelicten,12.7
2011*,Noord-Holland-Noord (PO),Vandalismedelicten,11.8
2011*,Noord-Holland-Noord (PO),Overige delicten,0.8
2011*,Zaanstreek-Waterland (PO),Slachtofferschap totaal,24.4
2011*,Zaanstreek-Waterland (PO),Geweldsdelicten,4.7
2011*,Zaanstreek-Waterland (PO),Vermogensdelicten,12.3
2011*,Zaanstreek-Waterland (PO),Vandalismedelicten,12.6
2011*,Zaanstreek-Waterland (PO),Overige delicten,1
2011*,Kennemerland (PO),Slachtofferschap totaal,25.1
2011*,Kennemerland (PO),Geweldsdelicten,4.8
2011*,Kennemerland (PO),Vermogensdelicten,13.1
2011*,Kennemerland (PO),Vandalismedelicten,12.7
2011*,Kennemerland (PO),Overige delicten,0.8
2011*,Amsterdam-Amstelland (PO),Slachtofferschap totaal,34.4
2011*,Amsterdam-Amstelland (PO),Geweldsdelicten,7.5
2011*,Amsterdam-Amstelland (PO),Vermogensdelicten,20.1
2011*,Amsterdam-Amstelland (PO),Vandalismedelicten,16.1
2011*,Amsterdam-Amstelland (PO),Overige delicten,1.9
2011*,Gooi en Vechtstreek (PO),Slachtofferschap totaal,28.4
2011*,Gooi en Vechtstreek (PO),Geweldsdelicten,5.3
2011*,Gooi en Vechtstreek (PO),Vermogensdelicten,15.1
2011*,Gooi en Vechtstreek (PO),Vandalismedelicten,14
2011*,Gooi en Vechtstreek (PO),Overige delicten,0.7
2011*,Haaglanden (PO),Slachtofferschap totaal,30.8
2011*,Haaglanden (PO),Geweldsdelicten,6.6
2011*,Haaglanden (PO),Vermogensdelicten,15.6
2011*,Haaglanden (PO),Vandalismedelicten,16.3
2011*,Haaglanden (PO),Overige delicten,1.5
2011*,Hollands Midden (PO),Slachtofferschap totaal,25.6
2011*,Hollands Midden (PO),Geweldsdelicten,5
2011*,Hollands Midden (PO),Vermogensdelicten,13.2
2011*,Hollands Midden (PO),Vandalismedelicten,12.5
2011*,Hollands Midden (PO),Overige delicten,0.9
2011*,Rotterdam-Rijnmond (PO),Slachtofferschap totaal,27.1
2011*,Rotterdam-Rijnmond (PO),Geweldsdelicten,5.9
2011*,Rotterdam-Rijnmond (PO),Vermogensdelicten,13.5
2011*,Rotterdam-Rijnmond (PO),Vandalismedelicten,14.1
2011*,Rotterdam-Rijnmond (PO),Overige delicten,1.2
2011*,Zuid-Holland-Zuid (PO),Slachtofferschap totaal,22.3
2011*,Zuid-Holland-Zuid (PO),Geweldsdelicten,5.3
2011*,Zuid-Holland-Zuid (PO),Vermogensdelicten,10
2011*,Zuid-Holland-Zuid (PO),Vandalismedelicten,12.6
2011*,Zuid-Holland-Zuid (PO),Overige delicten,0.8
2011*,Zeeland (PO),Slachtofferschap totaal,16.9
2011*,Zeeland (PO),Geweldsdelicten,2.1
2011*,Zeeland (PO),Vermogensdelicten,7.2
2011*,Zeeland (PO),Vandalismedelicten,9.9
2011*,Zeeland (PO),Overige delicten,0.7
2011*,Midden- en West-Brabant (PO),Slachtofferschap totaal,25.4
2011*,Midden- en West-Brabant (PO),Geweldsdelicten,5.3
2011*,Midden- en West-Brabant (PO),Vermogensdelicten,13.1
2011*,Midden- en West-Brabant (PO),Vandalismedelicten,12.8
2011*,Midden- en West-Brabant (PO),Overige delicten,0.8
2011*,Brabant-Noord (PO),Slachtofferschap totaal,23.8
2011*,Brabant-Noord (PO),Geweldsdelicten,3.9
2011*,Brabant-Noord (PO),Vermogensdelicten,12.6
2011*,Brabant-Noord (PO),Vandalismedelicten,11.9
2011*,Brabant-Noord (PO),Overige delicten,0.8
2011*,Brabant-Zuidoost (PO),Slachtofferschap totaal,25.4
2011*,Brabant-Zuidoost (PO),Geweldsdelicten,5.7
2011*,Brabant-Zuidoost (PO),Vermogensdelicten,13.3
2011*,Brabant-Zuidoost (PO),Vandalismedelicten,11.7
2011*,Brabant-Zuidoost (PO),Overige delicten,0.9
2011*,Limburg-Noord (PO),Slachtofferschap totaal,21.8
2011*,Limburg-Noord (PO),Geweldsdelicten,4
2011*,Limburg-Noord (PO),Vermogensdelicten,12.1
2011*,Limburg-Noord (PO),Vandalismedelicten,9.9
2011*,Limburg-Noord (PO),Overige delicten,0.8
2011*,Limburg-Zuid (PO),Slachtofferschap totaal,25
2011*,Limburg-Zuid (PO),Geweldsdelicten,6.6
2011*,Limburg-Zuid (PO),Vermogensdelicten,13.3
2011*,Limburg-Zuid (PO),Vandalismedelicten,11.7
2011*,Limburg-Zuid (PO),Overige delicten,1.1
2011*,Flevoland (PO),Slachtofferschap totaal,23.6
2011*,Flevoland (PO),Geweldsdelicten,5.6
2011*,Flevoland (PO),Vermogensdelicten,10.6
2011*,Flevoland (PO),Vandalismedelicten,12.2
2011*,Flevoland (PO),Overige delicten,0.7
