"Perioden";"Politieregio";"Onderwerpen_1";"Onderwerpen_2";"Onderwerpen_3";"Cijfersoort";"Waarde"
"2008*";"Nederland";"Persoonlijk slachtoffer afgelopen 12 mnd";"Slachtofferschap totaal";"Slachtofferschap totaal";"% slachtoffer";26,1
"2008*";"Nederland";"Persoonlijk slachtoffer afgelopen 12 mnd";"Geweldsdelicten";"Geweldsdelicten totaal";"% slachtoffer";5,4
"2008*";"Nederland";"Persoonlijk slachtoffer afgelopen 12 mnd";"Vermogensdelicten";"Vermogensdelicten totaal";"% slachtoffer";13,2
"2008*";"Nederland";"Persoonlijk slachtoffer afgelopen 12 mnd";"Vandalismedelicten";"Vandalismedelicten totaal";"% slachtoffer";13,6
"2008*";"Nederland";"Persoonlijk slachtoffer afgelopen 12 mnd";"Overige delicten";"Overige delicten";"% slachtoffer";1
"2008*";"Groningen (PO)";"Persoonlijk slachtoffer afgelopen 12 mnd";"Slachtofferschap totaal";"Slachtofferschap totaal";"% slachtoffer";24,1
"2008*";"Groningen (PO)";"Persoonlijk slachtoffer afgelopen 12 mnd";"Geweldsdelicten";"Geweldsdelicten totaal";"% slachtoffer";5,6
"2008*";"Groningen (PO)";"Persoonlijk slachtoffer afgelopen 12 mnd";"Vermogensdelicten";"Vermogensdelicten totaal";"% slachtoffer";11
"2008*";"Groningen (PO)";"Persoonlijk slachtoffer afgelopen 12 mnd";"Vandalismedelicten";"Vandalismedelicten totaal";"% slachtoffer";12,3
"2008*";"Groningen (PO)";"Persoonlijk slachtoffer afgelopen 12 mnd";"Overige delicten";"Overige delicten";"% slachtoffer";1,5
"2008*";"Friesland (PO)";"Persoonlijk slachtoffer afgelopen 12 mnd";"Slachtofferschap totaal";"Slachtofferschap totaal";"% slachtoffer";21,3
"2008*";"Friesland (PO)";"Persoonlijk slachtoffer afgelopen 12 mnd";"Geweldsdelicten";"Geweldsdelicten totaal";"% slachtoffer";4,7
"2008*";"Friesland (PO)";"Persoonlijk slachtoffer afgelopen 12 mnd";"Vermogensdelicten";"Vermogensdelicten totaal";"% slachtoffer";9,4
"2008*";"Friesland (PO)";"Persoonlijk slachtoffer afgelopen 12 mnd";"Vandalismedelicten";"Vandalismedelicten totaal";"% slachtoffer";12
"2008*";"Friesland (PO)";"Persoonlijk slachtoffer afgelopen 12 mnd";"Overige delicten";"Overige delicten";"% slachtoffer";0,5
"2008*";"Drenthe (PO)";"Persoonlijk slachtoffer afgelopen 12 mnd";"Slachtofferschap totaal";"Slachtofferschap totaal";"% slachtoffer";19,4
"2008*";"Drenthe (PO)";"Persoonlijk slachtoffer afgelopen 12 mnd";"Geweldsdelicten";"Geweldsdelicten totaal";"% slachtoffer";4,1
"2008*";"Drenthe (PO)";"Persoonlijk slachtoffer afgelopen 12 mnd";"Vermogensdelicten";"Vermogensdelicten totaal";"% slachtoffer";8,9
"2008*";"Drenthe (PO)";"Persoonlijk slachtoffer afgelopen 12 mnd";"Vandalismedelicten";"Vandalismedelicten totaal";"% slachtoffer";9,2
"2008*";"Drenthe (PO)";"Persoonlijk slachtoffer afgelopen 12 mnd";"Overige delicten";"Overige delicten";"% slachtoffer";0,6
"2008*";"IJsselland (PO)";"Persoonlijk slachtoffer afgelopen 12 mnd";"Slachtofferschap totaal";"Slachtofferschap totaal";"% slachtoffer";21,3
"2008*";"IJsselland (PO)";"Persoonlijk slachtoffer afgelopen 12 mnd";"Geweldsdelicten";"Geweldsdelicten totaal";"% slachtoffer";5,2
"2008*";"IJsselland (PO)";"Persoonlijk slachtoffer afgelopen 12 mnd";"Vermogensdelicten";"Vermogensdelicten totaal";"% slachtoffer";9,7
"2008*";"IJsselland (PO)";"Persoonlijk slachtoffer afgelopen 12 mnd";"Vandalismedelicten";"Vandalismedelicten totaal";"% slachtoffer";10,9
"2008*";"IJsselland (PO)";"Persoonlijk slachtoffer afgelopen 12 mnd";"Overige delicten";"Overige delicten";"% slachtoffer";0,6
"2008*";"Twente (PO)";"Persoonlijk slachtoffer afgelopen 12 mnd";"Slachtofferschap totaal";"Slachtofferschap totaal";"% slachtoffer";23,7
"2008*";"Twente (PO)";"Persoonlijk slachtoffer afgelopen 12 mnd";"Geweldsdelicten";"Geweldsdelicten totaal";"% slachtoffer";5,5
"2008*";"Twente (PO)";"Persoonlijk slachtoffer afgelopen 12 mnd";"Vermogensdelicten";"Vermogensdelicten totaal";"% slachtoffer";12,6
"2008*";"Twente (PO)";"Persoonlijk slachtoffer afgelopen 12 mnd";"Vandalismedelicten";"Vandalismedelicten totaal";"% slachtoffer";11,6
"2008*";"Twente (PO)";"Persoonlijk slachtoffer afgelopen 12 mnd";"Overige delicten";"Overige delicten";"% slachtoffer";1
"2008*";"Noord- en Oost-Gelderland (PO)";"Persoonlijk slachtoffer afgelopen 12 mnd";"Slachtofferschap totaal";"Slachtofferschap totaal";"% slachtoffer";19,6
"2008*";"Noord- en Oost-Gelderland (PO)";"Persoonlijk slachtoffer afgelopen 12 mnd";"Geweldsdelicten";"Geweldsdelicten totaal";"% slachtoffer";4
"2008*";"Noord- en Oost-Gelderland (PO)";"Persoonlijk slachtoffer afgelopen 12 mnd";"Vermogensdelicten";"Vermogensdelicten totaal";"% slachtoffer";9,5
"2008*";"Noord- en Oost-Gelderland (PO)";"Persoonlijk slachtoffer afgelopen 12 mnd";"Vandalismedelicten";"Vandalismedelicten totaal";"% slachtoffer";9,1
"2008*";"Noord- en Oost-Gelderland (PO)";"Persoonlijk slachtoffer afgelopen 12 mnd";"Overige delicten";"Overige delicten";"% slachtoffer";0,6
"2008*";"Gelderland-Midden (PO)";"Persoonlijk slachtoffer afgelopen 12 mnd";"Slachtofferschap totaal";"Slachtofferschap totaal";"% slachtoffer";25,1
"2008*";"Gelderland-Midden (PO)";"Persoonlijk slachtoffer afgelopen 12 mnd";"Geweldsdelicten";"Geweldsdelicten totaal";"% slachtoffer";4,5
"2008*";"Gelderland-Midden (PO)";"Persoonlijk slachtoffer afgelopen 12 mnd";"Vermogensdelicten";"Vermogensdelicten totaal";"% slachtoffer";12,2
"2008*";"Gelderland-Midden (PO)";"Persoonlijk slachtoffer afgelopen 12 mnd";"Vandalismedelicten";"Vandalismedelicten totaal";"% slachtoffer";13,8
"2008*";"Gelderland-Midden (PO)";"Persoonlijk slachtoffer afgelopen 12 mnd";"Overige delicten";"Overige delicten";"% slachtoffer";1,6
"2008*";"Gelderland-Zuid (PO)";"Persoonlijk slachtoffer afgelopen 12 mnd";"Slachtofferschap totaal";"Slachtofferschap totaal";"% slachtoffer";27,6
"2008*";"Gelderland-Zuid (PO)";"Persoonlijk slachtoffer afgelopen 12 mnd";"Geweldsdelicten";"Geweldsdelicten totaal";"% slachtoffer";6,4
"2008*";"Gelderland-Zuid (PO)";"Persoonlijk slachtoffer afgelopen 12 mnd";"Vermogensdelicten";"Vermogensdelicten totaal";"% slachtoffer";17,8
"2008*";"Gelderland-Zuid (PO)";"Persoonlijk slachtoffer afgelopen 12 mnd";"Vandalismedelicten";"Vandalismedelicten totaal";"% slachtoffer";14,2
"2008*";"Gelderland-Zuid (PO)";"Persoonlijk slachtoffer afgelopen 12 mnd";"Overige delicten";"Overige delicten";"% slachtoffer";1
"2008*";"Utrecht (PO)";"Persoonlijk slachtoffer afgelopen 12 mnd";"Slachtofferschap totaal";"Slachtofferschap totaal";"% slachtoffer";29,5
"2008*";"Utrecht (PO)";"Persoonlijk slachtoffer afgelopen 12 mnd";"Geweldsdelicten";"Geweldsdelicten totaal";"% slachtoffer";5,7
"2008*";"Utrecht (PO)";"Persoonlijk slachtoffer afgelopen 12 mnd";"Vermogensdelicten";"Vermogensdelicten totaal";"% slachtoffer";15,5
"2008*";"Utrecht (PO)";"Persoonlijk slachtoffer afgelopen 12 mnd";"Vandalismedelicten";"Vandalismedelicten totaal";"% slachtoffer";15,9
"2008*";"Utrecht (PO)";"Persoonlijk slachtoffer afgelopen 12 mnd";"Overige delicten";"Overige delicten";"% slachtoffer";1
"2008*";"Noord-Holland-Noord (PO)";"Persoonlijk slachtoffer afgelopen 12 mnd";"Slachtofferschap totaal";"Slachtofferschap totaal";"% slachtoffer";24,1
"2008*";"Noord-Holland-Noord (PO)";"Persoonlijk slachtoffer afgelopen 12 mnd";"Geweldsdelicten";"Geweldsdelicten totaal";"% slachtoffer";4,9
"2008*";"Noord-Holland-Noord (PO)";"Persoonlijk slachtoffer afgelopen 12 mnd";"Vermogensdelicten";"Vermogensdelicten totaal";"% slachtoffer";13
"2008*";"Noord-Holland-Noord (PO)";"Persoonlijk slachtoffer afgelopen 12 mnd";"Vandalismedelicten";"Vandalismedelicten totaal";"% slachtoffer";10,2
"2008*";"Noord-Holland-Noord (PO)";"Persoonlijk slachtoffer afgelopen 12 mnd";"Overige delicten";"Overige delicten";"% slachtoffer";0,5
"2008*";"Zaanstreek-Waterland (PO)";"Persoonlijk slachtoffer afgelopen 12 mnd";"Slachtofferschap totaal";"Slachtofferschap totaal";"% slachtoffer";26,1
"2008*";"Zaanstreek-Waterland (PO)";"Persoonlijk slachtoffer afgelopen 12 mnd";"Geweldsdelicten";"Geweldsdelicten totaal";"% slachtoffer";4,3
"2008*";"Zaanstreek-Waterland (PO)";"Persoonlijk slachtoffer afgelopen 12 mnd";"Vermogensdelicten";"Vermogensdelicten totaal";"% slachtoffer";12,5
"2008*";"Zaanstreek-Waterland (PO)";"Persoonlijk slachtoffer afgelopen 12 mnd";"Vandalismedelicten";"Vandalismedelicten totaal";"% slachtoffer";14
"2008*";"Zaanstreek-Waterland (PO)";"Persoonlijk slachtoffer afgelopen 12 mnd";"Overige delicten";"Overige delicten";"% slachtoffer";1,4
"2008*";"Kennemerland (PO)";"Persoonlijk slachtoffer afgelopen 12 mnd";"Slachtofferschap totaal";"Slachtofferschap totaal";"% slachtoffer";27
"2008*";"Kennemerland (PO)";"Persoonlijk slachtoffer afgelopen 12 mnd";"Geweldsdelicten";"Geweldsdelicten totaal";"% slachtoffer";4,8
"2008*";"Kennemerland (PO)";"Persoonlijk slachtoffer afgelopen 12 mnd";"Vermogensdelicten";"Vermogensdelicten totaal";"% slachtoffer";11,7
"2008*";"Kennemerland (PO)";"Persoonlijk slachtoffer afgelopen 12 mnd";"Vandalismedelicten";"Vandalismedelicten totaal";"% slachtoffer";14,6
"2008*";"Kennemerland (PO)";"Persoonlijk slachtoffer afgelopen 12 mnd";"Overige delicten";"Overige delicten";"% slachtoffer";0,9
"2008*";"Amsterdam-Amstelland (PO)";"Persoonlijk slachtoffer afgelopen 12 mnd";"Slachtofferschap totaal";"Slachtofferschap totaal";"% slachtoffer";37,3
"2008*";"Amsterdam-Amstelland (PO)";"Persoonlijk slachtoffer afgelopen 12 mnd";"Geweldsdelicten";"Geweldsdelicten totaal";"% slachtoffer";8,6
"2008*";"Amsterdam-Amstelland (PO)";"Persoonlijk slachtoffer afgelopen 12 mnd";"Vermogensdelicten";"Vermogensdelicten totaal";"% slachtoffer";21,6
"2008*";"Amsterdam-Amstelland (PO)";"Persoonlijk slachtoffer afgelopen 12 mnd";"Vandalismedelicten";"Vandalismedelicten totaal";"% slachtoffer";19,1
"2008*";"Amsterdam-Amstelland (PO)";"Persoonlijk slachtoffer afgelopen 12 mnd";"Overige delicten";"Overige delicten";"% slachtoffer";1,6
"2008*";"Gooi en Vechtstreek (PO)";"Persoonlijk slachtoffer afgelopen 12 mnd";"Slachtofferschap totaal";"Slachtofferschap totaal";"% slachtoffer";29,5
"2008*";"Gooi en Vechtstreek (PO)";"Persoonlijk slachtoffer afgelopen 12 mnd";"Geweldsdelicten";"Geweldsdelicten totaal";"% slachtoffer";5,6
"2008*";"Gooi en Vechtstreek (PO)";"Persoonlijk slachtoffer afgelopen 12 mnd";"Vermogensdelicten";"Vermogensdelicten totaal";"% slachtoffer";12,1
"2008*";"Gooi en Vechtstreek (PO)";"Persoonlijk slachtoffer afgelopen 12 mnd";"Vandalismedelicten";"Vandalismedelicten totaal";"% slachtoffer";18,4
"2008*";"Gooi en Vechtstreek (PO)";"Persoonlijk slachtoffer afgelopen 12 mnd";"Overige delicten";"Overige delicten";"% slachtoffer";0,9
"2008*";"Haaglanden (PO)";"Persoonlijk slachtoffer afgelopen 12 mnd";"Slachtofferschap totaal";"Slachtofferschap totaal";"% slachtoffer";32,2
"2008*";"Haaglanden (PO)";"Persoonlijk slachtoffer afgelopen 12 mnd";"Geweldsdelicten";"Geweldsdelicten totaal";"% slachtoffer";6,7
"2008*";"Haaglanden (PO)";"Persoonlijk slachtoffer afgelopen 12 mnd";"Vermogensdelicten";"Vermogensdelicten totaal";"% slachtoffer";16,6
"2008*";"Haaglanden (PO)";"Persoonlijk slachtoffer afgelopen 12 mnd";"Vandalismedelicten";"Vandalismedelicten totaal";"% slachtoffer";16,5
"2008*";"Haaglanden (PO)";"Persoonlijk slachtoffer afgelopen 12 mnd";"Overige delicten";"Overige delicten";"% slachtoffer";1,2
"2008*";"Hollands Midden (PO)";"Persoonlijk slachtoffer afgelopen 12 mnd";"Slachtofferschap totaal";"Slachtofferschap totaal";"% slachtoffer";28,5
"2008*";"Hollands Midden (PO)";"Persoonlijk slachtoffer afgelopen 12 mnd";"Geweldsdelicten";"Geweldsdelicten totaal";"% slachtoffer";5,6
"2008*";"Hollands Midden (PO)";"Persoonlijk slachtoffer afgelopen 12 mnd";"Vermogensdelicten";"Vermogensdelicten totaal";"% slachtoffer";13,9
"2008*";"Hollands Midden (PO)";"Persoonlijk slachtoffer afgelopen 12 mnd";"Vandalismedelicten";"Vandalismedelicten totaal";"% slachtoffer";15,8
"2008*";"Hollands Midden (PO)";"Persoonlijk slachtoffer afgelopen 12 mnd";"Overige delicten";"Overige delicten";"% slachtoffer";1
"2008*";"Rotterdam-Rijnmond (PO)";"Persoonlijk slachtoffer afgelopen 12 mnd";"Slachtofferschap totaal";"Slachtofferschap totaal";"% slachtoffer";29,3
"2008*";"Rotterdam-Rijnmond (PO)";"Persoonlijk slachtoffer afgelopen 12 mnd";"Geweldsdelicten";"Geweldsdelicten totaal";"% slachtoffer";6,3
"2008*";"Rotterdam-Rijnmond (PO)";"Persoonlijk slachtoffer afgelopen 12 mnd";"Vermogensdelicten";"Vermogensdelicten totaal";"% slachtoffer";14,8
"2008*";"Rotterdam-Rijnmond (PO)";"Persoonlijk slachtoffer afgelopen 12 mnd";"Vandalismedelicten";"Vandalismedelicten totaal";"% slachtoffer";15
"2008*";"Rotterdam-Rijnmond (PO)";"Persoonlijk slachtoffer afgelopen 12 mnd";"Overige delicten";"Overige delicten";"% slachtoffer";1,1
"2008*";"Zuid-Holland-Zuid (PO)";"Persoonlijk slachtoffer afgelopen 12 mnd";"Slachtofferschap totaal";"Slachtofferschap totaal";"% slachtoffer";23,2
"2008*";"Zuid-Holland-Zuid (PO)";"Persoonlijk slachtoffer afgelopen 12 mnd";"Geweldsdelicten";"Geweldsdelicten totaal";"% slachtoffer";5,1
"2008*";"Zuid-Holland-Zuid (PO)";"Persoonlijk slachtoffer afgelopen 12 mnd";"Vermogensdelicten";"Vermogensdelicten totaal";"% slachtoffer";9
"2008*";"Zuid-Holland-Zuid (PO)";"Persoonlijk slachtoffer afgelopen 12 mnd";"Vandalismedelicten";"Vandalismedelicten totaal";"% slachtoffer";14,9
"2008*";"Zuid-Holland-Zuid (PO)";"Persoonlijk slachtoffer afgelopen 12 mnd";"Overige delicten";"Overige delicten";"% slachtoffer";0,7
"2008*";"Zeeland (PO)";"Persoonlijk slachtoffer afgelopen 12 mnd";"Slachtofferschap totaal";"Slachtofferschap totaal";"% slachtoffer";18,8
"2008*";"Zeeland (PO)";"Persoonlijk slachtoffer afgelopen 12 mnd";"Geweldsdelicten";"Geweldsdelicten totaal";"% slachtoffer";3,5
"2008*";"Zeeland (PO)";"Persoonlijk slachtoffer afgelopen 12 mnd";"Vermogensdelicten";"Vermogensdelicten totaal";"% slachtoffer";7,4
"2008*";"Zeeland (PO)";"Persoonlijk slachtoffer afgelopen 12 mnd";"Vandalismedelicten";"Vandalismedelicten totaal";"% slachtoffer";10,5
"2008*";"Zeeland (PO)";"Persoonlijk slachtoffer afgelopen 12 mnd";"Overige delicten";"Overige delicten";"% slachtoffer";0,7
"2008*";"Midden- en West-Brabant (PO)";"Persoonlijk slachtoffer afgelopen 12 mnd";"Slachtofferschap totaal";"Slachtofferschap totaal";"% slachtoffer";23,7
"2008*";"Midden- en West-Brabant (PO)";"Persoonlijk slachtoffer afgelopen 12 mnd";"Geweldsdelicten";"Geweldsdelicten totaal";"% slachtoffer";3,5
"2008*";"Midden- en West-Brabant (PO)";"Persoonlijk slachtoffer afgelopen 12 mnd";"Vermogensdelicten";"Vermogensdelicten totaal";"% slachtoffer";11,4
"2008*";"Midden- en West-Brabant (PO)";"Persoonlijk slachtoffer afgelopen 12 mnd";"Vandalismedelicten";"Vandalismedelicten totaal";"% slachtoffer";12,8
"2008*";"Midden- en West-Brabant (PO)";"Persoonlijk slachtoffer afgelopen 12 mnd";"Overige delicten";"Overige delicten";"% slachtoffer";1,3
"2008*";"Brabant-Noord (PO)";"Persoonlijk slachtoffer afgelopen 12 mnd";"Slachtofferschap totaal";"Slachtofferschap totaal";"% slachtoffer";19,8
"2008*";"Brabant-Noord (PO)";"Persoonlijk slachtoffer afgelopen 12 mnd";"Geweldsdelicten";"Geweldsdelicten totaal";"% slachtoffer";4,2
"2008*";"Brabant-Noord (PO)";"Persoonlijk slachtoffer afgelopen 12 mnd";"Vermogensdelicten";"Vermogensdelicten totaal";"% slachtoffer";9,4
"2008*";"Brabant-Noord (PO)";"Persoonlijk slachtoffer afgelopen 12 mnd";"Vandalismedelicten";"Vandalismedelicten totaal";"% slachtoffer";9,7
"2008*";"Brabant-Noord (PO)";"Persoonlijk slachtoffer afgelopen 12 mnd";"Overige delicten";"Overige delicten";"% slachtoffer";0,4
"2008*";"Brabant-Zuidoost (PO)";"Persoonlijk slachtoffer afgelopen 12 mnd";"Slachtofferschap totaal";"Slachtofferschap totaal";"% slachtoffer";27,5
"2008*";"Brabant-Zuidoost (PO)";"Persoonlijk slachtoffer afgelopen 12 mnd";"Geweldsdelicten";"Geweldsdelicten totaal";"% slachtoffer";6,9
"2008*";"Brabant-Zuidoost (PO)";"Persoonlijk slachtoffer afgelopen 12 mnd";"Vermogensdelicten";"Vermogensdelicten totaal";"% slachtoffer";14
"2008*";"Brabant-Zuidoost (PO)";"Persoonlijk slachtoffer afgelopen 12 mnd";"Vandalismedelicten";"Vandalismedelicten totaal";"% slachtoffer";16,1
"2008*";"Brabant-Zuidoost (PO)";"Persoonlijk slachtoffer afgelopen 12 mnd";"Overige delicten";"Overige delicten";"% slachtoffer";0,7
"2008*";"Limburg-Noord (PO)";"Persoonlijk slachtoffer afgelopen 12 mnd";"Slachtofferschap totaal";"Slachtofferschap totaal";"% slachtoffer";20,9
"2008*";"Limburg-Noord (PO)";"Persoonlijk slachtoffer afgelopen 12 mnd";"Geweldsdelicten";"Geweldsdelicten totaal";"% slachtoffer";4,1
"2008*";"Limburg-Noord (PO)";"Persoonlijk slachtoffer afgelopen 12 mnd";"Vermogensdelicten";"Vermogensdelicten totaal";"% slachtoffer";12,1
"2008*";"Limburg-Noord (PO)";"Persoonlijk slachtoffer afgelopen 12 mnd";"Vandalismedelicten";"Vandalismedelicten totaal";"% slachtoffer";10,2
"2008*";"Limburg-Noord (PO)";"Persoonlijk slachtoffer afgelopen 12 mnd";"Overige delicten";"Overige delicten";"% slachtoffer";1,7
"2008*";"Limburg-Zuid (PO)";"Persoonlijk slachtoffer afgelopen 12 mnd";"Slachtofferschap totaal";"Slachtofferschap totaal";"% slachtoffer";28,4
"2008*";"Limburg-Zuid (PO)";"Persoonlijk slachtoffer afgelopen 12 mnd";"Geweldsdelicten";"Geweldsdelicten totaal";"% slachtoffer";5,8
"2008*";"Limburg-Zuid (PO)";"Persoonlijk slachtoffer afgelopen 12 mnd";"Vermogensdelicten";"Vermogensdelicten totaal";"% slachtoffer";15,1
"2008*";"Limburg-Zuid (PO)";"Persoonlijk slachtoffer afgelopen 12 mnd";"Vandalismedelicten";"Vandalismedelicten totaal";"% slachtoffer";13,1
"2008*";"Limburg-Zuid (PO)";"Persoonlijk slachtoffer afgelopen 12 mnd";"Overige delicten";"Overige delicten";"% slachtoffer";0,7
"2008*";"Flevoland (PO)";"Persoonlijk slachtoffer afgelopen 12 mnd";"Slachtofferschap totaal";"Slachtofferschap totaal";"% slachtoffer";28,9
"2008*";"Flevoland (PO)";"Persoonlijk slachtoffer afgelopen 12 mnd";"Geweldsdelicten";"Geweldsdelicten totaal";"% slachtoffer";4,9
"2008*";"Flevoland (PO)";"Persoonlijk slachtoffer afgelopen 12 mnd";"Vermogensdelicten";"Vermogensdelicten totaal";"% slachtoffer";15,2
"2008*";"Flevoland (PO)";"Persoonlijk slachtoffer afgelopen 12 mnd";"Vandalismedelicten";"Vandalismedelicten totaal";"% slachtoffer";14,4
"2008*";"Flevoland (PO)";"Persoonlijk slachtoffer afgelopen 12 mnd";"Overige delicten";"Overige delicten";"% slachtoffer";1
"2009*";"Nederland";"Persoonlijk slachtoffer afgelopen 12 mnd";"Slachtofferschap totaal";"Slachtofferschap totaal";"% slachtoffer";26,9
"2009*";"Nederland";"Persoonlijk slachtoffer afgelopen 12 mnd";"Geweldsdelicten";"Geweldsdelicten totaal";"% slachtoffer";5,7
"2009*";"Nederland";"Persoonlijk slachtoffer afgelopen 12 mnd";"Vermogensdelicten";"Vermogensdelicten totaal";"% slachtoffer";13,3
"2009*";"Nederland";"Persoonlijk slachtoffer afgelopen 12 mnd";"Vandalismedelicten";"Vandalismedelicten totaal";"% slachtoffer";14,2
"2009*";"Nederland";"Persoonlijk slachtoffer afgelopen 12 mnd";"Overige delicten";"Overige delicten";"% slachtoffer";1
"2009*";"Groningen (PO)";"Persoonlijk slachtoffer afgelopen 12 mnd";"Slachtofferschap totaal";"Slachtofferschap totaal";"% slachtoffer";26,8
"2009*";"Groningen (PO)";"Persoonlijk slachtoffer afgelopen 12 mnd";"Geweldsdelicten";"Geweldsdelicten totaal";"% slachtoffer";7,3
"2009*";"Groningen (PO)";"Persoonlijk slachtoffer afgelopen 12 mnd";"Vermogensdelicten";"Vermogensdelicten totaal";"% slachtoffer";13,4
"2009*";"Groningen (PO)";"Persoonlijk slachtoffer afgelopen 12 mnd";"Vandalismedelicten";"Vandalismedelicten totaal";"% slachtoffer";13,8
"2009*";"Groningen (PO)";"Persoonlijk slachtoffer afgelopen 12 mnd";"Overige delicten";"Overige delicten";"% slachtoffer";1,2
"2009*";"Friesland (PO)";"Persoonlijk slachtoffer afgelopen 12 mnd";"Slachtofferschap totaal";"Slachtofferschap totaal";"% slachtoffer";21,7
"2009*";"Friesland (PO)";"Persoonlijk slachtoffer afgelopen 12 mnd";"Geweldsdelicten";"Geweldsdelicten totaal";"% slachtoffer";4,9
"2009*";"Friesland (PO)";"Persoonlijk slachtoffer afgelopen 12 mnd";"Vermogensdelicten";"Vermogensdelicten totaal";"% slachtoffer";9
"2009*";"Friesland (PO)";"Persoonlijk slachtoffer afgelopen 12 mnd";"Vandalismedelicten";"Vandalismedelicten totaal";"% slachtoffer";11,8
"2009*";"Friesland (PO)";"Persoonlijk slachtoffer afgelopen 12 mnd";"Overige delicten";"Overige delicten";"% slachtoffer";0,7
"2009*";"Drenthe (PO)";"Persoonlijk slachtoffer afgelopen 12 mnd";"Slachtofferschap totaal";"Slachtofferschap totaal";"% slachtoffer";25,2
"2009*";"Drenthe (PO)";"Persoonlijk slachtoffer afgelopen 12 mnd";"Geweldsdelicten";"Geweldsdelicten totaal";"% slachtoffer";5,4
"2009*";"Drenthe (PO)";"Persoonlijk slachtoffer afgelopen 12 mnd";"Vermogensdelicten";"Vermogensdelicten totaal";"% slachtoffer";10,9
"2009*";"Drenthe (PO)";"Persoonlijk slachtoffer afgelopen 12 mnd";"Vandalismedelicten";"Vandalismedelicten totaal";"% slachtoffer";12,6
"2009*";"Drenthe (PO)";"Persoonlijk slachtoffer afgelopen 12 mnd";"Overige delicten";"Overige delicten";"% slachtoffer";0,6
"2009*";"IJsselland (PO)";"Persoonlijk slachtoffer afgelopen 12 mnd";"Slachtofferschap totaal";"Slachtofferschap totaal";"% slachtoffer";23,3
"2009*";"IJsselland (PO)";"Persoonlijk slachtoffer afgelopen 12 mnd";"Geweldsdelicten";"Geweldsdelicten totaal";"% slachtoffer";4,3
"2009*";"IJsselland (PO)";"Persoonlijk slachtoffer afgelopen 12 mnd";"Vermogensdelicten";"Vermogensdelicten totaal";"% slachtoffer";10,8
"2009*";"IJsselland (PO)";"Persoonlijk slachtoffer afgelopen 12 mnd";"Vandalismedelicten";"Vandalismedelicten totaal";"% slachtoffer";12,7
"2009*";"IJsselland (PO)";"Persoonlijk slachtoffer afgelopen 12 mnd";"Overige delicten";"Overige delicten";"% slachtoffer";0,7
"2009*";"Twente (PO)";"Persoonlijk slachtoffer afgelopen 12 mnd";"Slachtofferschap totaal";"Slachtofferschap totaal";"% slachtoffer";21,8
"2009*";"Twente (PO)";"Persoonlijk slachtoffer afgelopen 12 mnd";"Geweldsdelicten";"Geweldsdelicten totaal";"% slachtoffer";4,3
"2009*";"Twente (PO)";"Persoonlijk slachtoffer afgelopen 12 mnd";"Vermogensdelicten";"Vermogensdelicten totaal";"% slachtoffer";10
"2009*";"Twente (PO)";"Persoonlijk slachtoffer afgelopen 12 mnd";"Vandalismedelicten";"Vandalismedelicten totaal";"% slachtoffer";13,5
"2009*";"Twente (PO)";"Persoonlijk slachtoffer afgelopen 12 mnd";"Overige delicten";"Overige delicten";"% slachtoffer";0,2
"2009*";"Noord- en Oost-Gelderland (PO)";"Persoonlijk slachtoffer afgelopen 12 mnd";"Slachtofferschap totaal";"Slachtofferschap totaal";"% slachtoffer";19,9
"2009*";"Noord- en Oost-Gelderland (PO)";"Persoonlijk slachtoffer afgelopen 12 mnd";"Geweldsdelicten";"Geweldsdelicten totaal";"% slachtoffer";4,2
"2009*";"Noord- en Oost-Gelderland (PO)";"Persoonlijk slachtoffer afgelopen 12 mnd";"Vermogensdelicten";"Vermogensdelicten totaal";"% slachtoffer";7,9
"2009*";"Noord- en Oost-Gelderland (PO)";"Persoonlijk slachtoffer afgelopen 12 mnd";"Vandalismedelicten";"Vandalismedelicten totaal";"% slachtoffer";11,7
"2009*";"Noord- en Oost-Gelderland (PO)";"Persoonlijk slachtoffer afgelopen 12 mnd";"Overige delicten";"Overige delicten";"% slachtoffer";0,8
"2009*";"Gelderland-Midden (PO)";"Persoonlijk slachtoffer afgelopen 12 mnd";"Slachtofferschap totaal";"Slachtofferschap totaal";"% slachtoffer";25,8
"2009*";"Gelderland-Midden (PO)";"Persoonlijk slachtoffer afgelopen 12 mnd";"Geweldsdelicten";"Geweldsdelicten totaal";"% slachtoffer";5,5
"2009*";"Gelderland-Midden (PO)";"Persoonlijk slachtoffer afgelopen 12 mnd";"Vermogensdelicten";"Vermogensdelicten totaal";"% slachtoffer";13,1
"2009*";"Gelderland-Midden (PO)";"Persoonlijk slachtoffer afgelopen 12 mnd";"Vandalismedelicten";"Vandalismedelicten totaal";"% slachtoffer";13,1
"2009*";"Gelderland-Midden (PO)";"Persoonlijk slachtoffer afgelopen 12 mnd";"Overige delicten";"Overige delicten";"% slachtoffer";0,9
"2009*";"Gelderland-Zuid (PO)";"Persoonlijk slachtoffer afgelopen 12 mnd";"Slachtofferschap totaal";"Slachtofferschap totaal";"% slachtoffer";25,8
"2009*";"Gelderland-Zuid (PO)";"Persoonlijk slachtoffer afgelopen 12 mnd";"Geweldsdelicten";"Geweldsdelicten totaal";"% slachtoffer";5,2
"2009*";"Gelderland-Zuid (PO)";"Persoonlijk slachtoffer afgelopen 12 mnd";"Vermogensdelicten";"Vermogensdelicten totaal";"% slachtoffer";12,8
"2009*";"Gelderland-Zuid (PO)";"Persoonlijk slachtoffer afgelopen 12 mnd";"Vandalismedelicten";"Vandalismedelicten totaal";"% slachtoffer";12,5
"2009*";"Gelderland-Zuid (PO)";"Persoonlijk slachtoffer afgelopen 12 mnd";"Overige delicten";"Overige delicten";"% slachtoffer";0,6
"2009*";"Utrecht (PO)";"Persoonlijk slachtoffer afgelopen 12 mnd";"Slachtofferschap totaal";"Slachtofferschap totaal";"% slachtoffer";28
"2009*";"Utrecht (PO)";"Persoonlijk slachtoffer afgelopen 12 mnd";"Geweldsdelicten";"Geweldsdelicten totaal";"% slachtoffer";5,5
"2009*";"Utrecht (PO)";"Persoonlijk slachtoffer afgelopen 12 mnd";"Vermogensdelicten";"Vermogensdelicten totaal";"% slachtoffer";14
"2009*";"Utrecht (PO)";"Persoonlijk slachtoffer afgelopen 12 mnd";"Vandalismedelicten";"Vandalismedelicten totaal";"% slachtoffer";15,2
"2009*";"Utrecht (PO)";"Persoonlijk slachtoffer afgelopen 12 mnd";"Overige delicten";"Overige delicten";"% slachtoffer";1,2
"2009*";"Noord-Holland-Noord (PO)";"Persoonlijk slachtoffer afgelopen 12 mnd";"Slachtofferschap totaal";"Slachtofferschap totaal";"% slachtoffer";28,7
"2009*";"Noord-Holland-Noord (PO)";"Persoonlijk slachtoffer afgelopen 12 mnd";"Geweldsdelicten";"Geweldsdelicten totaal";"% slachtoffer";6,6
"2009*";"Noord-Holland-Noord (PO)";"Persoonlijk slachtoffer afgelopen 12 mnd";"Vermogensdelicten";"Vermogensdelicten totaal";"% slachtoffer";14,6
"2009*";"Noord-Holland-Noord (PO)";"Persoonlijk slachtoffer afgelopen 12 mnd";"Vandalismedelicten";"Vandalismedelicten totaal";"% slachtoffer";14,4
"2009*";"Noord-Holland-Noord (PO)";"Persoonlijk slachtoffer afgelopen 12 mnd";"Overige delicten";"Overige delicten";"% slachtoffer";1,6
"2009*";"Zaanstreek-Waterland (PO)";"Persoonlijk slachtoffer afgelopen 12 mnd";"Slachtofferschap totaal";"Slachtofferschap totaal";"% slachtoffer";28,1
"2009*";"Zaanstreek-Waterland (PO)";"Persoonlijk slachtoffer afgelopen 12 mnd";"Geweldsdelicten";"Geweldsdelicten totaal";"% slachtoffer";6,6
"2009*";"Zaanstreek-Waterland (PO)";"Persoonlijk slachtoffer afgelopen 12 mnd";"Vermogensdelicten";"Vermogensdelicten totaal";"% slachtoffer";12,3
"2009*";"Zaanstreek-Waterland (PO)";"Persoonlijk slachtoffer afgelopen 12 mnd";"Vandalismedelicten";"Vandalismedelicten totaal";"% slachtoffer";16,2
"2009*";"Zaanstreek-Waterland (PO)";"Persoonlijk slachtoffer afgelopen 12 mnd";"Overige delicten";"Overige delicten";"% slachtoffer";1,1
"2009*";"Kennemerland (PO)";"Persoonlijk slachtoffer afgelopen 12 mnd";"Slachtofferschap totaal";"Slachtofferschap totaal";"% slachtoffer";25,6
"2009*";"Kennemerland (PO)";"Persoonlijk slachtoffer afgelopen 12 mnd";"Geweldsdelicten";"Geweldsdelicten totaal";"% slachtoffer";5
"2009*";"Kennemerland (PO)";"Persoonlijk slachtoffer afgelopen 12 mnd";"Vermogensdelicten";"Vermogensdelicten totaal";"% slachtoffer";14,4
"2009*";"Kennemerland (PO)";"Persoonlijk slachtoffer afgelopen 12 mnd";"Vandalismedelicten";"Vandalismedelicten totaal";"% slachtoffer";12,2
"2009*";"Kennemerland (PO)";"Persoonlijk slachtoffer afgelopen 12 mnd";"Overige delicten";"Overige delicten";"% slachtoffer";1
"2009*";"Amsterdam-Amstelland (PO)";"Persoonlijk slachtoffer afgelopen 12 mnd";"Slachtofferschap totaal";"Slachtofferschap totaal";"% slachtoffer";36,2
"2009*";"Amsterdam-Amstelland (PO)";"Persoonlijk slachtoffer afgelopen 12 mnd";"Geweldsdelicten";"Geweldsdelicten totaal";"% slachtoffer";8,4
"2009*";"Amsterdam-Amstelland (PO)";"Persoonlijk slachtoffer afgelopen 12 mnd";"Vermogensdelicten";"Vermogensdelicten totaal";"% slachtoffer";20,8
"2009*";"Amsterdam-Amstelland (PO)";"Persoonlijk slachtoffer afgelopen 12 mnd";"Vandalismedelicten";"Vandalismedelicten totaal";"% slachtoffer";18,1
"2009*";"Amsterdam-Amstelland (PO)";"Persoonlijk slachtoffer afgelopen 12 mnd";"Overige delicten";"Overige delicten";"% slachtoffer";1,5
"2009*";"Gooi en Vechtstreek (PO)";"Persoonlijk slachtoffer afgelopen 12 mnd";"Slachtofferschap totaal";"Slachtofferschap totaal";"% slachtoffer";28,3
"2009*";"Gooi en Vechtstreek (PO)";"Persoonlijk slachtoffer afgelopen 12 mnd";"Geweldsdelicten";"Geweldsdelicten totaal";"% slachtoffer";5,7
"2009*";"Gooi en Vechtstreek (PO)";"Persoonlijk slachtoffer afgelopen 12 mnd";"Vermogensdelicten";"Vermogensdelicten totaal";"% slachtoffer";14,5
"2009*";"Gooi en Vechtstreek (PO)";"Persoonlijk slachtoffer afgelopen 12 mnd";"Vandalismedelicten";"Vandalismedelicten totaal";"% slachtoffer";14,9
"2009*";"Gooi en Vechtstreek (PO)";"Persoonlijk slachtoffer afgelopen 12 mnd";"Overige delicten";"Overige delicten";"% slachtoffer";1,1
"2009*";"Haaglanden (PO)";"Persoonlijk slachtoffer afgelopen 12 mnd";"Slachtofferschap totaal";"Slachtofferschap totaal";"% slachtoffer";31,3
"2009*";"Haaglanden (PO)";"Persoonlijk slachtoffer afgelopen 12 mnd";"Geweldsdelicten";"Geweldsdelicten totaal";"% slachtoffer";6,2
"2009*";"Haaglanden (PO)";"Persoonlijk slachtoffer afgelopen 12 mnd";"Vermogensdelicten";"Vermogensdelicten totaal";"% slachtoffer";15,6
"2009*";"Haaglanden (PO)";"Persoonlijk slachtoffer afgelopen 12 mnd";"Vandalismedelicten";"Vandalismedelicten totaal";"% slachtoffer";17,3
"2009*";"Haaglanden (PO)";"Persoonlijk slachtoffer afgelopen 12 mnd";"Overige delicten";"Overige delicten";"% slachtoffer";1
"2009*";"Hollands Midden (PO)";"Persoonlijk slachtoffer afgelopen 12 mnd";"Slachtofferschap totaal";"Slachtofferschap totaal";"% slachtoffer";24,3
"2009*";"Hollands Midden (PO)";"Persoonlijk slachtoffer afgelopen 12 mnd";"Geweldsdelicten";"Geweldsdelicten totaal";"% slachtoffer";5,7
"2009*";"Hollands Midden (PO)";"Persoonlijk slachtoffer afgelopen 12 mnd";"Vermogensdelicten";"Vermogensdelicten totaal";"% slachtoffer";11,8
"2009*";"Hollands Midden (PO)";"Persoonlijk slachtoffer afgelopen 12 mnd";"Vandalismedelicten";"Vandalismedelicten totaal";"% slachtoffer";13,3
"2009*";"Hollands Midden (PO)";"Persoonlijk slachtoffer afgelopen 12 mnd";"Overige delicten";"Overige delicten";"% slachtoffer";0,7
"2009*";"Rotterdam-Rijnmond (PO)";"Persoonlijk slachtoffer afgelopen 12 mnd";"Slachtofferschap totaal";"Slachtofferschap totaal";"% slachtoffer";28,5
"2009*";"Rotterdam-Rijnmond (PO)";"Persoonlijk slachtoffer afgelopen 12 mnd";"Geweldsdelicten";"Geweldsdelicten totaal";"% slachtoffer";5,3
"2009*";"Rotterdam-Rijnmond (PO)";"Persoonlijk slachtoffer afgelopen 12 mnd";"Vermogensdelicten";"Vermogensdelicten totaal";"% slachtoffer";14,8
"2009*";"Rotterdam-Rijnmond (PO)";"Persoonlijk slachtoffer afgelopen 12 mnd";"Vandalismedelicten";"Vandalismedelicten totaal";"% slachtoffer";15
"2009*";"Rotterdam-Rijnmond (PO)";"Persoonlijk slachtoffer afgelopen 12 mnd";"Overige delicten";"Overige delicten";"% slachtoffer";0,9
"2009*";"Zuid-Holland-Zuid (PO)";"Persoonlijk slachtoffer afgelopen 12 mnd";"Slachtofferschap totaal";"Slachtofferschap totaal";"% slachtoffer";24,9
"2009*";"Zuid-Holland-Zuid (PO)";"Persoonlijk slachtoffer afgelopen 12 mnd";"Geweldsdelicten";"Geweldsdelicten totaal";"% slachtoffer";6
"2009*";"Zuid-Holland-Zuid (PO)";"Persoonlijk slachtoffer afgelopen 12 mnd";"Vermogensdelicten";"Vermogensdelicten totaal";"% slachtoffer";9,2
"2009*";"Zuid-Holland-Zuid (PO)";"Persoonlijk slachtoffer afgelopen 12 mnd";"Vandalismedelicten";"Vandalismedelicten totaal";"% slachtoffer";14,8
"2009*";"Zuid-Holland-Zuid (PO)";"Persoonlijk slachtoffer afgelopen 12 mnd";"Overige delicten";"Overige delicten";"% slachtoffer";1,3
"2009*";"Zeeland (PO)";"Persoonlijk slachtoffer afgelopen 12 mnd";"Slachtofferschap totaal";"Slachtofferschap totaal";"% slachtoffer";22
"2009*";"Zeeland (PO)";"Persoonlijk slachtoffer afgelopen 12 mnd";"Geweldsdelicten";"Geweldsdelicten totaal";"% slachtoffer";5,5
"2009*";"Zeeland (PO)";"Persoonlijk slachtoffer afgelopen 12 mnd";"Vermogensdelicten";"Vermogensdelicten totaal";"% slachtoffer";9,2
"2009*";"Zeeland (PO)";"Persoonlijk slachtoffer afgelopen 12 mnd";"Vandalismedelicten";"Vandalismedelicten totaal";"% slachtoffer";12,4
"2009*";"Zeeland (PO)";"Persoonlijk slachtoffer afgelopen 12 mnd";"Overige delicten";"Overige delicten";"% slachtoffer";1,1
"2009*";"Midden- en West-Brabant (PO)";"Persoonlijk slachtoffer afgelopen 12 mnd";"Slachtofferschap totaal";"Slachtofferschap totaal";"% slachtoffer";28,3
"2009*";"Midden- en West-Brabant (PO)";"Persoonlijk slachtoffer afgelopen 12 mnd";"Geweldsdelicten";"Geweldsdelicten totaal";"% slachtoffer";5,4
"2009*";"Midden- en West-Brabant (PO)";"Persoonlijk slachtoffer afgelopen 12 mnd";"Vermogensdelicten";"Vermogensdelicten totaal";"% slachtoffer";14,3
"2009*";"Midden- en West-Brabant (PO)";"Persoonlijk slachtoffer afgelopen 12 mnd";"Vandalismedelicten";"Vandalismedelicten totaal";"% slachtoffer";15,3
"2009*";"Midden- en West-Brabant (PO)";"Persoonlijk slachtoffer afgelopen 12 mnd";"Overige delicten";"Overige delicten";"% slachtoffer";1
"2009*";"Brabant-Noord (PO)";"Persoonlijk slachtoffer afgelopen 12 mnd";"Slachtofferschap totaal";"Slachtofferschap totaal";"% slachtoffer";25,8
"2009*";"Brabant-Noord (PO)";"Persoonlijk slachtoffer afgelopen 12 mnd";"Geweldsdelicten";"Geweldsdelicten totaal";"% slachtoffer";5
"2009*";"Brabant-Noord (PO)";"Persoonlijk slachtoffer afgelopen 12 mnd";"Vermogensdelicten";"Vermogensdelicten totaal";"% slachtoffer";13,2
"2009*";"Brabant-Noord (PO)";"Persoonlijk slachtoffer afgelopen 12 mnd";"Vandalismedelicten";"Vandalismedelicten totaal";"% slachtoffer";13,1
"2009*";"Brabant-Noord (PO)";"Persoonlijk slachtoffer afgelopen 12 mnd";"Overige delicten";"Overige delicten";"% slachtoffer";0,7
"2009*";"Brabant-Zuidoost (PO)";"Persoonlijk slachtoffer afgelopen 12 mnd";"Slachtofferschap totaal";"Slachtofferschap totaal";"% slachtoffer";27,1
"2009*";"Brabant-Zuidoost (PO)";"Persoonlijk slachtoffer afgelopen 12 mnd";"Geweldsdelicten";"Geweldsdelicten totaal";"% slachtoffer";4,8
"2009*";"Brabant-Zuidoost (PO)";"Persoonlijk slachtoffer afgelopen 12 mnd";"Vermogensdelicten";"Vermogensdelicten totaal";"% slachtoffer";13,7
"2009*";"Brabant-Zuidoost (PO)";"Persoonlijk slachtoffer afgelopen 12 mnd";"Vandalismedelicten";"Vandalismedelicten totaal";"% slachtoffer";14,6
"2009*";"Brabant-Zuidoost (PO)";"Persoonlijk slachtoffer afgelopen 12 mnd";"Overige delicten";"Overige delicten";"% slachtoffer";0,8
"2009*";"Limburg-Noord (PO)";"Persoonlijk slachtoffer afgelopen 12 mnd";"Slachtofferschap totaal";"Slachtofferschap totaal";"% slachtoffer";23,3
"2009*";"Limburg-Noord (PO)";"Persoonlijk slachtoffer afgelopen 12 mnd";"Geweldsdelicten";"Geweldsdelicten totaal";"% slachtoffer";5,7
"2009*";"Limburg-Noord (PO)";"Persoonlijk slachtoffer afgelopen 12 mnd";"Vermogensdelicten";"Vermogensdelicten totaal";"% slachtoffer";11,4
"2009*";"Limburg-Noord (PO)";"Persoonlijk slachtoffer afgelopen 12 mnd";"Vandalismedelicten";"Vandalismedelicten totaal";"% slachtoffer";11,4
"2009*";"Limburg-Noord (PO)";"Persoonlijk slachtoffer afgelopen 12 mnd";"Overige delicten";"Overige delicten";"% slachtoffer";1,2
"2009*";"Limburg-Zuid (PO)";"Persoonlijk slachtoffer afgelopen 12 mnd";"Slachtofferschap totaal";"Slachtofferschap totaal";"% slachtoffer";30,8
"2009*";"Limburg-Zuid (PO)";"Persoonlijk slachtoffer afgelopen 12 mnd";"Geweldsdelicten";"Geweldsdelicten totaal";"% slachtoffer";6,1
"2009*";"Limburg-Zuid (PO)";"Persoonlijk slachtoffer afgelopen 12 mnd";"Vermogensdelicten";"Vermogensdelicten totaal";"% slachtoffer";16
"2009*";"Limburg-Zuid (PO)";"Persoonlijk slachtoffer afgelopen 12 mnd";"Vandalismedelicten";"Vandalismedelicten totaal";"% slachtoffer";14,8
"2009*";"Limburg-Zuid (PO)";"Persoonlijk slachtoffer afgelopen 12 mnd";"Overige delicten";"Overige delicten";"% slachtoffer";0,5
"2009*";"Flevoland (PO)";"Persoonlijk slachtoffer afgelopen 12 mnd";"Slachtofferschap totaal";"Slachtofferschap totaal";"% slachtoffer";29,1
"2009*";"Flevoland (PO)";"Persoonlijk slachtoffer afgelopen 12 mnd";"Geweldsdelicten";"Geweldsdelicten totaal";"% slachtoffer";7,6
"2009*";"Flevoland (PO)";"Persoonlijk slachtoffer afgelopen 12 mnd";"Vermogensdelicten";"Vermogensdelicten totaal";"% slachtoffer";14,6
"2009*";"Flevoland (PO)";"Persoonlijk slachtoffer afgelopen 12 mnd";"Vandalismedelicten";"Vandalismedelicten totaal";"% slachtoffer";15,1
"2009*";"Flevoland (PO)";"Persoonlijk slachtoffer afgelopen 12 mnd";"Overige delicten";"Overige delicten";"% slachtoffer";1,1
"2010*";"Nederland";"Persoonlijk slachtoffer afgelopen 12 mnd";"Slachtofferschap totaal";"Slachtofferschap totaal";"% slachtoffer";25,4
"2010*";"Nederland";"Persoonlijk slachtoffer afgelopen 12 mnd";"Geweldsdelicten";"Geweldsdelicten totaal";"% slachtoffer";5,5
"2010*";"Nederland";"Persoonlijk slachtoffer afgelopen 12 mnd";"Vermogensdelicten";"Vermogensdelicten totaal";"% slachtoffer";12,5
"2010*";"Nederland";"Persoonlijk slachtoffer afgelopen 12 mnd";"Vandalismedelicten";"Vandalismedelicten totaal";"% slachtoffer";12,7
"2010*";"Nederland";"Persoonlijk slachtoffer afgelopen 12 mnd";"Overige delicten";"Overige delicten";"% slachtoffer";0,9
"2010*";"Groningen (PO)";"Persoonlijk slachtoffer afgelopen 12 mnd";"Slachtofferschap totaal";"Slachtofferschap totaal";"% slachtoffer";23,1
"2010*";"Groningen (PO)";"Persoonlijk slachtoffer afgelopen 12 mnd";"Geweldsdelicten";"Geweldsdelicten totaal";"% slachtoffer";6,1
"2010*";"Groningen (PO)";"Persoonlijk slachtoffer afgelopen 12 mnd";"Vermogensdelicten";"Vermogensdelicten totaal";"% slachtoffer";11,2
"2010*";"Groningen (PO)";"Persoonlijk slachtoffer afgelopen 12 mnd";"Vandalismedelicten";"Vandalismedelicten totaal";"% slachtoffer";11,7
"2010*";"Groningen (PO)";"Persoonlijk slachtoffer afgelopen 12 mnd";"Overige delicten";"Overige delicten";"% slachtoffer";1,5
"2010*";"Friesland (PO)";"Persoonlijk slachtoffer afgelopen 12 mnd";"Slachtofferschap totaal";"Slachtofferschap totaal";"% slachtoffer";21,8
"2010*";"Friesland (PO)";"Persoonlijk slachtoffer afgelopen 12 mnd";"Geweldsdelicten";"Geweldsdelicten totaal";"% slachtoffer";4,1
"2010*";"Friesland (PO)";"Persoonlijk slachtoffer afgelopen 12 mnd";"Vermogensdelicten";"Vermogensdelicten totaal";"% slachtoffer";10,8
"2010*";"Friesland (PO)";"Persoonlijk slachtoffer afgelopen 12 mnd";"Vandalismedelicten";"Vandalismedelicten totaal";"% slachtoffer";10,6
"2010*";"Friesland (PO)";"Persoonlijk slachtoffer afgelopen 12 mnd";"Overige delicten";"Overige delicten";"% slachtoffer";0,6
"2010*";"Drenthe (PO)";"Persoonlijk slachtoffer afgelopen 12 mnd";"Slachtofferschap totaal";"Slachtofferschap totaal";"% slachtoffer";16,8
"2010*";"Drenthe (PO)";"Persoonlijk slachtoffer afgelopen 12 mnd";"Geweldsdelicten";"Geweldsdelicten totaal";"% slachtoffer";3,4
"2010*";"Drenthe (PO)";"Persoonlijk slachtoffer afgelopen 12 mnd";"Vermogensdelicten";"Vermogensdelicten totaal";"% slachtoffer";8,3
"2010*";"Drenthe (PO)";"Persoonlijk slachtoffer afgelopen 12 mnd";"Vandalismedelicten";"Vandalismedelicten totaal";"% slachtoffer";7,8
"2010*";"Drenthe (PO)";"Persoonlijk slachtoffer afgelopen 12 mnd";"Overige delicten";"Overige delicten";"% slachtoffer";0,4
"2010*";"IJsselland (PO)";"Persoonlijk slachtoffer afgelopen 12 mnd";"Slachtofferschap totaal";"Slachtofferschap totaal";"% slachtoffer";22,4
"2010*";"IJsselland (PO)";"Persoonlijk slachtoffer afgelopen 12 mnd";"Geweldsdelicten";"Geweldsdelicten totaal";"% slachtoffer";5,9
"2010*";"IJsselland (PO)";"Persoonlijk slachtoffer afgelopen 12 mnd";"Vermogensdelicten";"Vermogensdelicten totaal";"% slachtoffer";8,2
"2010*";"IJsselland (PO)";"Persoonlijk slachtoffer afgelopen 12 mnd";"Vandalismedelicten";"Vandalismedelicten totaal";"% slachtoffer";11,6
"2010*";"IJsselland (PO)";"Persoonlijk slachtoffer afgelopen 12 mnd";"Overige delicten";"Overige delicten";"% slachtoffer";0,6
"2010*";"Twente (PO)";"Persoonlijk slachtoffer afgelopen 12 mnd";"Slachtofferschap totaal";"Slachtofferschap totaal";"% slachtoffer";19,1
"2010*";"Twente (PO)";"Persoonlijk slachtoffer afgelopen 12 mnd";"Geweldsdelicten";"Geweldsdelicten totaal";"% slachtoffer";3,8
"2010*";"Twente (PO)";"Persoonlijk slachtoffer afgelopen 12 mnd";"Vermogensdelicten";"Vermogensdelicten totaal";"% slachtoffer";9,4
"2010*";"Twente (PO)";"Persoonlijk slachtoffer afgelopen 12 mnd";"Vandalismedelicten";"Vandalismedelicten totaal";"% slachtoffer";7,9
"2010*";"Twente (PO)";"Persoonlijk slachtoffer afgelopen 12 mnd";"Overige delicten";"Overige delicten";"% slachtoffer";0,6
"2010*";"Noord- en Oost-Gelderland (PO)";"Persoonlijk slachtoffer afgelopen 12 mnd";"Slachtofferschap totaal";"Slachtofferschap totaal";"% slachtoffer";19,6
"2010*";"Noord- en Oost-Gelderland (PO)";"Persoonlijk slachtoffer afgelopen 12 mnd";"Geweldsdelicten";"Geweldsdelicten totaal";"% slachtoffer";4,2
"2010*";"Noord- en Oost-Gelderland (PO)";"Persoonlijk slachtoffer afgelopen 12 mnd";"Vermogensdelicten";"Vermogensdelicten totaal";"% slachtoffer";9,1
"2010*";"Noord- en Oost-Gelderland (PO)";"Persoonlijk slachtoffer afgelopen 12 mnd";"Vandalismedelicten";"Vandalismedelicten totaal";"% slachtoffer";9,1
"2010*";"Noord- en Oost-Gelderland (PO)";"Persoonlijk slachtoffer afgelopen 12 mnd";"Overige delicten";"Overige delicten";"% slachtoffer";0,1
"2010*";"Gelderland-Midden (PO)";"Persoonlijk slachtoffer afgelopen 12 mnd";"Slachtofferschap totaal";"Slachtofferschap totaal";"% slachtoffer";23,7
"2010*";"Gelderland-Midden (PO)";"Persoonlijk slachtoffer afgelopen 12 mnd";"Geweldsdelicten";"Geweldsdelicten totaal";"% slachtoffer";4,8
"2010*";"Gelderland-Midden (PO)";"Persoonlijk slachtoffer afgelopen 12 mnd";"Vermogensdelicten";"Vermogensdelicten totaal";"% slachtoffer";12
"2010*";"Gelderland-Midden (PO)";"Persoonlijk slachtoffer afgelopen 12 mnd";"Vandalismedelicten";"Vandalismedelicten totaal";"% slachtoffer";11,7
"2010*";"Gelderland-Midden (PO)";"Persoonlijk slachtoffer afgelopen 12 mnd";"Overige delicten";"Overige delicten";"% slachtoffer";0,6
"2010*";"Gelderland-Zuid (PO)";"Persoonlijk slachtoffer afgelopen 12 mnd";"Slachtofferschap totaal";"Slachtofferschap totaal";"% slachtoffer";24,8
"2010*";"Gelderland-Zuid (PO)";"Persoonlijk slachtoffer afgelopen 12 mnd";"Geweldsdelicten";"Geweldsdelicten totaal";"% slachtoffer";5,8
"2010*";"Gelderland-Zuid (PO)";"Persoonlijk slachtoffer afgelopen 12 mnd";"Vermogensdelicten";"Vermogensdelicten totaal";"% slachtoffer";12,7
"2010*";"Gelderland-Zuid (PO)";"Persoonlijk slachtoffer afgelopen 12 mnd";"Vandalismedelicten";"Vandalismedelicten totaal";"% slachtoffer";11,9
"2010*";"Gelderland-Zuid (PO)";"Persoonlijk slachtoffer afgelopen 12 mnd";"Overige delicten";"Overige delicten";"% slachtoffer";1,1
"2010*";"Utrecht (PO)";"Persoonlijk slachtoffer afgelopen 12 mnd";"Slachtofferschap totaal";"Slachtofferschap totaal";"% slachtoffer";24,6
"2010*";"Utrecht (PO)";"Persoonlijk slachtoffer afgelopen 12 mnd";"Geweldsdelicten";"Geweldsdelicten totaal";"% slachtoffer";5
"2010*";"Utrecht (PO)";"Persoonlijk slachtoffer afgelopen 12 mnd";"Vermogensdelicten";"Vermogensdelicten totaal";"% slachtoffer";12,2
"2010*";"Utrecht (PO)";"Persoonlijk slachtoffer afgelopen 12 mnd";"Vandalismedelicten";"Vandalismedelicten totaal";"% slachtoffer";12,1
"2010*";"Utrecht (PO)";"Persoonlijk slachtoffer afgelopen 12 mnd";"Overige delicten";"Overige delicten";"% slachtoffer";1,5
"2010*";"Noord-Holland-Noord (PO)";"Persoonlijk slachtoffer afgelopen 12 mnd";"Slachtofferschap totaal";"Slachtofferschap totaal";"% slachtoffer";24,1
"2010*";"Noord-Holland-Noord (PO)";"Persoonlijk slachtoffer afgelopen 12 mnd";"Geweldsdelicten";"Geweldsdelicten totaal";"% slachtoffer";3,9
"2010*";"Noord-Holland-Noord (PO)";"Persoonlijk slachtoffer afgelopen 12 mnd";"Vermogensdelicten";"Vermogensdelicten totaal";"% slachtoffer";11,7
"2010*";"Noord-Holland-Noord (PO)";"Persoonlijk slachtoffer afgelopen 12 mnd";"Vandalismedelicten";"Vandalismedelicten totaal";"% slachtoffer";13,4
"2010*";"Noord-Holland-Noord (PO)";"Persoonlijk slachtoffer afgelopen 12 mnd";"Overige delicten";"Overige delicten";"% slachtoffer";0,9
"2010*";"Zaanstreek-Waterland (PO)";"Persoonlijk slachtoffer afgelopen 12 mnd";"Slachtofferschap totaal";"Slachtofferschap totaal";"% slachtoffer";25,5
"2010*";"Zaanstreek-Waterland (PO)";"Persoonlijk slachtoffer afgelopen 12 mnd";"Geweldsdelicten";"Geweldsdelicten totaal";"% slachtoffer";5,3
"2010*";"Zaanstreek-Waterland (PO)";"Persoonlijk slachtoffer afgelopen 12 mnd";"Vermogensdelicten";"Vermogensdelicten totaal";"% slachtoffer";12
"2010*";"Zaanstreek-Waterland (PO)";"Persoonlijk slachtoffer afgelopen 12 mnd";"Vandalismedelicten";"Vandalismedelicten totaal";"% slachtoffer";13,4
"2010*";"Zaanstreek-Waterland (PO)";"Persoonlijk slachtoffer afgelopen 12 mnd";"Overige delicten";"Overige delicten";"% slachtoffer";0,5
"2010*";"Kennemerland (PO)";"Persoonlijk slachtoffer afgelopen 12 mnd";"Slachtofferschap totaal";"Slachtofferschap totaal";"% slachtoffer";28,5
"2010*";"Kennemerland (PO)";"Persoonlijk slachtoffer afgelopen 12 mnd";"Geweldsdelicten";"Geweldsdelicten totaal";"% slachtoffer";6
"2010*";"Kennemerland (PO)";"Persoonlijk slachtoffer afgelopen 12 mnd";"Vermogensdelicten";"Vermogensdelicten totaal";"% slachtoffer";14
"2010*";"Kennemerland (PO)";"Persoonlijk slachtoffer afgelopen 12 mnd";"Vandalismedelicten";"Vandalismedelicten totaal";"% slachtoffer";15
"2010*";"Kennemerland (PO)";"Persoonlijk slachtoffer afgelopen 12 mnd";"Overige delicten";"Overige delicten";"% slachtoffer";1
"2010*";"Amsterdam-Amstelland (PO)";"Persoonlijk slachtoffer afgelopen 12 mnd";"Slachtofferschap totaal";"Slachtofferschap totaal";"% slachtoffer";36,1
"2010*";"Amsterdam-Amstelland (PO)";"Persoonlijk slachtoffer afgelopen 12 mnd";"Geweldsdelicten";"Geweldsdelicten totaal";"% slachtoffer";7,9
"2010*";"Amsterdam-Amstelland (PO)";"Persoonlijk slachtoffer afgelopen 12 mnd";"Vermogensdelicten";"Vermogensdelicten totaal";"% slachtoffer";20,5
"2010*";"Amsterdam-Amstelland (PO)";"Persoonlijk slachtoffer afgelopen 12 mnd";"Vandalismedelicten";"Vandalismedelicten totaal";"% slachtoffer";17,4
"2010*";"Amsterdam-Amstelland (PO)";"Persoonlijk slachtoffer afgelopen 12 mnd";"Overige delicten";"Overige delicten";"% slachtoffer";1,5
"2010*";"Gooi en Vechtstreek (PO)";"Persoonlijk slachtoffer afgelopen 12 mnd";"Slachtofferschap totaal";"Slachtofferschap totaal";"% slachtoffer";26,7
"2010*";"Gooi en Vechtstreek (PO)";"Persoonlijk slachtoffer afgelopen 12 mnd";"Geweldsdelicten";"Geweldsdelicten totaal";"% slachtoffer";5,6
"2010*";"Gooi en Vechtstreek (PO)";"Persoonlijk slachtoffer afgelopen 12 mnd";"Vermogensdelicten";"Vermogensdelicten totaal";"% slachtoffer";13,8
"2010*";"Gooi en Vechtstreek (PO)";"Persoonlijk slachtoffer afgelopen 12 mnd";"Vandalismedelicten";"Vandalismedelicten totaal";"% slachtoffer";13,2
"2010*";"Gooi en Vechtstreek (PO)";"Persoonlijk slachtoffer afgelopen 12 mnd";"Overige delicten";"Overige delicten";"% slachtoffer";0,9
"2010*";"Haaglanden (PO)";"Persoonlijk slachtoffer afgelopen 12 mnd";"Slachtofferschap totaal";"Slachtofferschap totaal";"% slachtoffer";30,9
"2010*";"Haaglanden (PO)";"Persoonlijk slachtoffer afgelopen 12 mnd";"Geweldsdelicten";"Geweldsdelicten totaal";"% slachtoffer";7
"2010*";"Haaglanden (PO)";"Persoonlijk slachtoffer afgelopen 12 mnd";"Vermogensdelicten";"Vermogensdelicten totaal";"% slachtoffer";15,1
"2010*";"Haaglanden (PO)";"Persoonlijk slachtoffer afgelopen 12 mnd";"Vandalismedelicten";"Vandalismedelicten totaal";"% slachtoffer";17,2
"2010*";"Haaglanden (PO)";"Persoonlijk slachtoffer afgelopen 12 mnd";"Overige delicten";"Overige delicten";"% slachtoffer";1,1
"2010*";"Hollands Midden (PO)";"Persoonlijk slachtoffer afgelopen 12 mnd";"Slachtofferschap totaal";"Slachtofferschap totaal";"% slachtoffer";24,4
"2010*";"Hollands Midden (PO)";"Persoonlijk slachtoffer afgelopen 12 mnd";"Geweldsdelicten";"Geweldsdelicten totaal";"% slachtoffer";6,8
"2010*";"Hollands Midden (PO)";"Persoonlijk slachtoffer afgelopen 12 mnd";"Vermogensdelicten";"Vermogensdelicten totaal";"% slachtoffer";11,6
"2010*";"Hollands Midden (PO)";"Persoonlijk slachtoffer afgelopen 12 mnd";"Vandalismedelicten";"Vandalismedelicten totaal";"% slachtoffer";11,9
"2010*";"Hollands Midden (PO)";"Persoonlijk slachtoffer afgelopen 12 mnd";"Overige delicten";"Overige delicten";"% slachtoffer";0,3
"2010*";"Rotterdam-Rijnmond (PO)";"Persoonlijk slachtoffer afgelopen 12 mnd";"Slachtofferschap totaal";"Slachtofferschap totaal";"% slachtoffer";31,9
"2010*";"Rotterdam-Rijnmond (PO)";"Persoonlijk slachtoffer afgelopen 12 mnd";"Geweldsdelicten";"Geweldsdelicten totaal";"% slachtoffer";7,5
"2010*";"Rotterdam-Rijnmond (PO)";"Persoonlijk slachtoffer afgelopen 12 mnd";"Vermogensdelicten";"Vermogensdelicten totaal";"% slachtoffer";14,1
"2010*";"Rotterdam-Rijnmond (PO)";"Persoonlijk slachtoffer afgelopen 12 mnd";"Vandalismedelicten";"Vandalismedelicten totaal";"% slachtoffer";16,7
"2010*";"Rotterdam-Rijnmond (PO)";"Persoonlijk slachtoffer afgelopen 12 mnd";"Overige delicten";"Overige delicten";"% slachtoffer";0,8
"2010*";"Zuid-Holland-Zuid (PO)";"Persoonlijk slachtoffer afgelopen 12 mnd";"Slachtofferschap totaal";"Slachtofferschap totaal";"% slachtoffer";23,7
"2010*";"Zuid-Holland-Zuid (PO)";"Persoonlijk slachtoffer afgelopen 12 mnd";"Geweldsdelicten";"Geweldsdelicten totaal";"% slachtoffer";5,4
"2010*";"Zuid-Holland-Zuid (PO)";"Persoonlijk slachtoffer afgelopen 12 mnd";"Vermogensdelicten";"Vermogensdelicten totaal";"% slachtoffer";10,9
"2010*";"Zuid-Holland-Zuid (PO)";"Persoonlijk slachtoffer afgelopen 12 mnd";"Vandalismedelicten";"Vandalismedelicten totaal";"% slachtoffer";11,9
"2010*";"Zuid-Holland-Zuid (PO)";"Persoonlijk slachtoffer afgelopen 12 mnd";"Overige delicten";"Overige delicten";"% slachtoffer";1,3
"2010*";"Zeeland (PO)";"Persoonlijk slachtoffer afgelopen 12 mnd";"Slachtofferschap totaal";"Slachtofferschap totaal";"% slachtoffer";20,6
"2010*";"Zeeland (PO)";"Persoonlijk slachtoffer afgelopen 12 mnd";"Geweldsdelicten";"Geweldsdelicten totaal";"% slachtoffer";4,9
"2010*";"Zeeland (PO)";"Persoonlijk slachtoffer afgelopen 12 mnd";"Vermogensdelicten";"Vermogensdelicten totaal";"% slachtoffer";10,2
"2010*";"Zeeland (PO)";"Persoonlijk slachtoffer afgelopen 12 mnd";"Vandalismedelicten";"Vandalismedelicten totaal";"% slachtoffer";9,2
"2010*";"Zeeland (PO)";"Persoonlijk slachtoffer afgelopen 12 mnd";"Overige delicten";"Overige delicten";"% slachtoffer";1,2
"2010*";"Midden- en West-Brabant (PO)";"Persoonlijk slachtoffer afgelopen 12 mnd";"Slachtofferschap totaal";"Slachtofferschap totaal";"% slachtoffer";25,1
"2010*";"Midden- en West-Brabant (PO)";"Persoonlijk slachtoffer afgelopen 12 mnd";"Geweldsdelicten";"Geweldsdelicten totaal";"% slachtoffer";4,9
"2010*";"Midden- en West-Brabant (PO)";"Persoonlijk slachtoffer afgelopen 12 mnd";"Vermogensdelicten";"Vermogensdelicten totaal";"% slachtoffer";11,9
"2010*";"Midden- en West-Brabant (PO)";"Persoonlijk slachtoffer afgelopen 12 mnd";"Vandalismedelicten";"Vandalismedelicten totaal";"% slachtoffer";12,2
"2010*";"Midden- en West-Brabant (PO)";"Persoonlijk slachtoffer afgelopen 12 mnd";"Overige delicten";"Overige delicten";"% slachtoffer";0,9
"2010*";"Brabant-Noord (PO)";"Persoonlijk slachtoffer afgelopen 12 mnd";"Slachtofferschap totaal";"Slachtofferschap totaal";"% slachtoffer";27,3
"2010*";"Brabant-Noord (PO)";"Persoonlijk slachtoffer afgelopen 12 mnd";"Geweldsdelicten";"Geweldsdelicten totaal";"% slachtoffer";4,5
"2010*";"Brabant-Noord (PO)";"Persoonlijk slachtoffer afgelopen 12 mnd";"Vermogensdelicten";"Vermogensdelicten totaal";"% slachtoffer";15,6
"2010*";"Brabant-Noord (PO)";"Persoonlijk slachtoffer afgelopen 12 mnd";"Vandalismedelicten";"Vandalismedelicten totaal";"% slachtoffer";13,3
"2010*";"Brabant-Noord (PO)";"Persoonlijk slachtoffer afgelopen 12 mnd";"Overige delicten";"Overige delicten";"% slachtoffer";0,7
"2010*";"Brabant-Zuidoost (PO)";"Persoonlijk slachtoffer afgelopen 12 mnd";"Slachtofferschap totaal";"Slachtofferschap totaal";"% slachtoffer";26,6
"2010*";"Brabant-Zuidoost (PO)";"Persoonlijk slachtoffer afgelopen 12 mnd";"Geweldsdelicten";"Geweldsdelicten totaal";"% slachtoffer";5,5
"2010*";"Brabant-Zuidoost (PO)";"Persoonlijk slachtoffer afgelopen 12 mnd";"Vermogensdelicten";"Vermogensdelicten totaal";"% slachtoffer";13,1
"2010*";"Brabant-Zuidoost (PO)";"Persoonlijk slachtoffer afgelopen 12 mnd";"Vandalismedelicten";"Vandalismedelicten totaal";"% slachtoffer";13,7
"2010*";"Brabant-Zuidoost (PO)";"Persoonlijk slachtoffer afgelopen 12 mnd";"Overige delicten";"Overige delicten";"% slachtoffer";0,8
"2010*";"Limburg-Noord (PO)";"Persoonlijk slachtoffer afgelopen 12 mnd";"Slachtofferschap totaal";"Slachtofferschap totaal";"% slachtoffer";21,1
"2010*";"Limburg-Noord (PO)";"Persoonlijk slachtoffer afgelopen 12 mnd";"Geweldsdelicten";"Geweldsdelicten totaal";"% slachtoffer";4,6
"2010*";"Limburg-Noord (PO)";"Persoonlijk slachtoffer afgelopen 12 mnd";"Vermogensdelicten";"Vermogensdelicten totaal";"% slachtoffer";8,8
"2010*";"Limburg-Noord (PO)";"Persoonlijk slachtoffer afgelopen 12 mnd";"Vandalismedelicten";"Vandalismedelicten totaal";"% slachtoffer";11
"2010*";"Limburg-Noord (PO)";"Persoonlijk slachtoffer afgelopen 12 mnd";"Overige delicten";"Overige delicten";"% slachtoffer";0,7
"2010*";"Limburg-Zuid (PO)";"Persoonlijk slachtoffer afgelopen 12 mnd";"Slachtofferschap totaal";"Slachtofferschap totaal";"% slachtoffer";25,2
"2010*";"Limburg-Zuid (PO)";"Persoonlijk slachtoffer afgelopen 12 mnd";"Geweldsdelicten";"Geweldsdelicten totaal";"% slachtoffer";6,7
"2010*";"Limburg-Zuid (PO)";"Persoonlijk slachtoffer afgelopen 12 mnd";"Vermogensdelicten";"Vermogensdelicten totaal";"% slachtoffer";14,3
"2010*";"Limburg-Zuid (PO)";"Persoonlijk slachtoffer afgelopen 12 mnd";"Vandalismedelicten";"Vandalismedelicten totaal";"% slachtoffer";10,4
"2010*";"Limburg-Zuid (PO)";"Persoonlijk slachtoffer afgelopen 12 mnd";"Overige delicten";"Overige delicten";"% slachtoffer";1
"2010*";"Flevoland (PO)";"Persoonlijk slachtoffer afgelopen 12 mnd";"Slachtofferschap totaal";"Slachtofferschap totaal";"% slachtoffer";24,6
"2010*";"Flevoland (PO)";"Persoonlijk slachtoffer afgelopen 12 mnd";"Geweldsdelicten";"Geweldsdelicten totaal";"% slachtoffer";5
"2010*";"Flevoland (PO)";"Persoonlijk slachtoffer afgelopen 12 mnd";"Vermogensdelicten";"Vermogensdelicten totaal";"% slachtoffer";12,1
"2010*";"Flevoland (PO)";"Persoonlijk slachtoffer afgelopen 12 mnd";"Vandalismedelicten";"Vandalismedelicten totaal";"% slachtoffer";11,9
"2010*";"Flevoland (PO)";"Persoonlijk slachtoffer afgelopen 12 mnd";"Overige delicten";"Overige delicten";"% slachtoffer";1,1
"2011*";"Nederland";"Persoonlijk slachtoffer afgelopen 12 mnd";"Slachtofferschap totaal";"Slachtofferschap totaal";"% slachtoffer";24,9
"2011*";"Nederland";"Persoonlijk slachtoffer afgelopen 12 mnd";"Geweldsdelicten";"Geweldsdelicten totaal";"% slachtoffer";5,2
"2011*";"Nederland";"Persoonlijk slachtoffer afgelopen 12 mnd";"Vermogensdelicten";"Vermogensdelicten totaal";"% slachtoffer";12,9
"2011*";"Nederland";"Persoonlijk slachtoffer afgelopen 12 mnd";"Vandalismedelicten";"Vandalismedelicten totaal";"% slachtoffer";12,3
"2011*";"Nederland";"Persoonlijk slachtoffer afgelopen 12 mnd";"Overige delicten";"Overige delicten";"% slachtoffer";1
"2011*";"Groningen (PO)";"Persoonlijk slachtoffer afgelopen 12 mnd";"Slachtofferschap totaal";"Slachtofferschap totaal";"% slachtoffer";24,8
"2011*";"Groningen (PO)";"Persoonlijk slachtoffer afgelopen 12 mnd";"Geweldsdelicten";"Geweldsdelicten totaal";"% slachtoffer";5,1
"2011*";"Groningen (PO)";"Persoonlijk slachtoffer afgelopen 12 mnd";"Vermogensdelicten";"Vermogensdelicten totaal";"% slachtoffer";14,2
"2011*";"Groningen (PO)";"Persoonlijk slachtoffer afgelopen 12 mnd";"Vandalismedelicten";"Vandalismedelicten totaal";"% slachtoffer";10,8
"2011*";"Groningen (PO)";"Persoonlijk slachtoffer afgelopen 12 mnd";"Overige delicten";"Overige delicten";"% slachtoffer";0,6
"2011*";"Friesland (PO)";"Persoonlijk slachtoffer afgelopen 12 mnd";"Slachtofferschap totaal";"Slachtofferschap totaal";"% slachtoffer";19,7
"2011*";"Friesland (PO)";"Persoonlijk slachtoffer afgelopen 12 mnd";"Geweldsdelicten";"Geweldsdelicten totaal";"% slachtoffer";4,6
"2011*";"Friesland (PO)";"Persoonlijk slachtoffer afgelopen 12 mnd";"Vermogensdelicten";"Vermogensdelicten totaal";"% slachtoffer";9,9
"2011*";"Friesland (PO)";"Persoonlijk slachtoffer afgelopen 12 mnd";"Vandalismedelicten";"Vandalismedelicten totaal";"% slachtoffer";9
"2011*";"Friesland (PO)";"Persoonlijk slachtoffer afgelopen 12 mnd";"Overige delicten";"Overige delicten";"% slachtoffer";0,8
"2011*";"Drenthe (PO)";"Persoonlijk slachtoffer afgelopen 12 mnd";"Slachtofferschap totaal";"Slachtofferschap totaal";"% slachtoffer";19,3
"2011*";"Drenthe (PO)";"Persoonlijk slachtoffer afgelopen 12 mnd";"Geweldsdelicten";"Geweldsdelicten totaal";"% slachtoffer";4
"2011*";"Drenthe (PO)";"Persoonlijk slachtoffer afgelopen 12 mnd";"Vermogensdelicten";"Vermogensdelicten totaal";"% slachtoffer";9,9
"2011*";"Drenthe (PO)";"Persoonlijk slachtoffer afgelopen 12 mnd";"Vandalismedelicten";"Vandalismedelicten totaal";"% slachtoffer";8
"2011*";"Drenthe (PO)";"Persoonlijk slachtoffer afgelopen 12 mnd";"Overige delicten";"Overige delicten";"% slachtoffer";1
"2011*";"IJsselland (PO)";"Persoonlijk slachtoffer afgelopen 12 mnd";"Slachtofferschap totaal";"Slachtofferschap totaal";"% slachtoffer";20,1
"2011*";"IJsselland (PO)";"Persoonlijk slachtoffer afgelopen 12 mnd";"Geweldsdelicten";"Geweldsdelicten totaal";"% slachtoffer";4,3
"2011*";"IJsselland (PO)";"Persoonlijk slachtoffer afgelopen 12 mnd";"Vermogensdelicten";"Vermogensdelicten totaal";"% slachtoffer";9
"2011*";"IJsselland (PO)";"Persoonlijk slachtoffer afgelopen 12 mnd";"Vandalismedelicten";"Vandalismedelicten totaal";"% slachtoffer";10,1
"2011*";"IJsselland (PO)";"Persoonlijk slachtoffer afgelopen 12 mnd";"Overige delicten";"Overige delicten";"% slachtoffer";0,7
"2011*";"Twente (PO)";"Persoonlijk slachtoffer afgelopen 12 mnd";"Slachtofferschap totaal";"Slachtofferschap totaal";"% slachtoffer";22,6
"2011*";"Twente (PO)";"Persoonlijk slachtoffer afgelopen 12 mnd";"Geweldsdelicten";"Geweldsdelicten totaal";"% slachtoffer";4,2
"2011*";"Twente (PO)";"Persoonlijk slachtoffer afgelopen 12 mnd";"Vermogensdelicten";"Vermogensdelicten totaal";"% slachtoffer";11,7
"2011*";"Twente (PO)";"Persoonlijk slachtoffer afgelopen 12 mnd";"Vandalismedelicten";"Vandalismedelicten totaal";"% slachtoffer";11,4
"2011*";"Twente (PO)";"Persoonlijk slachtoffer afgelopen 12 mnd";"Overige delicten";"Overige delicten";"% slachtoffer";0,8
"2011*";"Noord- en Oost-Gelderland (PO)";"Persoonlijk slachtoffer afgelopen 12 mnd";"Slachtofferschap totaal";"Slachtofferschap totaal";"% slachtoffer";20,5
"2011*";"Noord- en Oost-Gelderland (PO)";"Persoonlijk slachtoffer afgelopen 12 mnd";"Geweldsdelicten";"Geweldsdelicten totaal";"% slachtoffer";4,2
"2011*";"Noord- en Oost-Gelderland (PO)";"Persoonlijk slachtoffer afgelopen 12 mnd";"Vermogensdelicten";"Vermogensdelicten totaal";"% slachtoffer";8,7
"2011*";"Noord- en Oost-Gelderland (PO)";"Persoonlijk slachtoffer afgelopen 12 mnd";"Vandalismedelicten";"Vandalismedelicten totaal";"% slachtoffer";10,8
"2011*";"Noord- en Oost-Gelderland (PO)";"Persoonlijk slachtoffer afgelopen 12 mnd";"Overige delicten";"Overige delicten";"% slachtoffer";0,3
"2011*";"Gelderland-Midden (PO)";"Persoonlijk slachtoffer afgelopen 12 mnd";"Slachtofferschap totaal";"Slachtofferschap totaal";"% slachtoffer";24,4
"2011*";"Gelderland-Midden (PO)";"Persoonlijk slachtoffer afgelopen 12 mnd";"Geweldsdelicten";"Geweldsdelicten totaal";"% slachtoffer";5,4
"2011*";"Gelderland-Midden (PO)";"Persoonlijk slachtoffer afgelopen 12 mnd";"Vermogensdelicten";"Vermogensdelicten totaal";"% slachtoffer";12,6
"2011*";"Gelderland-Midden (PO)";"Persoonlijk slachtoffer afgelopen 12 mnd";"Vandalismedelicten";"Vandalismedelicten totaal";"% slachtoffer";11,9
"2011*";"Gelderland-Midden (PO)";"Persoonlijk slachtoffer afgelopen 12 mnd";"Overige delicten";"Overige delicten";"% slachtoffer";0,6
"2011*";"Gelderland-Zuid (PO)";"Persoonlijk slachtoffer afgelopen 12 mnd";"Slachtofferschap totaal";"Slachtofferschap totaal";"% slachtoffer";24,4
"2011*";"Gelderland-Zuid (PO)";"Persoonlijk slachtoffer afgelopen 12 mnd";"Geweldsdelicten";"Geweldsdelicten totaal";"% slachtoffer";5,9
"2011*";"Gelderland-Zuid (PO)";"Persoonlijk slachtoffer afgelopen 12 mnd";"Vermogensdelicten";"Vermogensdelicten totaal";"% slachtoffer";14,1
"2011*";"Gelderland-Zuid (PO)";"Persoonlijk slachtoffer afgelopen 12 mnd";"Vandalismedelicten";"Vandalismedelicten totaal";"% slachtoffer";10
"2011*";"Gelderland-Zuid (PO)";"Persoonlijk slachtoffer afgelopen 12 mnd";"Overige delicten";"Overige delicten";"% slachtoffer";1
"2011*";"Utrecht (PO)";"Persoonlijk slachtoffer afgelopen 12 mnd";"Slachtofferschap totaal";"Slachtofferschap totaal";"% slachtoffer";25,9
"2011*";"Utrecht (PO)";"Persoonlijk slachtoffer afgelopen 12 mnd";"Geweldsdelicten";"Geweldsdelicten totaal";"% slachtoffer";5,2
"2011*";"Utrecht (PO)";"Persoonlijk slachtoffer afgelopen 12 mnd";"Vermogensdelicten";"Vermogensdelicten totaal";"% slachtoffer";13,6
"2011*";"Utrecht (PO)";"Persoonlijk slachtoffer afgelopen 12 mnd";"Vandalismedelicten";"Vandalismedelicten totaal";"% slachtoffer";13
"2011*";"Utrecht (PO)";"Persoonlijk slachtoffer afgelopen 12 mnd";"Overige delicten";"Overige delicten";"% slachtoffer";1,2
"2011*";"Noord-Holland-Noord (PO)";"Persoonlijk slachtoffer afgelopen 12 mnd";"Slachtofferschap totaal";"Slachtofferschap totaal";"% slachtoffer";25,1
"2011*";"Noord-Holland-Noord (PO)";"Persoonlijk slachtoffer afgelopen 12 mnd";"Geweldsdelicten";"Geweldsdelicten totaal";"% slachtoffer";5,1
"2011*";"Noord-Holland-Noord (PO)";"Persoonlijk slachtoffer afgelopen 12 mnd";"Vermogensdelicten";"Vermogensdelicten totaal";"% slachtoffer";12,7
"2011*";"Noord-Holland-Noord (PO)";"Persoonlijk slachtoffer afgelopen 12 mnd";"Vandalismedelicten";"Vandalismedelicten totaal";"% slachtoffer";11,8
"2011*";"Noord-Holland-Noord (PO)";"Persoonlijk slachtoffer afgelopen 12 mnd";"Overige delicten";"Overige delicten";"% slachtoffer";0,8
"2011*";"Zaanstreek-Waterland (PO)";"Persoonlijk slachtoffer afgelopen 12 mnd";"Slachtofferschap totaal";"Slachtofferschap totaal";"% slachtoffer";24,4
"2011*";"Zaanstreek-Waterland (PO)";"Persoonlijk slachtoffer afgelopen 12 mnd";"Geweldsdelicten";"Geweldsdelicten totaal";"% slachtoffer";4,7
"2011*";"Zaanstreek-Waterland (PO)";"Persoonlijk slachtoffer afgelopen 12 mnd";"Vermogensdelicten";"Vermogensdelicten totaal";"% slachtoffer";12,3
"2011*";"Zaanstreek-Waterland (PO)";"Persoonlijk slachtoffer afgelopen 12 mnd";"Vandalismedelicten";"Vandalismedelicten totaal";"% slachtoffer";12,6
"2011*";"Zaanstreek-Waterland (PO)";"Persoonlijk slachtoffer afgelopen 12 mnd";"Overige delicten";"Overige delicten";"% slachtoffer";1
"2011*";"Kennemerland (PO)";"Persoonlijk slachtoffer afgelopen 12 mnd";"Slachtofferschap totaal";"Slachtofferschap totaal";"% slachtoffer";25,1
"2011*";"Kennemerland (PO)";"Persoonlijk slachtoffer afgelopen 12 mnd";"Geweldsdelicten";"Geweldsdelicten totaal";"% slachtoffer";4,8
"2011*";"Kennemerland (PO)";"Persoonlijk slachtoffer afgelopen 12 mnd";"Vermogensdelicten";"Vermogensdelicten totaal";"% slachtoffer";13,1
"2011*";"Kennemerland (PO)";"Persoonlijk slachtoffer afgelopen 12 mnd";"Vandalismedelicten";"Vandalismedelicten totaal";"% slachtoffer";12,7
"2011*";"Kennemerland (PO)";"Persoonlijk slachtoffer afgelopen 12 mnd";"Overige delicten";"Overige delicten";"% slachtoffer";0,8
"2011*";"Amsterdam-Amstelland (PO)";"Persoonlijk slachtoffer afgelopen 12 mnd";"Slachtofferschap totaal";"Slachtofferschap totaal";"% slachtoffer";34,4
"2011*";"Amsterdam-Amstelland (PO)";"Persoonlijk slachtoffer afgelopen 12 mnd";"Geweldsdelicten";"Geweldsdelicten totaal";"% slachtoffer";7,5
"2011*";"Amsterdam-Amstelland (PO)";"Persoonlijk slachtoffer afgelopen 12 mnd";"Vermogensdelicten";"Vermogensdelicten totaal";"% slachtoffer";20,1
"2011*";"Amsterdam-Amstelland (PO)";"Persoonlijk slachtoffer afgelopen 12 mnd";"Vandalismedelicten";"Vandalismedelicten totaal";"% slachtoffer";16,1
"2011*";"Amsterdam-Amstelland (PO)";"Persoonlijk slachtoffer afgelopen 12 mnd";"Overige delicten";"Overige delicten";"% slachtoffer";1,9
"2011*";"Gooi en Vechtstreek (PO)";"Persoonlijk slachtoffer afgelopen 12 mnd";"Slachtofferschap totaal";"Slachtofferschap totaal";"% slachtoffer";28,4
"2011*";"Gooi en Vechtstreek (PO)";"Persoonlijk slachtoffer afgelopen 12 mnd";"Geweldsdelicten";"Geweldsdelicten totaal";"% slachtoffer";5,3
"2011*";"Gooi en Vechtstreek (PO)";"Persoonlijk slachtoffer afgelopen 12 mnd";"Vermogensdelicten";"Vermogensdelicten totaal";"% slachtoffer";15,1
"2011*";"Gooi en Vechtstreek (PO)";"Persoonlijk slachtoffer afgelopen 12 mnd";"Vandalismedelicten";"Vandalismedelicten totaal";"% slachtoffer";14
"2011*";"Gooi en Vechtstreek (PO)";"Persoonlijk slachtoffer afgelopen 12 mnd";"Overige delicten";"Overige delicten";"% slachtoffer";0,7
"2011*";"Haaglanden (PO)";"Persoonlijk slachtoffer afgelopen 12 mnd";"Slachtofferschap totaal";"Slachtofferschap totaal";"% slachtoffer";30,8
"2011*";"Haaglanden (PO)";"Persoonlijk slachtoffer afgelopen 12 mnd";"Geweldsdelicten";"Geweldsdelicten totaal";"% slachtoffer";6,6
"2011*";"Haaglanden (PO)";"Persoonlijk slachtoffer afgelopen 12 mnd";"Vermogensdelicten";"Vermogensdelicten totaal";"% slachtoffer";15,6
"2011*";"Haaglanden (PO)";"Persoonlijk slachtoffer afgelopen 12 mnd";"Vandalismedelicten";"Vandalismedelicten totaal";"% slachtoffer";16,3
"2011*";"Haaglanden (PO)";"Persoonlijk slachtoffer afgelopen 12 mnd";"Overige delicten";"Overige delicten";"% slachtoffer";1,5
"2011*";"Hollands Midden (PO)";"Persoonlijk slachtoffer afgelopen 12 mnd";"Slachtofferschap totaal";"Slachtofferschap totaal";"% slachtoffer";25,6
"2011*";"Hollands Midden (PO)";"Persoonlijk slachtoffer afgelopen 12 mnd";"Geweldsdelicten";"Geweldsdelicten totaal";"% slachtoffer";5
"2011*";"Hollands Midden (PO)";"Persoonlijk slachtoffer afgelopen 12 mnd";"Vermogensdelicten";"Vermogensdelicten totaal";"% slachtoffer";13,2
"2011*";"Hollands Midden (PO)";"Persoonlijk slachtoffer afgelopen 12 mnd";"Vandalismedelicten";"Vandalismedelicten totaal";"% slachtoffer";12,5
"2011*";"Hollands Midden (PO)";"Persoonlijk slachtoffer afgelopen 12 mnd";"Overige delicten";"Overige delicten";"% slachtoffer";0,9
"2011*";"Rotterdam-Rijnmond (PO)";"Persoonlijk slachtoffer afgelopen 12 mnd";"Slachtofferschap totaal";"Slachtofferschap totaal";"% slachtoffer";27,1
"2011*";"Rotterdam-Rijnmond (PO)";"Persoonlijk slachtoffer afgelopen 12 mnd";"Geweldsdelicten";"Geweldsdelicten totaal";"% slachtoffer";5,9
"2011*";"Rotterdam-Rijnmond (PO)";"Persoonlijk slachtoffer afgelopen 12 mnd";"Vermogensdelicten";"Vermogensdelicten totaal";"% slachtoffer";13,5
"2011*";"Rotterdam-Rijnmond (PO)";"Persoonlijk slachtoffer afgelopen 12 mnd";"Vandalismedelicten";"Vandalismedelicten totaal";"% slachtoffer";14,1
"2011*";"Rotterdam-Rijnmond (PO)";"Persoonlijk slachtoffer afgelopen 12 mnd";"Overige delicten";"Overige delicten";"% slachtoffer";1,2
"2011*";"Zuid-Holland-Zuid (PO)";"Persoonlijk slachtoffer afgelopen 12 mnd";"Slachtofferschap totaal";"Slachtofferschap totaal";"% slachtoffer";22,3
"2011*";"Zuid-Holland-Zuid (PO)";"Persoonlijk slachtoffer afgelopen 12 mnd";"Geweldsdelicten";"Geweldsdelicten totaal";"% slachtoffer";5,3
"2011*";"Zuid-Holland-Zuid (PO)";"Persoonlijk slachtoffer afgelopen 12 mnd";"Vermogensdelicten";"Vermogensdelicten totaal";"% slachtoffer";10
"2011*";"Zuid-Holland-Zuid (PO)";"Persoonlijk slachtoffer afgelopen 12 mnd";"Vandalismedelicten";"Vandalismedelicten totaal";"% slachtoffer";12,6
"2011*";"Zuid-Holland-Zuid (PO)";"Persoonlijk slachtoffer afgelopen 12 mnd";"Overige delicten";"Overige delicten";"% slachtoffer";0,8
"2011*";"Zeeland (PO)";"Persoonlijk slachtoffer afgelopen 12 mnd";"Slachtofferschap totaal";"Slachtofferschap totaal";"% slachtoffer";16,9
"2011*";"Zeeland (PO)";"Persoonlijk slachtoffer afgelopen 12 mnd";"Geweldsdelicten";"Geweldsdelicten totaal";"% slachtoffer";2,1
"2011*";"Zeeland (PO)";"Persoonlijk slachtoffer afgelopen 12 mnd";"Vermogensdelicten";"Vermogensdelicten totaal";"% slachtoffer";7,2
"2011*";"Zeeland (PO)";"Persoonlijk slachtoffer afgelopen 12 mnd";"Vandalismedelicten";"Vandalismedelicten totaal";"% slachtoffer";9,9
"2011*";"Zeeland (PO)";"Persoonlijk slachtoffer afgelopen 12 mnd";"Overige delicten";"Overige delicten";"% slachtoffer";0,7
"2011*";"Midden- en West-Brabant (PO)";"Persoonlijk slachtoffer afgelopen 12 mnd";"Slachtofferschap totaal";"Slachtofferschap totaal";"% slachtoffer";25,4
"2011*";"Midden- en West-Brabant (PO)";"Persoonlijk slachtoffer afgelopen 12 mnd";"Geweldsdelicten";"Geweldsdelicten totaal";"% slachtoffer";5,3
"2011*";"Midden- en West-Brabant (PO)";"Persoonlijk slachtoffer afgelopen 12 mnd";"Vermogensdelicten";"Vermogensdelicten totaal";"% slachtoffer";13,1
"2011*";"Midden- en West-Brabant (PO)";"Persoonlijk slachtoffer afgelopen 12 mnd";"Vandalismedelicten";"Vandalismedelicten totaal";"% slachtoffer";12,8
"2011*";"Midden- en West-Brabant (PO)";"Persoonlijk slachtoffer afgelopen 12 mnd";"Overige delicten";"Overige delicten";"% slachtoffer";0,8
"2011*";"Brabant-Noord (PO)";"Persoonlijk slachtoffer afgelopen 12 mnd";"Slachtofferschap totaal";"Slachtofferschap totaal";"% slachtoffer";23,8
"2011*";"Brabant-Noord (PO)";"Persoonlijk slachtoffer afgelopen 12 mnd";"Geweldsdelicten";"Geweldsdelicten totaal";"% slachtoffer";3,9
"2011*";"Brabant-Noord (PO)";"Persoonlijk slachtoffer afgelopen 12 mnd";"Vermogensdelicten";"Vermogensdelicten totaal";"% slachtoffer";12,6
"2011*";"Brabant-Noord (PO)";"Persoonlijk slachtoffer afgelopen 12 mnd";"Vandalismedelicten";"Vandalismedelicten totaal";"% slachtoffer";11,9
"2011*";"Brabant-Noord (PO)";"Persoonlijk slachtoffer afgelopen 12 mnd";"Overige delicten";"Overige delicten";"% slachtoffer";0,8
"2011*";"Brabant-Zuidoost (PO)";"Persoonlijk slachtoffer afgelopen 12 mnd";"Slachtofferschap totaal";"Slachtofferschap totaal";"% slachtoffer";25,4
"2011*";"Brabant-Zuidoost (PO)";"Persoonlijk slachtoffer afgelopen 12 mnd";"Geweldsdelicten";"Geweldsdelicten totaal";"% slachtoffer";5,7
"2011*";"Brabant-Zuidoost (PO)";"Persoonlijk slachtoffer afgelopen 12 mnd";"Vermogensdelicten";"Vermogensdelicten totaal";"% slachtoffer";13,3
"2011*";"Brabant-Zuidoost (PO)";"Persoonlijk slachtoffer afgelopen 12 mnd";"Vandalismedelicten";"Vandalismedelicten totaal";"% slachtoffer";11,7
"2011*";"Brabant-Zuidoost (PO)";"Persoonlijk slachtoffer afgelopen 12 mnd";"Overige delicten";"Overige delicten";"% slachtoffer";0,9
"2011*";"Limburg-Noord (PO)";"Persoonlijk slachtoffer afgelopen 12 mnd";"Slachtofferschap totaal";"Slachtofferschap totaal";"% slachtoffer";21,8
"2011*";"Limburg-Noord (PO)";"Persoonlijk slachtoffer afgelopen 12 mnd";"Geweldsdelicten";"Geweldsdelicten totaal";"% slachtoffer";4
"2011*";"Limburg-Noord (PO)";"Persoonlijk slachtoffer afgelopen 12 mnd";"Vermogensdelicten";"Vermogensdelicten totaal";"% slachtoffer";12,1
"2011*";"Limburg-Noord (PO)";"Persoonlijk slachtoffer afgelopen 12 mnd";"Vandalismedelicten";"Vandalismedelicten totaal";"% slachtoffer";9,9
"2011*";"Limburg-Noord (PO)";"Persoonlijk slachtoffer afgelopen 12 mnd";"Overige delicten";"Overige delicten";"% slachtoffer";0,8
"2011*";"Limburg-Zuid (PO)";"Persoonlijk slachtoffer afgelopen 12 mnd";"Slachtofferschap totaal";"Slachtofferschap totaal";"% slachtoffer";25
"2011*";"Limburg-Zuid (PO)";"Persoonlijk slachtoffer afgelopen 12 mnd";"Geweldsdelicten";"Geweldsdelicten totaal";"% slachtoffer";6,6
"2011*";"Limburg-Zuid (PO)";"Persoonlijk slachtoffer afgelopen 12 mnd";"Vermogensdelicten";"Vermogensdelicten totaal";"% slachtoffer";13,3
"2011*";"Limburg-Zuid (PO)";"Persoonlijk slachtoffer afgelopen 12 mnd";"Vandalismedelicten";"Vandalismedelicten totaal";"% slachtoffer";11,7
"2011*";"Limburg-Zuid (PO)";"Persoonlijk slachtoffer afgelopen 12 mnd";"Overige delicten";"Overige delicten";"% slachtoffer";1,1
"2011*";"Flevoland (PO)";"Persoonlijk slachtoffer afgelopen 12 mnd";"Slachtofferschap totaal";"Slachtofferschap totaal";"% slachtoffer";23,6
"2011*";"Flevoland (PO)";"Persoonlijk slachtoffer afgelopen 12 mnd";"Geweldsdelicten";"Geweldsdelicten totaal";"% slachtoffer";5,6
"2011*";"Flevoland (PO)";"Persoonlijk slachtoffer afgelopen 12 mnd";"Vermogensdelicten";"Vermogensdelicten totaal";"% slachtoffer";10,6
"2011*";"Flevoland (PO)";"Persoonlijk slachtoffer afgelopen 12 mnd";"Vandalismedelicten";"Vandalismedelicten totaal";"% slachtoffer";12,2
"2011*";"Flevoland (PO)";"Persoonlijk slachtoffer afgelopen 12 mnd";"Overige delicten";"Overige delicten";"% slachtoffer";0,7
