"o1";"o2";"o3";"o4";"jaar";"geslacht";"leeftijd";"soort";"aantalpatienten"
"Personen met 1 of meer zorgepisodes";"T. Endocriene kl./metabol. /voeding";"Ziekten";"Diabetes mellitus";"2002";"Totaal mannen en vrouwen";"Totaal leeftijd";"per 1000 personen";"29"
"Personen met 1 of meer zorgepisodes";"T. Endocriene kl./metabol. /voeding";"Ziekten";"Diabetes mellitus";"2002";"Totaal mannen en vrouwen";"0 jaar";"per 1000 personen";"."
"Personen met 1 of meer zorgepisodes";"T. Endocriene kl./metabol. /voeding";"Ziekten";"Diabetes mellitus";"2002";"Totaal mannen en vrouwen";"1 tot 5 jaar";"per 1000 personen";"."
"Personen met 1 of meer zorgepisodes";"T. Endocriene kl./metabol. /voeding";"Ziekten";"Diabetes mellitus";"2002";"Totaal mannen en vrouwen";"5 tot 10 jaar";"per 1000 personen";"1"
"Personen met 1 of meer zorgepisodes";"T. Endocriene kl./metabol. /voeding";"Ziekten";"Diabetes mellitus";"2002";"Totaal mannen en vrouwen";"10 tot 15 jaar";"per 1000 personen";"2"
"Personen met 1 of meer zorgepisodes";"T. Endocriene kl./metabol. /voeding";"Ziekten";"Diabetes mellitus";"2002";"Totaal mannen en vrouwen";"15 tot 20 jaar";"per 1000 personen";"1"
"Personen met 1 of meer zorgepisodes";"T. Endocriene kl./metabol. /voeding";"Ziekten";"Diabetes mellitus";"2002";"Totaal mannen en vrouwen";"20 tot 25 jaar";"per 1000 personen";"2"
"Personen met 1 of meer zorgepisodes";"T. Endocriene kl./metabol. /voeding";"Ziekten";"Diabetes mellitus";"2002";"Totaal mannen en vrouwen";"25 tot 30 jaar";"per 1000 personen";"2"
"Personen met 1 of meer zorgepisodes";"T. Endocriene kl./metabol. /voeding";"Ziekten";"Diabetes mellitus";"2002";"Totaal mannen en vrouwen";"30 tot 35 jaar";"per 1000 personen";"6"
"Personen met 1 of meer zorgepisodes";"T. Endocriene kl./metabol. /voeding";"Ziekten";"Diabetes mellitus";"2002";"Totaal mannen en vrouwen";"35 tot 40 jaar";"per 1000 personen";"7"
"Personen met 1 of meer zorgepisodes";"T. Endocriene kl./metabol. /voeding";"Ziekten";"Diabetes mellitus";"2002";"Totaal mannen en vrouwen";"40 tot 45 jaar";"per 1000 personen";"11"
"Personen met 1 of meer zorgepisodes";"T. Endocriene kl./metabol. /voeding";"Ziekten";"Diabetes mellitus";"2002";"Totaal mannen en vrouwen";"45 tot 50 jaar";"per 1000 personen";"18"
"Personen met 1 of meer zorgepisodes";"T. Endocriene kl./metabol. /voeding";"Ziekten";"Diabetes mellitus";"2002";"Totaal mannen en vrouwen";"50 tot 55 jaar";"per 1000 personen";"31"
"Personen met 1 of meer zorgepisodes";"T. Endocriene kl./metabol. /voeding";"Ziekten";"Diabetes mellitus";"2002";"Totaal mannen en vrouwen";"55 tot 60 jaar";"per 1000 personen";"55"
"Personen met 1 of meer zorgepisodes";"T. Endocriene kl./metabol. /voeding";"Ziekten";"Diabetes mellitus";"2002";"Totaal mannen en vrouwen";"60 tot 65 jaar";"per 1000 personen";"72"
"Personen met 1 of meer zorgepisodes";"T. Endocriene kl./metabol. /voeding";"Ziekten";"Diabetes mellitus";"2002";"Totaal mannen en vrouwen";"65 tot 70 jaar";"per 1000 personen";"100"
"Personen met 1 of meer zorgepisodes";"T. Endocriene kl./metabol. /voeding";"Ziekten";"Diabetes mellitus";"2002";"Totaal mannen en vrouwen";"70 tot 75 jaar";"per 1000 personen";"111"
"Personen met 1 of meer zorgepisodes";"T. Endocriene kl./metabol. /voeding";"Ziekten";"Diabetes mellitus";"2002";"Totaal mannen en vrouwen";"75 jaar of ouder";"per 1000 personen";"125"
"Personen met 1 of meer zorgepisodes";"T. Endocriene kl./metabol. /voeding";"Ziekten";"Diabetes mellitus";"2002";"Mannen";"Totaal leeftijd";"per 1000 personen";"28"
"Personen met 1 of meer zorgepisodes";"T. Endocriene kl./metabol. /voeding";"Ziekten";"Diabetes mellitus";"2002";"Mannen";"0 jaar";"per 1000 personen";"."
"Personen met 1 of meer zorgepisodes";"T. Endocriene kl./metabol. /voeding";"Ziekten";"Diabetes mellitus";"2002";"Mannen";"1 tot 5 jaar";"per 1000 personen";"."
"Personen met 1 of meer zorgepisodes";"T. Endocriene kl./metabol. /voeding";"Ziekten";"Diabetes mellitus";"2002";"Mannen";"5 tot 10 jaar";"per 1000 personen";"."
"Personen met 1 of meer zorgepisodes";"T. Endocriene kl./metabol. /voeding";"Ziekten";"Diabetes mellitus";"2002";"Mannen";"10 tot 15 jaar";"per 1000 personen";"2"
"Personen met 1 of meer zorgepisodes";"T. Endocriene kl./metabol. /voeding";"Ziekten";"Diabetes mellitus";"2002";"Mannen";"15 tot 20 jaar";"per 1000 personen";"1"
"Personen met 1 of meer zorgepisodes";"T. Endocriene kl./metabol. /voeding";"Ziekten";"Diabetes mellitus";"2002";"Mannen";"20 tot 25 jaar";"per 1000 personen";"3"
"Personen met 1 of meer zorgepisodes";"T. Endocriene kl./metabol. /voeding";"Ziekten";"Diabetes mellitus";"2002";"Mannen";"25 tot 30 jaar";"per 1000 personen";"3"
"Personen met 1 of meer zorgepisodes";"T. Endocriene kl./metabol. /voeding";"Ziekten";"Diabetes mellitus";"2002";"Mannen";"30 tot 35 jaar";"per 1000 personen";"6"
"Personen met 1 of meer zorgepisodes";"T. Endocriene kl./metabol. /voeding";"Ziekten";"Diabetes mellitus";"2002";"Mannen";"35 tot 40 jaar";"per 1000 personen";"6"
"Personen met 1 of meer zorgepisodes";"T. Endocriene kl./metabol. /voeding";"Ziekten";"Diabetes mellitus";"2002";"Mannen";"40 tot 45 jaar";"per 1000 personen";"12"
"Personen met 1 of meer zorgepisodes";"T. Endocriene kl./metabol. /voeding";"Ziekten";"Diabetes mellitus";"2002";"Mannen";"45 tot 50 jaar";"per 1000 personen";"21"
"Personen met 1 of meer zorgepisodes";"T. Endocriene kl./metabol. /voeding";"Ziekten";"Diabetes mellitus";"2002";"Mannen";"50 tot 55 jaar";"per 1000 personen";"33"
"Personen met 1 of meer zorgepisodes";"T. Endocriene kl./metabol. /voeding";"Ziekten";"Diabetes mellitus";"2002";"Mannen";"55 tot 60 jaar";"per 1000 personen";"62"
"Personen met 1 of meer zorgepisodes";"T. Endocriene kl./metabol. /voeding";"Ziekten";"Diabetes mellitus";"2002";"Mannen";"60 tot 65 jaar";"per 1000 personen";"82"
"Personen met 1 of meer zorgepisodes";"T. Endocriene kl./metabol. /voeding";"Ziekten";"Diabetes mellitus";"2002";"Mannen";"65 tot 70 jaar";"per 1000 personen";"100"
"Personen met 1 of meer zorgepisodes";"T. Endocriene kl./metabol. /voeding";"Ziekten";"Diabetes mellitus";"2002";"Mannen";"70 tot 75 jaar";"per 1000 personen";"107"
"Personen met 1 of meer zorgepisodes";"T. Endocriene kl./metabol. /voeding";"Ziekten";"Diabetes mellitus";"2002";"Mannen";"75 jaar of ouder";"per 1000 personen";"118"
"Personen met 1 of meer zorgepisodes";"T. Endocriene kl./metabol. /voeding";"Ziekten";"Diabetes mellitus";"2002";"Vrouwen";"Totaal leeftijd";"per 1000 personen";"31"
"Personen met 1 of meer zorgepisodes";"T. Endocriene kl./metabol. /voeding";"Ziekten";"Diabetes mellitus";"2002";"Vrouwen";"0 jaar";"per 1000 personen";"."
"Personen met 1 of meer zorgepisodes";"T. Endocriene kl./metabol. /voeding";"Ziekten";"Diabetes mellitus";"2002";"Vrouwen";"1 tot 5 jaar";"per 1000 personen";"."
"Personen met 1 of meer zorgepisodes";"T. Endocriene kl./metabol. /voeding";"Ziekten";"Diabetes mellitus";"2002";"Vrouwen";"5 tot 10 jaar";"per 1000 personen";"1"
"Personen met 1 of meer zorgepisodes";"T. Endocriene kl./metabol. /voeding";"Ziekten";"Diabetes mellitus";"2002";"Vrouwen";"10 tot 15 jaar";"per 1000 personen";"2"
"Personen met 1 of meer zorgepisodes";"T. Endocriene kl./metabol. /voeding";"Ziekten";"Diabetes mellitus";"2002";"Vrouwen";"15 tot 20 jaar";"per 1000 personen";"2"
"Personen met 1 of meer zorgepisodes";"T. Endocriene kl./metabol. /voeding";"Ziekten";"Diabetes mellitus";"2002";"Vrouwen";"20 tot 25 jaar";"per 1000 personen";"2"
"Personen met 1 of meer zorgepisodes";"T. Endocriene kl./metabol. /voeding";"Ziekten";"Diabetes mellitus";"2002";"Vrouwen";"25 tot 30 jaar";"per 1000 personen";"1"
"Personen met 1 of meer zorgepisodes";"T. Endocriene kl./metabol. /voeding";"Ziekten";"Diabetes mellitus";"2002";"Vrouwen";"30 tot 35 jaar";"per 1000 personen";"6"
"Personen met 1 of meer zorgepisodes";"T. Endocriene kl./metabol. /voeding";"Ziekten";"Diabetes mellitus";"2002";"Vrouwen";"35 tot 40 jaar";"per 1000 personen";"8"
"Personen met 1 of meer zorgepisodes";"T. Endocriene kl./metabol. /voeding";"Ziekten";"Diabetes mellitus";"2002";"Vrouwen";"40 tot 45 jaar";"per 1000 personen";"10"
"Personen met 1 of meer zorgepisodes";"T. Endocriene kl./metabol. /voeding";"Ziekten";"Diabetes mellitus";"2002";"Vrouwen";"45 tot 50 jaar";"per 1000 personen";"16"
"Personen met 1 of meer zorgepisodes";"T. Endocriene kl./metabol. /voeding";"Ziekten";"Diabetes mellitus";"2002";"Vrouwen";"50 tot 55 jaar";"per 1000 personen";"28"
"Personen met 1 of meer zorgepisodes";"T. Endocriene kl./metabol. /voeding";"Ziekten";"Diabetes mellitus";"2002";"Vrouwen";"55 tot 60 jaar";"per 1000 personen";"47"
"Personen met 1 of meer zorgepisodes";"T. Endocriene kl./metabol. /voeding";"Ziekten";"Diabetes mellitus";"2002";"Vrouwen";"60 tot 65 jaar";"per 1000 personen";"62"
"Personen met 1 of meer zorgepisodes";"T. Endocriene kl./metabol. /voeding";"Ziekten";"Diabetes mellitus";"2002";"Vrouwen";"65 tot 70 jaar";"per 1000 personen";"99"
"Personen met 1 of meer zorgepisodes";"T. Endocriene kl./metabol. /voeding";"Ziekten";"Diabetes mellitus";"2002";"Vrouwen";"70 tot 75 jaar";"per 1000 personen";"115"
"Personen met 1 of meer zorgepisodes";"T. Endocriene kl./metabol. /voeding";"Ziekten";"Diabetes mellitus";"2002";"Vrouwen";"75 jaar of ouder";"per 1000 personen";"129"
"Personen met 1 of meer zorgepisodes";"T. Endocriene kl./metabol. /voeding";"Ziekten";"Diabetes mellitus";"2003";"Totaal mannen en vrouwen";"Totaal leeftijd";"per 1000 personen";"31"
"Personen met 1 of meer zorgepisodes";"T. Endocriene kl./metabol. /voeding";"Ziekten";"Diabetes mellitus";"2003";"Totaal mannen en vrouwen";"0 jaar";"per 1000 personen";"."
"Personen met 1 of meer zorgepisodes";"T. Endocriene kl./metabol. /voeding";"Ziekten";"Diabetes mellitus";"2003";"Totaal mannen en vrouwen";"1 tot 5 jaar";"per 1000 personen";"."
"Personen met 1 of meer zorgepisodes";"T. Endocriene kl./metabol. /voeding";"Ziekten";"Diabetes mellitus";"2003";"Totaal mannen en vrouwen";"5 tot 10 jaar";"per 1000 personen";"1"
"Personen met 1 of meer zorgepisodes";"T. Endocriene kl./metabol. /voeding";"Ziekten";"Diabetes mellitus";"2003";"Totaal mannen en vrouwen";"10 tot 15 jaar";"per 1000 personen";"1"
"Personen met 1 of meer zorgepisodes";"T. Endocriene kl./metabol. /voeding";"Ziekten";"Diabetes mellitus";"2003";"Totaal mannen en vrouwen";"15 tot 20 jaar";"per 1000 personen";"1"
"Personen met 1 of meer zorgepisodes";"T. Endocriene kl./metabol. /voeding";"Ziekten";"Diabetes mellitus";"2003";"Totaal mannen en vrouwen";"20 tot 25 jaar";"per 1000 personen";"2"
"Personen met 1 of meer zorgepisodes";"T. Endocriene kl./metabol. /voeding";"Ziekten";"Diabetes mellitus";"2003";"Totaal mannen en vrouwen";"25 tot 30 jaar";"per 1000 personen";"2"
"Personen met 1 of meer zorgepisodes";"T. Endocriene kl./metabol. /voeding";"Ziekten";"Diabetes mellitus";"2003";"Totaal mannen en vrouwen";"30 tot 35 jaar";"per 1000 personen";"5"
"Personen met 1 of meer zorgepisodes";"T. Endocriene kl./metabol. /voeding";"Ziekten";"Diabetes mellitus";"2003";"Totaal mannen en vrouwen";"35 tot 40 jaar";"per 1000 personen";"7"
"Personen met 1 of meer zorgepisodes";"T. Endocriene kl./metabol. /voeding";"Ziekten";"Diabetes mellitus";"2003";"Totaal mannen en vrouwen";"40 tot 45 jaar";"per 1000 personen";"12"
"Personen met 1 of meer zorgepisodes";"T. Endocriene kl./metabol. /voeding";"Ziekten";"Diabetes mellitus";"2003";"Totaal mannen en vrouwen";"45 tot 50 jaar";"per 1000 personen";"20"
"Personen met 1 of meer zorgepisodes";"T. Endocriene kl./metabol. /voeding";"Ziekten";"Diabetes mellitus";"2003";"Totaal mannen en vrouwen";"50 tot 55 jaar";"per 1000 personen";"35"
"Personen met 1 of meer zorgepisodes";"T. Endocriene kl./metabol. /voeding";"Ziekten";"Diabetes mellitus";"2003";"Totaal mannen en vrouwen";"55 tot 60 jaar";"per 1000 personen";"58"
"Personen met 1 of meer zorgepisodes";"T. Endocriene kl./metabol. /voeding";"Ziekten";"Diabetes mellitus";"2003";"Totaal mannen en vrouwen";"60 tot 65 jaar";"per 1000 personen";"82"
"Personen met 1 of meer zorgepisodes";"T. Endocriene kl./metabol. /voeding";"Ziekten";"Diabetes mellitus";"2003";"Totaal mannen en vrouwen";"65 tot 70 jaar";"per 1000 personen";"103"
"Personen met 1 of meer zorgepisodes";"T. Endocriene kl./metabol. /voeding";"Ziekten";"Diabetes mellitus";"2003";"Totaal mannen en vrouwen";"70 tot 75 jaar";"per 1000 personen";"122"
"Personen met 1 of meer zorgepisodes";"T. Endocriene kl./metabol. /voeding";"Ziekten";"Diabetes mellitus";"2003";"Totaal mannen en vrouwen";"75 jaar of ouder";"per 1000 personen";"132"
"Personen met 1 of meer zorgepisodes";"T. Endocriene kl./metabol. /voeding";"Ziekten";"Diabetes mellitus";"2003";"Mannen";"Totaal leeftijd";"per 1000 personen";"30"
"Personen met 1 of meer zorgepisodes";"T. Endocriene kl./metabol. /voeding";"Ziekten";"Diabetes mellitus";"2003";"Mannen";"0 jaar";"per 1000 personen";"."
"Personen met 1 of meer zorgepisodes";"T. Endocriene kl./metabol. /voeding";"Ziekten";"Diabetes mellitus";"2003";"Mannen";"1 tot 5 jaar";"per 1000 personen";"."
"Personen met 1 of meer zorgepisodes";"T. Endocriene kl./metabol. /voeding";"Ziekten";"Diabetes mellitus";"2003";"Mannen";"5 tot 10 jaar";"per 1000 personen";"."
"Personen met 1 of meer zorgepisodes";"T. Endocriene kl./metabol. /voeding";"Ziekten";"Diabetes mellitus";"2003";"Mannen";"10 tot 15 jaar";"per 1000 personen";"2"
"Personen met 1 of meer zorgepisodes";"T. Endocriene kl./metabol. /voeding";"Ziekten";"Diabetes mellitus";"2003";"Mannen";"15 tot 20 jaar";"per 1000 personen";"2"
"Personen met 1 of meer zorgepisodes";"T. Endocriene kl./metabol. /voeding";"Ziekten";"Diabetes mellitus";"2003";"Mannen";"20 tot 25 jaar";"per 1000 personen";"1"
"Personen met 1 of meer zorgepisodes";"T. Endocriene kl./metabol. /voeding";"Ziekten";"Diabetes mellitus";"2003";"Mannen";"25 tot 30 jaar";"per 1000 personen";"2"
"Personen met 1 of meer zorgepisodes";"T. Endocriene kl./metabol. /voeding";"Ziekten";"Diabetes mellitus";"2003";"Mannen";"30 tot 35 jaar";"per 1000 personen";"5"
"Personen met 1 of meer zorgepisodes";"T. Endocriene kl./metabol. /voeding";"Ziekten";"Diabetes mellitus";"2003";"Mannen";"35 tot 40 jaar";"per 1000 personen";"8"
"Personen met 1 of meer zorgepisodes";"T. Endocriene kl./metabol. /voeding";"Ziekten";"Diabetes mellitus";"2003";"Mannen";"40 tot 45 jaar";"per 1000 personen";"12"
"Personen met 1 of meer zorgepisodes";"T. Endocriene kl./metabol. /voeding";"Ziekten";"Diabetes mellitus";"2003";"Mannen";"45 tot 50 jaar";"per 1000 personen";"24"
"Personen met 1 of meer zorgepisodes";"T. Endocriene kl./metabol. /voeding";"Ziekten";"Diabetes mellitus";"2003";"Mannen";"50 tot 55 jaar";"per 1000 personen";"37"
"Personen met 1 of meer zorgepisodes";"T. Endocriene kl./metabol. /voeding";"Ziekten";"Diabetes mellitus";"2003";"Mannen";"55 tot 60 jaar";"per 1000 personen";"65"
"Personen met 1 of meer zorgepisodes";"T. Endocriene kl./metabol. /voeding";"Ziekten";"Diabetes mellitus";"2003";"Mannen";"60 tot 65 jaar";"per 1000 personen";"89"
"Personen met 1 of meer zorgepisodes";"T. Endocriene kl./metabol. /voeding";"Ziekten";"Diabetes mellitus";"2003";"Mannen";"65 tot 70 jaar";"per 1000 personen";"105"
"Personen met 1 of meer zorgepisodes";"T. Endocriene kl./metabol. /voeding";"Ziekten";"Diabetes mellitus";"2003";"Mannen";"70 tot 75 jaar";"per 1000 personen";"115"
"Personen met 1 of meer zorgepisodes";"T. Endocriene kl./metabol. /voeding";"Ziekten";"Diabetes mellitus";"2003";"Mannen";"75 jaar of ouder";"per 1000 personen";"123"
"Personen met 1 of meer zorgepisodes";"T. Endocriene kl./metabol. /voeding";"Ziekten";"Diabetes mellitus";"2003";"Vrouwen";"Totaal leeftijd";"per 1000 personen";"33"
"Personen met 1 of meer zorgepisodes";"T. Endocriene kl./metabol. /voeding";"Ziekten";"Diabetes mellitus";"2003";"Vrouwen";"0 jaar";"per 1000 personen";"."
"Personen met 1 of meer zorgepisodes";"T. Endocriene kl./metabol. /voeding";"Ziekten";"Diabetes mellitus";"2003";"Vrouwen";"1 tot 5 jaar";"per 1000 personen";"."
"Personen met 1 of meer zorgepisodes";"T. Endocriene kl./metabol. /voeding";"Ziekten";"Diabetes mellitus";"2003";"Vrouwen";"5 tot 10 jaar";"per 1000 personen";"1"
"Personen met 1 of meer zorgepisodes";"T. Endocriene kl./metabol. /voeding";"Ziekten";"Diabetes mellitus";"2003";"Vrouwen";"10 tot 15 jaar";"per 1000 personen";"1"
"Personen met 1 of meer zorgepisodes";"T. Endocriene kl./metabol. /voeding";"Ziekten";"Diabetes mellitus";"2003";"Vrouwen";"15 tot 20 jaar";"per 1000 personen";"1"
"Personen met 1 of meer zorgepisodes";"T. Endocriene kl./metabol. /voeding";"Ziekten";"Diabetes mellitus";"2003";"Vrouwen";"20 tot 25 jaar";"per 1000 personen";"3"
"Personen met 1 of meer zorgepisodes";"T. Endocriene kl./metabol. /voeding";"Ziekten";"Diabetes mellitus";"2003";"Vrouwen";"25 tot 30 jaar";"per 1000 personen";"3"
"Personen met 1 of meer zorgepisodes";"T. Endocriene kl./metabol. /voeding";"Ziekten";"Diabetes mellitus";"2003";"Vrouwen";"30 tot 35 jaar";"per 1000 personen";"4"
"Personen met 1 of meer zorgepisodes";"T. Endocriene kl./metabol. /voeding";"Ziekten";"Diabetes mellitus";"2003";"Vrouwen";"35 tot 40 jaar";"per 1000 personen";"6"
"Personen met 1 of meer zorgepisodes";"T. Endocriene kl./metabol. /voeding";"Ziekten";"Diabetes mellitus";"2003";"Vrouwen";"40 tot 45 jaar";"per 1000 personen";"12"
"Personen met 1 of meer zorgepisodes";"T. Endocriene kl./metabol. /voeding";"Ziekten";"Diabetes mellitus";"2003";"Vrouwen";"45 tot 50 jaar";"per 1000 personen";"16"
"Personen met 1 of meer zorgepisodes";"T. Endocriene kl./metabol. /voeding";"Ziekten";"Diabetes mellitus";"2003";"Vrouwen";"50 tot 55 jaar";"per 1000 personen";"32"
"Personen met 1 of meer zorgepisodes";"T. Endocriene kl./metabol. /voeding";"Ziekten";"Diabetes mellitus";"2003";"Vrouwen";"55 tot 60 jaar";"per 1000 personen";"51"
"Personen met 1 of meer zorgepisodes";"T. Endocriene kl./metabol. /voeding";"Ziekten";"Diabetes mellitus";"2003";"Vrouwen";"60 tot 65 jaar";"per 1000 personen";"76"
"Personen met 1 of meer zorgepisodes";"T. Endocriene kl./metabol. /voeding";"Ziekten";"Diabetes mellitus";"2003";"Vrouwen";"65 tot 70 jaar";"per 1000 personen";"100"
"Personen met 1 of meer zorgepisodes";"T. Endocriene kl./metabol. /voeding";"Ziekten";"Diabetes mellitus";"2003";"Vrouwen";"70 tot 75 jaar";"per 1000 personen";"129"
"Personen met 1 of meer zorgepisodes";"T. Endocriene kl./metabol. /voeding";"Ziekten";"Diabetes mellitus";"2003";"Vrouwen";"75 jaar of ouder";"per 1000 personen";"137"
"Personen met 1 of meer zorgepisodes";"T. Endocriene kl./metabol. /voeding";"Ziekten";"Diabetes mellitus";"2004";"Totaal mannen en vrouwen";"Totaal leeftijd";"per 1000 personen";"36"
"Personen met 1 of meer zorgepisodes";"T. Endocriene kl./metabol. /voeding";"Ziekten";"Diabetes mellitus";"2004";"Totaal mannen en vrouwen";"0 jaar";"per 1000 personen";"."
"Personen met 1 of meer zorgepisodes";"T. Endocriene kl./metabol. /voeding";"Ziekten";"Diabetes mellitus";"2004";"Totaal mannen en vrouwen";"1 tot 5 jaar";"per 1000 personen";"."
"Personen met 1 of meer zorgepisodes";"T. Endocriene kl./metabol. /voeding";"Ziekten";"Diabetes mellitus";"2004";"Totaal mannen en vrouwen";"5 tot 10 jaar";"per 1000 personen";"1"
"Personen met 1 of meer zorgepisodes";"T. Endocriene kl./metabol. /voeding";"Ziekten";"Diabetes mellitus";"2004";"Totaal mannen en vrouwen";"10 tot 15 jaar";"per 1000 personen";"1"
"Personen met 1 of meer zorgepisodes";"T. Endocriene kl./metabol. /voeding";"Ziekten";"Diabetes mellitus";"2004";"Totaal mannen en vrouwen";"15 tot 20 jaar";"per 1000 personen";"1"
"Personen met 1 of meer zorgepisodes";"T. Endocriene kl./metabol. /voeding";"Ziekten";"Diabetes mellitus";"2004";"Totaal mannen en vrouwen";"20 tot 25 jaar";"per 1000 personen";"2"
"Personen met 1 of meer zorgepisodes";"T. Endocriene kl./metabol. /voeding";"Ziekten";"Diabetes mellitus";"2004";"Totaal mannen en vrouwen";"25 tot 30 jaar";"per 1000 personen";"3"
"Personen met 1 of meer zorgepisodes";"T. Endocriene kl./metabol. /voeding";"Ziekten";"Diabetes mellitus";"2004";"Totaal mannen en vrouwen";"30 tot 35 jaar";"per 1000 personen";"4"
"Personen met 1 of meer zorgepisodes";"T. Endocriene kl./metabol. /voeding";"Ziekten";"Diabetes mellitus";"2004";"Totaal mannen en vrouwen";"35 tot 40 jaar";"per 1000 personen";"8"
"Personen met 1 of meer zorgepisodes";"T. Endocriene kl./metabol. /voeding";"Ziekten";"Diabetes mellitus";"2004";"Totaal mannen en vrouwen";"40 tot 45 jaar";"per 1000 personen";"14"
"Personen met 1 of meer zorgepisodes";"T. Endocriene kl./metabol. /voeding";"Ziekten";"Diabetes mellitus";"2004";"Totaal mannen en vrouwen";"45 tot 50 jaar";"per 1000 personen";"24"
"Personen met 1 of meer zorgepisodes";"T. Endocriene kl./metabol. /voeding";"Ziekten";"Diabetes mellitus";"2004";"Totaal mannen en vrouwen";"50 tot 55 jaar";"per 1000 personen";"37"
"Personen met 1 of meer zorgepisodes";"T. Endocriene kl./metabol. /voeding";"Ziekten";"Diabetes mellitus";"2004";"Totaal mannen en vrouwen";"55 tot 60 jaar";"per 1000 personen";"63"
"Personen met 1 of meer zorgepisodes";"T. Endocriene kl./metabol. /voeding";"Ziekten";"Diabetes mellitus";"2004";"Totaal mannen en vrouwen";"60 tot 65 jaar";"per 1000 personen";"97"
"Personen met 1 of meer zorgepisodes";"T. Endocriene kl./metabol. /voeding";"Ziekten";"Diabetes mellitus";"2004";"Totaal mannen en vrouwen";"65 tot 70 jaar";"per 1000 personen";"118"
"Personen met 1 of meer zorgepisodes";"T. Endocriene kl./metabol. /voeding";"Ziekten";"Diabetes mellitus";"2004";"Totaal mannen en vrouwen";"70 tot 75 jaar";"per 1000 personen";"146"
"Personen met 1 of meer zorgepisodes";"T. Endocriene kl./metabol. /voeding";"Ziekten";"Diabetes mellitus";"2004";"Totaal mannen en vrouwen";"75 jaar of ouder";"per 1000 personen";"150"
"Personen met 1 of meer zorgepisodes";"T. Endocriene kl./metabol. /voeding";"Ziekten";"Diabetes mellitus";"2004";"Mannen";"Totaal leeftijd";"per 1000 personen";"34"
"Personen met 1 of meer zorgepisodes";"T. Endocriene kl./metabol. /voeding";"Ziekten";"Diabetes mellitus";"2004";"Mannen";"0 jaar";"per 1000 personen";"."
"Personen met 1 of meer zorgepisodes";"T. Endocriene kl./metabol. /voeding";"Ziekten";"Diabetes mellitus";"2004";"Mannen";"1 tot 5 jaar";"per 1000 personen";"."
"Personen met 1 of meer zorgepisodes";"T. Endocriene kl./metabol. /voeding";"Ziekten";"Diabetes mellitus";"2004";"Mannen";"5 tot 10 jaar";"per 1000 personen";"."
"Personen met 1 of meer zorgepisodes";"T. Endocriene kl./metabol. /voeding";"Ziekten";"Diabetes mellitus";"2004";"Mannen";"10 tot 15 jaar";"per 1000 personen";"1"
"Personen met 1 of meer zorgepisodes";"T. Endocriene kl./metabol. /voeding";"Ziekten";"Diabetes mellitus";"2004";"Mannen";"15 tot 20 jaar";"per 1000 personen";"2"
"Personen met 1 of meer zorgepisodes";"T. Endocriene kl./metabol. /voeding";"Ziekten";"Diabetes mellitus";"2004";"Mannen";"20 tot 25 jaar";"per 1000 personen";"1"
"Personen met 1 of meer zorgepisodes";"T. Endocriene kl./metabol. /voeding";"Ziekten";"Diabetes mellitus";"2004";"Mannen";"25 tot 30 jaar";"per 1000 personen";"."
"Personen met 1 of meer zorgepisodes";"T. Endocriene kl./metabol. /voeding";"Ziekten";"Diabetes mellitus";"2004";"Mannen";"30 tot 35 jaar";"per 1000 personen";"5"
"Personen met 1 of meer zorgepisodes";"T. Endocriene kl./metabol. /voeding";"Ziekten";"Diabetes mellitus";"2004";"Mannen";"35 tot 40 jaar";"per 1000 personen";"8"
"Personen met 1 of meer zorgepisodes";"T. Endocriene kl./metabol. /voeding";"Ziekten";"Diabetes mellitus";"2004";"Mannen";"40 tot 45 jaar";"per 1000 personen";"15"
"Personen met 1 of meer zorgepisodes";"T. Endocriene kl./metabol. /voeding";"Ziekten";"Diabetes mellitus";"2004";"Mannen";"45 tot 50 jaar";"per 1000 personen";"27"
"Personen met 1 of meer zorgepisodes";"T. Endocriene kl./metabol. /voeding";"Ziekten";"Diabetes mellitus";"2004";"Mannen";"50 tot 55 jaar";"per 1000 personen";"43"
"Personen met 1 of meer zorgepisodes";"T. Endocriene kl./metabol. /voeding";"Ziekten";"Diabetes mellitus";"2004";"Mannen";"55 tot 60 jaar";"per 1000 personen";"70"
"Personen met 1 of meer zorgepisodes";"T. Endocriene kl./metabol. /voeding";"Ziekten";"Diabetes mellitus";"2004";"Mannen";"60 tot 65 jaar";"per 1000 personen";"106"
"Personen met 1 of meer zorgepisodes";"T. Endocriene kl./metabol. /voeding";"Ziekten";"Diabetes mellitus";"2004";"Mannen";"65 tot 70 jaar";"per 1000 personen";"127"
"Personen met 1 of meer zorgepisodes";"T. Endocriene kl./metabol. /voeding";"Ziekten";"Diabetes mellitus";"2004";"Mannen";"70 tot 75 jaar";"per 1000 personen";"141"
"Personen met 1 of meer zorgepisodes";"T. Endocriene kl./metabol. /voeding";"Ziekten";"Diabetes mellitus";"2004";"Mannen";"75 jaar of ouder";"per 1000 personen";"128"
"Personen met 1 of meer zorgepisodes";"T. Endocriene kl./metabol. /voeding";"Ziekten";"Diabetes mellitus";"2004";"Vrouwen";"Totaal leeftijd";"per 1000 personen";"38"
"Personen met 1 of meer zorgepisodes";"T. Endocriene kl./metabol. /voeding";"Ziekten";"Diabetes mellitus";"2004";"Vrouwen";"0 jaar";"per 1000 personen";"."
"Personen met 1 of meer zorgepisodes";"T. Endocriene kl./metabol. /voeding";"Ziekten";"Diabetes mellitus";"2004";"Vrouwen";"1 tot 5 jaar";"per 1000 personen";"."
"Personen met 1 of meer zorgepisodes";"T. Endocriene kl./metabol. /voeding";"Ziekten";"Diabetes mellitus";"2004";"Vrouwen";"5 tot 10 jaar";"per 1000 personen";"."
"Personen met 1 of meer zorgepisodes";"T. Endocriene kl./metabol. /voeding";"Ziekten";"Diabetes mellitus";"2004";"Vrouwen";"10 tot 15 jaar";"per 1000 personen";"1"
"Personen met 1 of meer zorgepisodes";"T. Endocriene kl./metabol. /voeding";"Ziekten";"Diabetes mellitus";"2004";"Vrouwen";"15 tot 20 jaar";"per 1000 personen";"."
"Personen met 1 of meer zorgepisodes";"T. Endocriene kl./metabol. /voeding";"Ziekten";"Diabetes mellitus";"2004";"Vrouwen";"20 tot 25 jaar";"per 1000 personen";"2"
"Personen met 1 of meer zorgepisodes";"T. Endocriene kl./metabol. /voeding";"Ziekten";"Diabetes mellitus";"2004";"Vrouwen";"25 tot 30 jaar";"per 1000 personen";"2"
"Personen met 1 of meer zorgepisodes";"T. Endocriene kl./metabol. /voeding";"Ziekten";"Diabetes mellitus";"2004";"Vrouwen";"30 tot 35 jaar";"per 1000 personen";"4"
"Personen met 1 of meer zorgepisodes";"T. Endocriene kl./metabol. /voeding";"Ziekten";"Diabetes mellitus";"2004";"Vrouwen";"35 tot 40 jaar";"per 1000 personen";"8"
"Personen met 1 of meer zorgepisodes";"T. Endocriene kl./metabol. /voeding";"Ziekten";"Diabetes mellitus";"2004";"Vrouwen";"40 tot 45 jaar";"per 1000 personen";"13"
"Personen met 1 of meer zorgepisodes";"T. Endocriene kl./metabol. /voeding";"Ziekten";"Diabetes mellitus";"2004";"Vrouwen";"45 tot 50 jaar";"per 1000 personen";"20"
"Personen met 1 of meer zorgepisodes";"T. Endocriene kl./metabol. /voeding";"Ziekten";"Diabetes mellitus";"2004";"Vrouwen";"50 tot 55 jaar";"per 1000 personen";"30"
"Personen met 1 of meer zorgepisodes";"T. Endocriene kl./metabol. /voeding";"Ziekten";"Diabetes mellitus";"2004";"Vrouwen";"55 tot 60 jaar";"per 1000 personen";"56"
"Personen met 1 of meer zorgepisodes";"T. Endocriene kl./metabol. /voeding";"Ziekten";"Diabetes mellitus";"2004";"Vrouwen";"60 tot 65 jaar";"per 1000 personen";"88"
"Personen met 1 of meer zorgepisodes";"T. Endocriene kl./metabol. /voeding";"Ziekten";"Diabetes mellitus";"2004";"Vrouwen";"65 tot 70 jaar";"per 1000 personen";"110"
"Personen met 1 of meer zorgepisodes";"T. Endocriene kl./metabol. /voeding";"Ziekten";"Diabetes mellitus";"2004";"Vrouwen";"70 tot 75 jaar";"per 1000 personen";"150"
"Personen met 1 of meer zorgepisodes";"T. Endocriene kl./metabol. /voeding";"Ziekten";"Diabetes mellitus";"2004";"Vrouwen";"75 jaar of ouder";"per 1000 personen";"163"
"Personen met 1 of meer zorgepisodes";"T. Endocriene kl./metabol. /voeding";"Ziekten";"Diabetes mellitus";"2005";"Totaal mannen en vrouwen";"Totaal leeftijd";"per 1000 personen";"34"
"Personen met 1 of meer zorgepisodes";"T. Endocriene kl./metabol. /voeding";"Ziekten";"Diabetes mellitus";"2005";"Totaal mannen en vrouwen";"0 jaar";"per 1000 personen";"."
"Personen met 1 of meer zorgepisodes";"T. Endocriene kl./metabol. /voeding";"Ziekten";"Diabetes mellitus";"2005";"Totaal mannen en vrouwen";"1 tot 5 jaar";"per 1000 personen";"."
"Personen met 1 of meer zorgepisodes";"T. Endocriene kl./metabol. /voeding";"Ziekten";"Diabetes mellitus";"2005";"Totaal mannen en vrouwen";"5 tot 10 jaar";"per 1000 personen";"1"
"Personen met 1 of meer zorgepisodes";"T. Endocriene kl./metabol. /voeding";"Ziekten";"Diabetes mellitus";"2005";"Totaal mannen en vrouwen";"10 tot 15 jaar";"per 1000 personen";"2"
"Personen met 1 of meer zorgepisodes";"T. Endocriene kl./metabol. /voeding";"Ziekten";"Diabetes mellitus";"2005";"Totaal mannen en vrouwen";"15 tot 20 jaar";"per 1000 personen";"2"
"Personen met 1 of meer zorgepisodes";"T. Endocriene kl./metabol. /voeding";"Ziekten";"Diabetes mellitus";"2005";"Totaal mannen en vrouwen";"20 tot 25 jaar";"per 1000 personen";"1"
"Personen met 1 of meer zorgepisodes";"T. Endocriene kl./metabol. /voeding";"Ziekten";"Diabetes mellitus";"2005";"Totaal mannen en vrouwen";"25 tot 30 jaar";"per 1000 personen";"2"
"Personen met 1 of meer zorgepisodes";"T. Endocriene kl./metabol. /voeding";"Ziekten";"Diabetes mellitus";"2005";"Totaal mannen en vrouwen";"30 tot 35 jaar";"per 1000 personen";"4"
"Personen met 1 of meer zorgepisodes";"T. Endocriene kl./metabol. /voeding";"Ziekten";"Diabetes mellitus";"2005";"Totaal mannen en vrouwen";"35 tot 40 jaar";"per 1000 personen";"9"
"Personen met 1 of meer zorgepisodes";"T. Endocriene kl./metabol. /voeding";"Ziekten";"Diabetes mellitus";"2005";"Totaal mannen en vrouwen";"40 tot 45 jaar";"per 1000 personen";"11"
"Personen met 1 of meer zorgepisodes";"T. Endocriene kl./metabol. /voeding";"Ziekten";"Diabetes mellitus";"2005";"Totaal mannen en vrouwen";"45 tot 50 jaar";"per 1000 personen";"19"
"Personen met 1 of meer zorgepisodes";"T. Endocriene kl./metabol. /voeding";"Ziekten";"Diabetes mellitus";"2005";"Totaal mannen en vrouwen";"50 tot 55 jaar";"per 1000 personen";"34"
"Personen met 1 of meer zorgepisodes";"T. Endocriene kl./metabol. /voeding";"Ziekten";"Diabetes mellitus";"2005";"Totaal mannen en vrouwen";"55 tot 60 jaar";"per 1000 personen";"58"
"Personen met 1 of meer zorgepisodes";"T. Endocriene kl./metabol. /voeding";"Ziekten";"Diabetes mellitus";"2005";"Totaal mannen en vrouwen";"60 tot 65 jaar";"per 1000 personen";"94"
"Personen met 1 of meer zorgepisodes";"T. Endocriene kl./metabol. /voeding";"Ziekten";"Diabetes mellitus";"2005";"Totaal mannen en vrouwen";"65 tot 70 jaar";"per 1000 personen";"107"
"Personen met 1 of meer zorgepisodes";"T. Endocriene kl./metabol. /voeding";"Ziekten";"Diabetes mellitus";"2005";"Totaal mannen en vrouwen";"70 tot 75 jaar";"per 1000 personen";"132"
"Personen met 1 of meer zorgepisodes";"T. Endocriene kl./metabol. /voeding";"Ziekten";"Diabetes mellitus";"2005";"Totaal mannen en vrouwen";"75 jaar of ouder";"per 1000 personen";"144"
"Personen met 1 of meer zorgepisodes";"T. Endocriene kl./metabol. /voeding";"Ziekten";"Diabetes mellitus";"2005";"Mannen";"Totaal leeftijd";"per 1000 personen";"33"
"Personen met 1 of meer zorgepisodes";"T. Endocriene kl./metabol. /voeding";"Ziekten";"Diabetes mellitus";"2005";"Mannen";"0 jaar";"per 1000 personen";"."
"Personen met 1 of meer zorgepisodes";"T. Endocriene kl./metabol. /voeding";"Ziekten";"Diabetes mellitus";"2005";"Mannen";"1 tot 5 jaar";"per 1000 personen";"."
"Personen met 1 of meer zorgepisodes";"T. Endocriene kl./metabol. /voeding";"Ziekten";"Diabetes mellitus";"2005";"Mannen";"5 tot 10 jaar";"per 1000 personen";"."
"Personen met 1 of meer zorgepisodes";"T. Endocriene kl./metabol. /voeding";"Ziekten";"Diabetes mellitus";"2005";"Mannen";"10 tot 15 jaar";"per 1000 personen";"2"
"Personen met 1 of meer zorgepisodes";"T. Endocriene kl./metabol. /voeding";"Ziekten";"Diabetes mellitus";"2005";"Mannen";"15 tot 20 jaar";"per 1000 personen";"2"
"Personen met 1 of meer zorgepisodes";"T. Endocriene kl./metabol. /voeding";"Ziekten";"Diabetes mellitus";"2005";"Mannen";"20 tot 25 jaar";"per 1000 personen";"."
"Personen met 1 of meer zorgepisodes";"T. Endocriene kl./metabol. /voeding";"Ziekten";"Diabetes mellitus";"2005";"Mannen";"25 tot 30 jaar";"per 1000 personen";"2"
"Personen met 1 of meer zorgepisodes";"T. Endocriene kl./metabol. /voeding";"Ziekten";"Diabetes mellitus";"2005";"Mannen";"30 tot 35 jaar";"per 1000 personen";"5"
"Personen met 1 of meer zorgepisodes";"T. Endocriene kl./metabol. /voeding";"Ziekten";"Diabetes mellitus";"2005";"Mannen";"35 tot 40 jaar";"per 1000 personen";"10"
"Personen met 1 of meer zorgepisodes";"T. Endocriene kl./metabol. /voeding";"Ziekten";"Diabetes mellitus";"2005";"Mannen";"40 tot 45 jaar";"per 1000 personen";"13"
"Personen met 1 of meer zorgepisodes";"T. Endocriene kl./metabol. /voeding";"Ziekten";"Diabetes mellitus";"2005";"Mannen";"45 tot 50 jaar";"per 1000 personen";"24"
"Personen met 1 of meer zorgepisodes";"T. Endocriene kl./metabol. /voeding";"Ziekten";"Diabetes mellitus";"2005";"Mannen";"50 tot 55 jaar";"per 1000 personen";"38"
"Personen met 1 of meer zorgepisodes";"T. Endocriene kl./metabol. /voeding";"Ziekten";"Diabetes mellitus";"2005";"Mannen";"55 tot 60 jaar";"per 1000 personen";"68"
"Personen met 1 of meer zorgepisodes";"T. Endocriene kl./metabol. /voeding";"Ziekten";"Diabetes mellitus";"2005";"Mannen";"60 tot 65 jaar";"per 1000 personen";"104"
"Personen met 1 of meer zorgepisodes";"T. Endocriene kl./metabol. /voeding";"Ziekten";"Diabetes mellitus";"2005";"Mannen";"65 tot 70 jaar";"per 1000 personen";"117"
"Personen met 1 of meer zorgepisodes";"T. Endocriene kl./metabol. /voeding";"Ziekten";"Diabetes mellitus";"2005";"Mannen";"70 tot 75 jaar";"per 1000 personen";"133"
"Personen met 1 of meer zorgepisodes";"T. Endocriene kl./metabol. /voeding";"Ziekten";"Diabetes mellitus";"2005";"Mannen";"75 jaar of ouder";"per 1000 personen";"131"
"Personen met 1 of meer zorgepisodes";"T. Endocriene kl./metabol. /voeding";"Ziekten";"Diabetes mellitus";"2005";"Vrouwen";"Totaal leeftijd";"per 1000 personen";"35"
"Personen met 1 of meer zorgepisodes";"T. Endocriene kl./metabol. /voeding";"Ziekten";"Diabetes mellitus";"2005";"Vrouwen";"0 jaar";"per 1000 personen";"."
"Personen met 1 of meer zorgepisodes";"T. Endocriene kl./metabol. /voeding";"Ziekten";"Diabetes mellitus";"2005";"Vrouwen";"1 tot 5 jaar";"per 1000 personen";"."
"Personen met 1 of meer zorgepisodes";"T. Endocriene kl./metabol. /voeding";"Ziekten";"Diabetes mellitus";"2005";"Vrouwen";"5 tot 10 jaar";"per 1000 personen";"."
"Personen met 1 of meer zorgepisodes";"T. Endocriene kl./metabol. /voeding";"Ziekten";"Diabetes mellitus";"2005";"Vrouwen";"10 tot 15 jaar";"per 1000 personen";"2"
"Personen met 1 of meer zorgepisodes";"T. Endocriene kl./metabol. /voeding";"Ziekten";"Diabetes mellitus";"2005";"Vrouwen";"15 tot 20 jaar";"per 1000 personen";"."
"Personen met 1 of meer zorgepisodes";"T. Endocriene kl./metabol. /voeding";"Ziekten";"Diabetes mellitus";"2005";"Vrouwen";"20 tot 25 jaar";"per 1000 personen";"2"
"Personen met 1 of meer zorgepisodes";"T. Endocriene kl./metabol. /voeding";"Ziekten";"Diabetes mellitus";"2005";"Vrouwen";"25 tot 30 jaar";"per 1000 personen";"1"
"Personen met 1 of meer zorgepisodes";"T. Endocriene kl./metabol. /voeding";"Ziekten";"Diabetes mellitus";"2005";"Vrouwen";"30 tot 35 jaar";"per 1000 personen";"3"
"Personen met 1 of meer zorgepisodes";"T. Endocriene kl./metabol. /voeding";"Ziekten";"Diabetes mellitus";"2005";"Vrouwen";"35 tot 40 jaar";"per 1000 personen";"7"
"Personen met 1 of meer zorgepisodes";"T. Endocriene kl./metabol. /voeding";"Ziekten";"Diabetes mellitus";"2005";"Vrouwen";"40 tot 45 jaar";"per 1000 personen";"9"
"Personen met 1 of meer zorgepisodes";"T. Endocriene kl./metabol. /voeding";"Ziekten";"Diabetes mellitus";"2005";"Vrouwen";"45 tot 50 jaar";"per 1000 personen";"15"
"Personen met 1 of meer zorgepisodes";"T. Endocriene kl./metabol. /voeding";"Ziekten";"Diabetes mellitus";"2005";"Vrouwen";"50 tot 55 jaar";"per 1000 personen";"30"
"Personen met 1 of meer zorgepisodes";"T. Endocriene kl./metabol. /voeding";"Ziekten";"Diabetes mellitus";"2005";"Vrouwen";"55 tot 60 jaar";"per 1000 personen";"47"
"Personen met 1 of meer zorgepisodes";"T. Endocriene kl./metabol. /voeding";"Ziekten";"Diabetes mellitus";"2005";"Vrouwen";"60 tot 65 jaar";"per 1000 personen";"84"
"Personen met 1 of meer zorgepisodes";"T. Endocriene kl./metabol. /voeding";"Ziekten";"Diabetes mellitus";"2005";"Vrouwen";"65 tot 70 jaar";"per 1000 personen";"97"
"Personen met 1 of meer zorgepisodes";"T. Endocriene kl./metabol. /voeding";"Ziekten";"Diabetes mellitus";"2005";"Vrouwen";"70 tot 75 jaar";"per 1000 personen";"131"
"Personen met 1 of meer zorgepisodes";"T. Endocriene kl./metabol. /voeding";"Ziekten";"Diabetes mellitus";"2005";"Vrouwen";"75 jaar of ouder";"per 1000 personen";"152"
"Personen met 1 of meer zorgepisodes";"T. Endocriene kl./metabol. /voeding";"Ziekten";"Diabetes mellitus";"2006";"Totaal mannen en vrouwen";"Totaal leeftijd";"per 1000 personen";"39"
"Personen met 1 of meer zorgepisodes";"T. Endocriene kl./metabol. /voeding";"Ziekten";"Diabetes mellitus";"2006";"Totaal mannen en vrouwen";"0 jaar";"per 1000 personen";"."
"Personen met 1 of meer zorgepisodes";"T. Endocriene kl./metabol. /voeding";"Ziekten";"Diabetes mellitus";"2006";"Totaal mannen en vrouwen";"1 tot 5 jaar";"per 1000 personen";"."
"Personen met 1 of meer zorgepisodes";"T. Endocriene kl./metabol. /voeding";"Ziekten";"Diabetes mellitus";"2006";"Totaal mannen en vrouwen";"5 tot 10 jaar";"per 1000 personen";"0"
"Personen met 1 of meer zorgepisodes";"T. Endocriene kl./metabol. /voeding";"Ziekten";"Diabetes mellitus";"2006";"Totaal mannen en vrouwen";"10 tot 15 jaar";"per 1000 personen";"1"
"Personen met 1 of meer zorgepisodes";"T. Endocriene kl./metabol. /voeding";"Ziekten";"Diabetes mellitus";"2006";"Totaal mannen en vrouwen";"15 tot 20 jaar";"per 1000 personen";"1"
"Personen met 1 of meer zorgepisodes";"T. Endocriene kl./metabol. /voeding";"Ziekten";"Diabetes mellitus";"2006";"Totaal mannen en vrouwen";"20 tot 25 jaar";"per 1000 personen";"2"
"Personen met 1 of meer zorgepisodes";"T. Endocriene kl./metabol. /voeding";"Ziekten";"Diabetes mellitus";"2006";"Totaal mannen en vrouwen";"25 tot 30 jaar";"per 1000 personen";"3"
"Personen met 1 of meer zorgepisodes";"T. Endocriene kl./metabol. /voeding";"Ziekten";"Diabetes mellitus";"2006";"Totaal mannen en vrouwen";"30 tot 35 jaar";"per 1000 personen";"4"
"Personen met 1 of meer zorgepisodes";"T. Endocriene kl./metabol. /voeding";"Ziekten";"Diabetes mellitus";"2006";"Totaal mannen en vrouwen";"35 tot 40 jaar";"per 1000 personen";"7"
"Personen met 1 of meer zorgepisodes";"T. Endocriene kl./metabol. /voeding";"Ziekten";"Diabetes mellitus";"2006";"Totaal mannen en vrouwen";"40 tot 45 jaar";"per 1000 personen";"13"
"Personen met 1 of meer zorgepisodes";"T. Endocriene kl./metabol. /voeding";"Ziekten";"Diabetes mellitus";"2006";"Totaal mannen en vrouwen";"45 tot 50 jaar";"per 1000 personen";"25"
"Personen met 1 of meer zorgepisodes";"T. Endocriene kl./metabol. /voeding";"Ziekten";"Diabetes mellitus";"2006";"Totaal mannen en vrouwen";"50 tot 55 jaar";"per 1000 personen";"40"
"Personen met 1 of meer zorgepisodes";"T. Endocriene kl./metabol. /voeding";"Ziekten";"Diabetes mellitus";"2006";"Totaal mannen en vrouwen";"55 tot 60 jaar";"per 1000 personen";"65"
"Personen met 1 of meer zorgepisodes";"T. Endocriene kl./metabol. /voeding";"Ziekten";"Diabetes mellitus";"2006";"Totaal mannen en vrouwen";"60 tot 65 jaar";"per 1000 personen";"98"
"Personen met 1 of meer zorgepisodes";"T. Endocriene kl./metabol. /voeding";"Ziekten";"Diabetes mellitus";"2006";"Totaal mannen en vrouwen";"65 tot 70 jaar";"per 1000 personen";"121"
"Personen met 1 of meer zorgepisodes";"T. Endocriene kl./metabol. /voeding";"Ziekten";"Diabetes mellitus";"2006";"Totaal mannen en vrouwen";"70 tot 75 jaar";"per 1000 personen";"152"
"Personen met 1 of meer zorgepisodes";"T. Endocriene kl./metabol. /voeding";"Ziekten";"Diabetes mellitus";"2006";"Totaal mannen en vrouwen";"75 jaar of ouder";"per 1000 personen";"165"
"Personen met 1 of meer zorgepisodes";"T. Endocriene kl./metabol. /voeding";"Ziekten";"Diabetes mellitus";"2006";"Mannen";"Totaal leeftijd";"per 1000 personen";"38"
"Personen met 1 of meer zorgepisodes";"T. Endocriene kl./metabol. /voeding";"Ziekten";"Diabetes mellitus";"2006";"Mannen";"0 jaar";"per 1000 personen";"."
"Personen met 1 of meer zorgepisodes";"T. Endocriene kl./metabol. /voeding";"Ziekten";"Diabetes mellitus";"2006";"Mannen";"1 tot 5 jaar";"per 1000 personen";"."
"Personen met 1 of meer zorgepisodes";"T. Endocriene kl./metabol. /voeding";"Ziekten";"Diabetes mellitus";"2006";"Mannen";"5 tot 10 jaar";"per 1000 personen";"."
"Personen met 1 of meer zorgepisodes";"T. Endocriene kl./metabol. /voeding";"Ziekten";"Diabetes mellitus";"2006";"Mannen";"10 tot 15 jaar";"per 1000 personen";"1"
"Personen met 1 of meer zorgepisodes";"T. Endocriene kl./metabol. /voeding";"Ziekten";"Diabetes mellitus";"2006";"Mannen";"15 tot 20 jaar";"per 1000 personen";"1"
"Personen met 1 of meer zorgepisodes";"T. Endocriene kl./metabol. /voeding";"Ziekten";"Diabetes mellitus";"2006";"Mannen";"20 tot 25 jaar";"per 1000 personen";"2"
"Personen met 1 of meer zorgepisodes";"T. Endocriene kl./metabol. /voeding";"Ziekten";"Diabetes mellitus";"2006";"Mannen";"25 tot 30 jaar";"per 1000 personen";"2"
"Personen met 1 of meer zorgepisodes";"T. Endocriene kl./metabol. /voeding";"Ziekten";"Diabetes mellitus";"2006";"Mannen";"30 tot 35 jaar";"per 1000 personen";"5"
"Personen met 1 of meer zorgepisodes";"T. Endocriene kl./metabol. /voeding";"Ziekten";"Diabetes mellitus";"2006";"Mannen";"35 tot 40 jaar";"per 1000 personen";"8"
"Personen met 1 of meer zorgepisodes";"T. Endocriene kl./metabol. /voeding";"Ziekten";"Diabetes mellitus";"2006";"Mannen";"40 tot 45 jaar";"per 1000 personen";"14"
"Personen met 1 of meer zorgepisodes";"T. Endocriene kl./metabol. /voeding";"Ziekten";"Diabetes mellitus";"2006";"Mannen";"45 tot 50 jaar";"per 1000 personen";"27"
"Personen met 1 of meer zorgepisodes";"T. Endocriene kl./metabol. /voeding";"Ziekten";"Diabetes mellitus";"2006";"Mannen";"50 tot 55 jaar";"per 1000 personen";"45"
"Personen met 1 of meer zorgepisodes";"T. Endocriene kl./metabol. /voeding";"Ziekten";"Diabetes mellitus";"2006";"Mannen";"55 tot 60 jaar";"per 1000 personen";"76"
"Personen met 1 of meer zorgepisodes";"T. Endocriene kl./metabol. /voeding";"Ziekten";"Diabetes mellitus";"2006";"Mannen";"60 tot 65 jaar";"per 1000 personen";"105"
"Personen met 1 of meer zorgepisodes";"T. Endocriene kl./metabol. /voeding";"Ziekten";"Diabetes mellitus";"2006";"Mannen";"65 tot 70 jaar";"per 1000 personen";"121"
"Personen met 1 of meer zorgepisodes";"T. Endocriene kl./metabol. /voeding";"Ziekten";"Diabetes mellitus";"2006";"Mannen";"70 tot 75 jaar";"per 1000 personen";"153"
"Personen met 1 of meer zorgepisodes";"T. Endocriene kl./metabol. /voeding";"Ziekten";"Diabetes mellitus";"2006";"Mannen";"75 jaar of ouder";"per 1000 personen";"158"
"Personen met 1 of meer zorgepisodes";"T. Endocriene kl./metabol. /voeding";"Ziekten";"Diabetes mellitus";"2006";"Vrouwen";"Totaal leeftijd";"per 1000 personen";"41"
"Personen met 1 of meer zorgepisodes";"T. Endocriene kl./metabol. /voeding";"Ziekten";"Diabetes mellitus";"2006";"Vrouwen";"0 jaar";"per 1000 personen";"."
"Personen met 1 of meer zorgepisodes";"T. Endocriene kl./metabol. /voeding";"Ziekten";"Diabetes mellitus";"2006";"Vrouwen";"1 tot 5 jaar";"per 1000 personen";"."
"Personen met 1 of meer zorgepisodes";"T. Endocriene kl./metabol. /voeding";"Ziekten";"Diabetes mellitus";"2006";"Vrouwen";"5 tot 10 jaar";"per 1000 personen";"."
"Personen met 1 of meer zorgepisodes";"T. Endocriene kl./metabol. /voeding";"Ziekten";"Diabetes mellitus";"2006";"Vrouwen";"10 tot 15 jaar";"per 1000 personen";"1"
"Personen met 1 of meer zorgepisodes";"T. Endocriene kl./metabol. /voeding";"Ziekten";"Diabetes mellitus";"2006";"Vrouwen";"15 tot 20 jaar";"per 1000 personen";"1"
"Personen met 1 of meer zorgepisodes";"T. Endocriene kl./metabol. /voeding";"Ziekten";"Diabetes mellitus";"2006";"Vrouwen";"20 tot 25 jaar";"per 1000 personen";"2"
"Personen met 1 of meer zorgepisodes";"T. Endocriene kl./metabol. /voeding";"Ziekten";"Diabetes mellitus";"2006";"Vrouwen";"25 tot 30 jaar";"per 1000 personen";"4"
"Personen met 1 of meer zorgepisodes";"T. Endocriene kl./metabol. /voeding";"Ziekten";"Diabetes mellitus";"2006";"Vrouwen";"30 tot 35 jaar";"per 1000 personen";"3"
"Personen met 1 of meer zorgepisodes";"T. Endocriene kl./metabol. /voeding";"Ziekten";"Diabetes mellitus";"2006";"Vrouwen";"35 tot 40 jaar";"per 1000 personen";"5"
"Personen met 1 of meer zorgepisodes";"T. Endocriene kl./metabol. /voeding";"Ziekten";"Diabetes mellitus";"2006";"Vrouwen";"40 tot 45 jaar";"per 1000 personen";"13"
"Personen met 1 of meer zorgepisodes";"T. Endocriene kl./metabol. /voeding";"Ziekten";"Diabetes mellitus";"2006";"Vrouwen";"45 tot 50 jaar";"per 1000 personen";"24"
"Personen met 1 of meer zorgepisodes";"T. Endocriene kl./metabol. /voeding";"Ziekten";"Diabetes mellitus";"2006";"Vrouwen";"50 tot 55 jaar";"per 1000 personen";"36"
"Personen met 1 of meer zorgepisodes";"T. Endocriene kl./metabol. /voeding";"Ziekten";"Diabetes mellitus";"2006";"Vrouwen";"55 tot 60 jaar";"per 1000 personen";"55"
"Personen met 1 of meer zorgepisodes";"T. Endocriene kl./metabol. /voeding";"Ziekten";"Diabetes mellitus";"2006";"Vrouwen";"60 tot 65 jaar";"per 1000 personen";"92"
"Personen met 1 of meer zorgepisodes";"T. Endocriene kl./metabol. /voeding";"Ziekten";"Diabetes mellitus";"2006";"Vrouwen";"65 tot 70 jaar";"per 1000 personen";"121"
"Personen met 1 of meer zorgepisodes";"T. Endocriene kl./metabol. /voeding";"Ziekten";"Diabetes mellitus";"2006";"Vrouwen";"70 tot 75 jaar";"per 1000 personen";"151"
"Personen met 1 of meer zorgepisodes";"T. Endocriene kl./metabol. /voeding";"Ziekten";"Diabetes mellitus";"2006";"Vrouwen";"75 jaar of ouder";"per 1000 personen";"169"
"Personen met 1 of meer zorgepisodes";"T. Endocriene kl./metabol. /voeding";"Ziekten";"Diabetes mellitus";"2007";"Totaal mannen en vrouwen";"Totaal leeftijd";"per 1000 personen";"40"
"Personen met 1 of meer zorgepisodes";"T. Endocriene kl./metabol. /voeding";"Ziekten";"Diabetes mellitus";"2007";"Totaal mannen en vrouwen";"0 jaar";"per 1000 personen";"."
"Personen met 1 of meer zorgepisodes";"T. Endocriene kl./metabol. /voeding";"Ziekten";"Diabetes mellitus";"2007";"Totaal mannen en vrouwen";"1 tot 5 jaar";"per 1000 personen";"."
"Personen met 1 of meer zorgepisodes";"T. Endocriene kl./metabol. /voeding";"Ziekten";"Diabetes mellitus";"2007";"Totaal mannen en vrouwen";"5 tot 10 jaar";"per 1000 personen";"0"
"Personen met 1 of meer zorgepisodes";"T. Endocriene kl./metabol. /voeding";"Ziekten";"Diabetes mellitus";"2007";"Totaal mannen en vrouwen";"10 tot 15 jaar";"per 1000 personen";"2"
"Personen met 1 of meer zorgepisodes";"T. Endocriene kl./metabol. /voeding";"Ziekten";"Diabetes mellitus";"2007";"Totaal mannen en vrouwen";"15 tot 20 jaar";"per 1000 personen";"2"
"Personen met 1 of meer zorgepisodes";"T. Endocriene kl./metabol. /voeding";"Ziekten";"Diabetes mellitus";"2007";"Totaal mannen en vrouwen";"20 tot 25 jaar";"per 1000 personen";"2"
"Personen met 1 of meer zorgepisodes";"T. Endocriene kl./metabol. /voeding";"Ziekten";"Diabetes mellitus";"2007";"Totaal mannen en vrouwen";"25 tot 30 jaar";"per 1000 personen";"3"
"Personen met 1 of meer zorgepisodes";"T. Endocriene kl./metabol. /voeding";"Ziekten";"Diabetes mellitus";"2007";"Totaal mannen en vrouwen";"30 tot 35 jaar";"per 1000 personen";"3"
"Personen met 1 of meer zorgepisodes";"T. Endocriene kl./metabol. /voeding";"Ziekten";"Diabetes mellitus";"2007";"Totaal mannen en vrouwen";"35 tot 40 jaar";"per 1000 personen";"8"
"Personen met 1 of meer zorgepisodes";"T. Endocriene kl./metabol. /voeding";"Ziekten";"Diabetes mellitus";"2007";"Totaal mannen en vrouwen";"40 tot 45 jaar";"per 1000 personen";"12"
"Personen met 1 of meer zorgepisodes";"T. Endocriene kl./metabol. /voeding";"Ziekten";"Diabetes mellitus";"2007";"Totaal mannen en vrouwen";"45 tot 50 jaar";"per 1000 personen";"26"
"Personen met 1 of meer zorgepisodes";"T. Endocriene kl./metabol. /voeding";"Ziekten";"Diabetes mellitus";"2007";"Totaal mannen en vrouwen";"50 tot 55 jaar";"per 1000 personen";"42"
"Personen met 1 of meer zorgepisodes";"T. Endocriene kl./metabol. /voeding";"Ziekten";"Diabetes mellitus";"2007";"Totaal mannen en vrouwen";"55 tot 60 jaar";"per 1000 personen";"65"
"Personen met 1 of meer zorgepisodes";"T. Endocriene kl./metabol. /voeding";"Ziekten";"Diabetes mellitus";"2007";"Totaal mannen en vrouwen";"60 tot 65 jaar";"per 1000 personen";"97"
"Personen met 1 of meer zorgepisodes";"T. Endocriene kl./metabol. /voeding";"Ziekten";"Diabetes mellitus";"2007";"Totaal mannen en vrouwen";"65 tot 70 jaar";"per 1000 personen";"124"
"Personen met 1 of meer zorgepisodes";"T. Endocriene kl./metabol. /voeding";"Ziekten";"Diabetes mellitus";"2007";"Totaal mannen en vrouwen";"70 tot 75 jaar";"per 1000 personen";"155"
"Personen met 1 of meer zorgepisodes";"T. Endocriene kl./metabol. /voeding";"Ziekten";"Diabetes mellitus";"2007";"Totaal mannen en vrouwen";"75 jaar of ouder";"per 1000 personen";"167"
"Personen met 1 of meer zorgepisodes";"T. Endocriene kl./metabol. /voeding";"Ziekten";"Diabetes mellitus";"2007";"Mannen";"Totaal leeftijd";"per 1000 personen";"40"
"Personen met 1 of meer zorgepisodes";"T. Endocriene kl./metabol. /voeding";"Ziekten";"Diabetes mellitus";"2007";"Mannen";"0 jaar";"per 1000 personen";"."
"Personen met 1 of meer zorgepisodes";"T. Endocriene kl./metabol. /voeding";"Ziekten";"Diabetes mellitus";"2007";"Mannen";"1 tot 5 jaar";"per 1000 personen";"."
"Personen met 1 of meer zorgepisodes";"T. Endocriene kl./metabol. /voeding";"Ziekten";"Diabetes mellitus";"2007";"Mannen";"5 tot 10 jaar";"per 1000 personen";"."
"Personen met 1 of meer zorgepisodes";"T. Endocriene kl./metabol. /voeding";"Ziekten";"Diabetes mellitus";"2007";"Mannen";"10 tot 15 jaar";"per 1000 personen";"2"
"Personen met 1 of meer zorgepisodes";"T. Endocriene kl./metabol. /voeding";"Ziekten";"Diabetes mellitus";"2007";"Mannen";"15 tot 20 jaar";"per 1000 personen";"1"
"Personen met 1 of meer zorgepisodes";"T. Endocriene kl./metabol. /voeding";"Ziekten";"Diabetes mellitus";"2007";"Mannen";"20 tot 25 jaar";"per 1000 personen";"3"
"Personen met 1 of meer zorgepisodes";"T. Endocriene kl./metabol. /voeding";"Ziekten";"Diabetes mellitus";"2007";"Mannen";"25 tot 30 jaar";"per 1000 personen";"3"
"Personen met 1 of meer zorgepisodes";"T. Endocriene kl./metabol. /voeding";"Ziekten";"Diabetes mellitus";"2007";"Mannen";"30 tot 35 jaar";"per 1000 personen";"3"
"Personen met 1 of meer zorgepisodes";"T. Endocriene kl./metabol. /voeding";"Ziekten";"Diabetes mellitus";"2007";"Mannen";"35 tot 40 jaar";"per 1000 personen";"9"
"Personen met 1 of meer zorgepisodes";"T. Endocriene kl./metabol. /voeding";"Ziekten";"Diabetes mellitus";"2007";"Mannen";"40 tot 45 jaar";"per 1000 personen";"15"
"Personen met 1 of meer zorgepisodes";"T. Endocriene kl./metabol. /voeding";"Ziekten";"Diabetes mellitus";"2007";"Mannen";"45 tot 50 jaar";"per 1000 personen";"27"
"Personen met 1 of meer zorgepisodes";"T. Endocriene kl./metabol. /voeding";"Ziekten";"Diabetes mellitus";"2007";"Mannen";"50 tot 55 jaar";"per 1000 personen";"50"
"Personen met 1 of meer zorgepisodes";"T. Endocriene kl./metabol. /voeding";"Ziekten";"Diabetes mellitus";"2007";"Mannen";"55 tot 60 jaar";"per 1000 personen";"69"
"Personen met 1 of meer zorgepisodes";"T. Endocriene kl./metabol. /voeding";"Ziekten";"Diabetes mellitus";"2007";"Mannen";"60 tot 65 jaar";"per 1000 personen";"108"
"Personen met 1 of meer zorgepisodes";"T. Endocriene kl./metabol. /voeding";"Ziekten";"Diabetes mellitus";"2007";"Mannen";"65 tot 70 jaar";"per 1000 personen";"132"
"Personen met 1 of meer zorgepisodes";"T. Endocriene kl./metabol. /voeding";"Ziekten";"Diabetes mellitus";"2007";"Mannen";"70 tot 75 jaar";"per 1000 personen";"151"
"Personen met 1 of meer zorgepisodes";"T. Endocriene kl./metabol. /voeding";"Ziekten";"Diabetes mellitus";"2007";"Mannen";"75 jaar of ouder";"per 1000 personen";"169"
"Personen met 1 of meer zorgepisodes";"T. Endocriene kl./metabol. /voeding";"Ziekten";"Diabetes mellitus";"2007";"Vrouwen";"Totaal leeftijd";"per 1000 personen";"41"
"Personen met 1 of meer zorgepisodes";"T. Endocriene kl./metabol. /voeding";"Ziekten";"Diabetes mellitus";"2007";"Vrouwen";"0 jaar";"per 1000 personen";"."
"Personen met 1 of meer zorgepisodes";"T. Endocriene kl./metabol. /voeding";"Ziekten";"Diabetes mellitus";"2007";"Vrouwen";"1 tot 5 jaar";"per 1000 personen";"."
"Personen met 1 of meer zorgepisodes";"T. Endocriene kl./metabol. /voeding";"Ziekten";"Diabetes mellitus";"2007";"Vrouwen";"5 tot 10 jaar";"per 1000 personen";"."
"Personen met 1 of meer zorgepisodes";"T. Endocriene kl./metabol. /voeding";"Ziekten";"Diabetes mellitus";"2007";"Vrouwen";"10 tot 15 jaar";"per 1000 personen";"2"
"Personen met 1 of meer zorgepisodes";"T. Endocriene kl./metabol. /voeding";"Ziekten";"Diabetes mellitus";"2007";"Vrouwen";"15 tot 20 jaar";"per 1000 personen";"2"
"Personen met 1 of meer zorgepisodes";"T. Endocriene kl./metabol. /voeding";"Ziekten";"Diabetes mellitus";"2007";"Vrouwen";"20 tot 25 jaar";"per 1000 personen";"2"
"Personen met 1 of meer zorgepisodes";"T. Endocriene kl./metabol. /voeding";"Ziekten";"Diabetes mellitus";"2007";"Vrouwen";"25 tot 30 jaar";"per 1000 personen";"3"
"Personen met 1 of meer zorgepisodes";"T. Endocriene kl./metabol. /voeding";"Ziekten";"Diabetes mellitus";"2007";"Vrouwen";"30 tot 35 jaar";"per 1000 personen";"3"
"Personen met 1 of meer zorgepisodes";"T. Endocriene kl./metabol. /voeding";"Ziekten";"Diabetes mellitus";"2007";"Vrouwen";"35 tot 40 jaar";"per 1000 personen";"7"
"Personen met 1 of meer zorgepisodes";"T. Endocriene kl./metabol. /voeding";"Ziekten";"Diabetes mellitus";"2007";"Vrouwen";"40 tot 45 jaar";"per 1000 personen";"10"
"Personen met 1 of meer zorgepisodes";"T. Endocriene kl./metabol. /voeding";"Ziekten";"Diabetes mellitus";"2007";"Vrouwen";"45 tot 50 jaar";"per 1000 personen";"26"
"Personen met 1 of meer zorgepisodes";"T. Endocriene kl./metabol. /voeding";"Ziekten";"Diabetes mellitus";"2007";"Vrouwen";"50 tot 55 jaar";"per 1000 personen";"33"
"Personen met 1 of meer zorgepisodes";"T. Endocriene kl./metabol. /voeding";"Ziekten";"Diabetes mellitus";"2007";"Vrouwen";"55 tot 60 jaar";"per 1000 personen";"60"
"Personen met 1 of meer zorgepisodes";"T. Endocriene kl./metabol. /voeding";"Ziekten";"Diabetes mellitus";"2007";"Vrouwen";"60 tot 65 jaar";"per 1000 personen";"86"
"Personen met 1 of meer zorgepisodes";"T. Endocriene kl./metabol. /voeding";"Ziekten";"Diabetes mellitus";"2007";"Vrouwen";"65 tot 70 jaar";"per 1000 personen";"116"
"Personen met 1 of meer zorgepisodes";"T. Endocriene kl./metabol. /voeding";"Ziekten";"Diabetes mellitus";"2007";"Vrouwen";"70 tot 75 jaar";"per 1000 personen";"159"
"Personen met 1 of meer zorgepisodes";"T. Endocriene kl./metabol. /voeding";"Ziekten";"Diabetes mellitus";"2007";"Vrouwen";"75 jaar of ouder";"per 1000 personen";"165"
"Personen met 1 of meer zorgepisodes";"T. Endocriene kl./metabol. /voeding";"Ziekten";"Diabetes mellitus";"2008";"Totaal mannen en vrouwen";"Totaal leeftijd";"per 1000 personen";"42"
"Personen met 1 of meer zorgepisodes";"T. Endocriene kl./metabol. /voeding";"Ziekten";"Diabetes mellitus";"2008";"Totaal mannen en vrouwen";"0 jaar";"per 1000 personen";"."
"Personen met 1 of meer zorgepisodes";"T. Endocriene kl./metabol. /voeding";"Ziekten";"Diabetes mellitus";"2008";"Totaal mannen en vrouwen";"1 tot 5 jaar";"per 1000 personen";"1"
"Personen met 1 of meer zorgepisodes";"T. Endocriene kl./metabol. /voeding";"Ziekten";"Diabetes mellitus";"2008";"Totaal mannen en vrouwen";"5 tot 10 jaar";"per 1000 personen";"1"
"Personen met 1 of meer zorgepisodes";"T. Endocriene kl./metabol. /voeding";"Ziekten";"Diabetes mellitus";"2008";"Totaal mannen en vrouwen";"10 tot 15 jaar";"per 1000 personen";"1"
"Personen met 1 of meer zorgepisodes";"T. Endocriene kl./metabol. /voeding";"Ziekten";"Diabetes mellitus";"2008";"Totaal mannen en vrouwen";"15 tot 20 jaar";"per 1000 personen";"2"
"Personen met 1 of meer zorgepisodes";"T. Endocriene kl./metabol. /voeding";"Ziekten";"Diabetes mellitus";"2008";"Totaal mannen en vrouwen";"20 tot 25 jaar";"per 1000 personen";"2"
"Personen met 1 of meer zorgepisodes";"T. Endocriene kl./metabol. /voeding";"Ziekten";"Diabetes mellitus";"2008";"Totaal mannen en vrouwen";"25 tot 30 jaar";"per 1000 personen";"3"
"Personen met 1 of meer zorgepisodes";"T. Endocriene kl./metabol. /voeding";"Ziekten";"Diabetes mellitus";"2008";"Totaal mannen en vrouwen";"30 tot 35 jaar";"per 1000 personen";"5"
"Personen met 1 of meer zorgepisodes";"T. Endocriene kl./metabol. /voeding";"Ziekten";"Diabetes mellitus";"2008";"Totaal mannen en vrouwen";"35 tot 40 jaar";"per 1000 personen";"9"
"Personen met 1 of meer zorgepisodes";"T. Endocriene kl./metabol. /voeding";"Ziekten";"Diabetes mellitus";"2008";"Totaal mannen en vrouwen";"40 tot 45 jaar";"per 1000 personen";"17"
"Personen met 1 of meer zorgepisodes";"T. Endocriene kl./metabol. /voeding";"Ziekten";"Diabetes mellitus";"2008";"Totaal mannen en vrouwen";"45 tot 50 jaar";"per 1000 personen";"26"
"Personen met 1 of meer zorgepisodes";"T. Endocriene kl./metabol. /voeding";"Ziekten";"Diabetes mellitus";"2008";"Totaal mannen en vrouwen";"50 tot 55 jaar";"per 1000 personen";"43"
"Personen met 1 of meer zorgepisodes";"T. Endocriene kl./metabol. /voeding";"Ziekten";"Diabetes mellitus";"2008";"Totaal mannen en vrouwen";"55 tot 60 jaar";"per 1000 personen";"67"
"Personen met 1 of meer zorgepisodes";"T. Endocriene kl./metabol. /voeding";"Ziekten";"Diabetes mellitus";"2008";"Totaal mannen en vrouwen";"60 tot 65 jaar";"per 1000 personen";"100"
"Personen met 1 of meer zorgepisodes";"T. Endocriene kl./metabol. /voeding";"Ziekten";"Diabetes mellitus";"2008";"Totaal mannen en vrouwen";"65 tot 70 jaar";"per 1000 personen";"130"
"Personen met 1 of meer zorgepisodes";"T. Endocriene kl./metabol. /voeding";"Ziekten";"Diabetes mellitus";"2008";"Totaal mannen en vrouwen";"70 tot 75 jaar";"per 1000 personen";"149"
"Personen met 1 of meer zorgepisodes";"T. Endocriene kl./metabol. /voeding";"Ziekten";"Diabetes mellitus";"2008";"Totaal mannen en vrouwen";"75 jaar of ouder";"per 1000 personen";"172"
"Personen met 1 of meer zorgepisodes";"T. Endocriene kl./metabol. /voeding";"Ziekten";"Diabetes mellitus";"2008";"Mannen";"Totaal leeftijd";"per 1000 personen";"42"
"Personen met 1 of meer zorgepisodes";"T. Endocriene kl./metabol. /voeding";"Ziekten";"Diabetes mellitus";"2008";"Mannen";"0 jaar";"per 1000 personen";"."
"Personen met 1 of meer zorgepisodes";"T. Endocriene kl./metabol. /voeding";"Ziekten";"Diabetes mellitus";"2008";"Mannen";"1 tot 5 jaar";"per 1000 personen";"."
"Personen met 1 of meer zorgepisodes";"T. Endocriene kl./metabol. /voeding";"Ziekten";"Diabetes mellitus";"2008";"Mannen";"5 tot 10 jaar";"per 1000 personen";"1"
"Personen met 1 of meer zorgepisodes";"T. Endocriene kl./metabol. /voeding";"Ziekten";"Diabetes mellitus";"2008";"Mannen";"10 tot 15 jaar";"per 1000 personen";"1"
"Personen met 1 of meer zorgepisodes";"T. Endocriene kl./metabol. /voeding";"Ziekten";"Diabetes mellitus";"2008";"Mannen";"15 tot 20 jaar";"per 1000 personen";"2"
"Personen met 1 of meer zorgepisodes";"T. Endocriene kl./metabol. /voeding";"Ziekten";"Diabetes mellitus";"2008";"Mannen";"20 tot 25 jaar";"per 1000 personen";"3"
"Personen met 1 of meer zorgepisodes";"T. Endocriene kl./metabol. /voeding";"Ziekten";"Diabetes mellitus";"2008";"Mannen";"25 tot 30 jaar";"per 1000 personen";"2"
"Personen met 1 of meer zorgepisodes";"T. Endocriene kl./metabol. /voeding";"Ziekten";"Diabetes mellitus";"2008";"Mannen";"30 tot 35 jaar";"per 1000 personen";"5"
"Personen met 1 of meer zorgepisodes";"T. Endocriene kl./metabol. /voeding";"Ziekten";"Diabetes mellitus";"2008";"Mannen";"35 tot 40 jaar";"per 1000 personen";"12"
"Personen met 1 of meer zorgepisodes";"T. Endocriene kl./metabol. /voeding";"Ziekten";"Diabetes mellitus";"2008";"Mannen";"40 tot 45 jaar";"per 1000 personen";"18"
"Personen met 1 of meer zorgepisodes";"T. Endocriene kl./metabol. /voeding";"Ziekten";"Diabetes mellitus";"2008";"Mannen";"45 tot 50 jaar";"per 1000 personen";"30"
"Personen met 1 of meer zorgepisodes";"T. Endocriene kl./metabol. /voeding";"Ziekten";"Diabetes mellitus";"2008";"Mannen";"50 tot 55 jaar";"per 1000 personen";"50"
"Personen met 1 of meer zorgepisodes";"T. Endocriene kl./metabol. /voeding";"Ziekten";"Diabetes mellitus";"2008";"Mannen";"55 tot 60 jaar";"per 1000 personen";"72"
"Personen met 1 of meer zorgepisodes";"T. Endocriene kl./metabol. /voeding";"Ziekten";"Diabetes mellitus";"2008";"Mannen";"60 tot 65 jaar";"per 1000 personen";"113"
"Personen met 1 of meer zorgepisodes";"T. Endocriene kl./metabol. /voeding";"Ziekten";"Diabetes mellitus";"2008";"Mannen";"65 tot 70 jaar";"per 1000 personen";"140"
"Personen met 1 of meer zorgepisodes";"T. Endocriene kl./metabol. /voeding";"Ziekten";"Diabetes mellitus";"2008";"Mannen";"70 tot 75 jaar";"per 1000 personen";"143"
"Personen met 1 of meer zorgepisodes";"T. Endocriene kl./metabol. /voeding";"Ziekten";"Diabetes mellitus";"2008";"Mannen";"75 jaar of ouder";"per 1000 personen";"171"
"Personen met 1 of meer zorgepisodes";"T. Endocriene kl./metabol. /voeding";"Ziekten";"Diabetes mellitus";"2008";"Vrouwen";"Totaal leeftijd";"per 1000 personen";"43"
"Personen met 1 of meer zorgepisodes";"T. Endocriene kl./metabol. /voeding";"Ziekten";"Diabetes mellitus";"2008";"Vrouwen";"0 jaar";"per 1000 personen";"."
"Personen met 1 of meer zorgepisodes";"T. Endocriene kl./metabol. /voeding";"Ziekten";"Diabetes mellitus";"2008";"Vrouwen";"1 tot 5 jaar";"per 1000 personen";"1"
"Personen met 1 of meer zorgepisodes";"T. Endocriene kl./metabol. /voeding";"Ziekten";"Diabetes mellitus";"2008";"Vrouwen";"5 tot 10 jaar";"per 1000 personen";"."
"Personen met 1 of meer zorgepisodes";"T. Endocriene kl./metabol. /voeding";"Ziekten";"Diabetes mellitus";"2008";"Vrouwen";"10 tot 15 jaar";"per 1000 personen";"1"
"Personen met 1 of meer zorgepisodes";"T. Endocriene kl./metabol. /voeding";"Ziekten";"Diabetes mellitus";"2008";"Vrouwen";"15 tot 20 jaar";"per 1000 personen";"2"
"Personen met 1 of meer zorgepisodes";"T. Endocriene kl./metabol. /voeding";"Ziekten";"Diabetes mellitus";"2008";"Vrouwen";"20 tot 25 jaar";"per 1000 personen";"2"
"Personen met 1 of meer zorgepisodes";"T. Endocriene kl./metabol. /voeding";"Ziekten";"Diabetes mellitus";"2008";"Vrouwen";"25 tot 30 jaar";"per 1000 personen";"3"
"Personen met 1 of meer zorgepisodes";"T. Endocriene kl./metabol. /voeding";"Ziekten";"Diabetes mellitus";"2008";"Vrouwen";"30 tot 35 jaar";"per 1000 personen";"4"
"Personen met 1 of meer zorgepisodes";"T. Endocriene kl./metabol. /voeding";"Ziekten";"Diabetes mellitus";"2008";"Vrouwen";"35 tot 40 jaar";"per 1000 personen";"7"
"Personen met 1 of meer zorgepisodes";"T. Endocriene kl./metabol. /voeding";"Ziekten";"Diabetes mellitus";"2008";"Vrouwen";"40 tot 45 jaar";"per 1000 personen";"16"
"Personen met 1 of meer zorgepisodes";"T. Endocriene kl./metabol. /voeding";"Ziekten";"Diabetes mellitus";"2008";"Vrouwen";"45 tot 50 jaar";"per 1000 personen";"22"
"Personen met 1 of meer zorgepisodes";"T. Endocriene kl./metabol. /voeding";"Ziekten";"Diabetes mellitus";"2008";"Vrouwen";"50 tot 55 jaar";"per 1000 personen";"36"
"Personen met 1 of meer zorgepisodes";"T. Endocriene kl./metabol. /voeding";"Ziekten";"Diabetes mellitus";"2008";"Vrouwen";"55 tot 60 jaar";"per 1000 personen";"62"
"Personen met 1 of meer zorgepisodes";"T. Endocriene kl./metabol. /voeding";"Ziekten";"Diabetes mellitus";"2008";"Vrouwen";"60 tot 65 jaar";"per 1000 personen";"87"
"Personen met 1 of meer zorgepisodes";"T. Endocriene kl./metabol. /voeding";"Ziekten";"Diabetes mellitus";"2008";"Vrouwen";"65 tot 70 jaar";"per 1000 personen";"119"
"Personen met 1 of meer zorgepisodes";"T. Endocriene kl./metabol. /voeding";"Ziekten";"Diabetes mellitus";"2008";"Vrouwen";"70 tot 75 jaar";"per 1000 personen";"154"
"Personen met 1 of meer zorgepisodes";"T. Endocriene kl./metabol. /voeding";"Ziekten";"Diabetes mellitus";"2008";"Vrouwen";"75 jaar of ouder";"per 1000 personen";"173"
"Personen met 1 of meer zorgepisodes";"T. Endocriene kl./metabol. /voeding";"Ziekten";"Diabetes mellitus";"2009";"Totaal mannen en vrouwen";"Totaal leeftijd";"per 1000 personen";"45"
"Personen met 1 of meer zorgepisodes";"T. Endocriene kl./metabol. /voeding";"Ziekten";"Diabetes mellitus";"2009";"Totaal mannen en vrouwen";"0 jaar";"per 1000 personen";"."
"Personen met 1 of meer zorgepisodes";"T. Endocriene kl./metabol. /voeding";"Ziekten";"Diabetes mellitus";"2009";"Totaal mannen en vrouwen";"1 tot 5 jaar";"per 1000 personen";"1"
"Personen met 1 of meer zorgepisodes";"T. Endocriene kl./metabol. /voeding";"Ziekten";"Diabetes mellitus";"2009";"Totaal mannen en vrouwen";"5 tot 10 jaar";"per 1000 personen";"1"
"Personen met 1 of meer zorgepisodes";"T. Endocriene kl./metabol. /voeding";"Ziekten";"Diabetes mellitus";"2009";"Totaal mannen en vrouwen";"10 tot 15 jaar";"per 1000 personen";"1"
"Personen met 1 of meer zorgepisodes";"T. Endocriene kl./metabol. /voeding";"Ziekten";"Diabetes mellitus";"2009";"Totaal mannen en vrouwen";"15 tot 20 jaar";"per 1000 personen";"2"
"Personen met 1 of meer zorgepisodes";"T. Endocriene kl./metabol. /voeding";"Ziekten";"Diabetes mellitus";"2009";"Totaal mannen en vrouwen";"20 tot 25 jaar";"per 1000 personen";"3"
"Personen met 1 of meer zorgepisodes";"T. Endocriene kl./metabol. /voeding";"Ziekten";"Diabetes mellitus";"2009";"Totaal mannen en vrouwen";"25 tot 30 jaar";"per 1000 personen";"4"
"Personen met 1 of meer zorgepisodes";"T. Endocriene kl./metabol. /voeding";"Ziekten";"Diabetes mellitus";"2009";"Totaal mannen en vrouwen";"30 tot 35 jaar";"per 1000 personen";"5"
"Personen met 1 of meer zorgepisodes";"T. Endocriene kl./metabol. /voeding";"Ziekten";"Diabetes mellitus";"2009";"Totaal mannen en vrouwen";"35 tot 40 jaar";"per 1000 personen";"10"
"Personen met 1 of meer zorgepisodes";"T. Endocriene kl./metabol. /voeding";"Ziekten";"Diabetes mellitus";"2009";"Totaal mannen en vrouwen";"40 tot 45 jaar";"per 1000 personen";"17"
"Personen met 1 of meer zorgepisodes";"T. Endocriene kl./metabol. /voeding";"Ziekten";"Diabetes mellitus";"2009";"Totaal mannen en vrouwen";"45 tot 50 jaar";"per 1000 personen";"27"
"Personen met 1 of meer zorgepisodes";"T. Endocriene kl./metabol. /voeding";"Ziekten";"Diabetes mellitus";"2009";"Totaal mannen en vrouwen";"50 tot 55 jaar";"per 1000 personen";"45"
"Personen met 1 of meer zorgepisodes";"T. Endocriene kl./metabol. /voeding";"Ziekten";"Diabetes mellitus";"2009";"Totaal mannen en vrouwen";"55 tot 60 jaar";"per 1000 personen";"71"
"Personen met 1 of meer zorgepisodes";"T. Endocriene kl./metabol. /voeding";"Ziekten";"Diabetes mellitus";"2009";"Totaal mannen en vrouwen";"60 tot 65 jaar";"per 1000 personen";"101"
"Personen met 1 of meer zorgepisodes";"T. Endocriene kl./metabol. /voeding";"Ziekten";"Diabetes mellitus";"2009";"Totaal mannen en vrouwen";"65 tot 70 jaar";"per 1000 personen";"137"
"Personen met 1 of meer zorgepisodes";"T. Endocriene kl./metabol. /voeding";"Ziekten";"Diabetes mellitus";"2009";"Totaal mannen en vrouwen";"70 tot 75 jaar";"per 1000 personen";"163"
"Personen met 1 of meer zorgepisodes";"T. Endocriene kl./metabol. /voeding";"Ziekten";"Diabetes mellitus";"2009";"Totaal mannen en vrouwen";"75 jaar of ouder";"per 1000 personen";"178"
"Personen met 1 of meer zorgepisodes";"T. Endocriene kl./metabol. /voeding";"Ziekten";"Diabetes mellitus";"2009";"Mannen";"Totaal leeftijd";"per 1000 personen";"45"
"Personen met 1 of meer zorgepisodes";"T. Endocriene kl./metabol. /voeding";"Ziekten";"Diabetes mellitus";"2009";"Mannen";"0 jaar";"per 1000 personen";"."
"Personen met 1 of meer zorgepisodes";"T. Endocriene kl./metabol. /voeding";"Ziekten";"Diabetes mellitus";"2009";"Mannen";"1 tot 5 jaar";"per 1000 personen";"."
"Personen met 1 of meer zorgepisodes";"T. Endocriene kl./metabol. /voeding";"Ziekten";"Diabetes mellitus";"2009";"Mannen";"5 tot 10 jaar";"per 1000 personen";"1"
"Personen met 1 of meer zorgepisodes";"T. Endocriene kl./metabol. /voeding";"Ziekten";"Diabetes mellitus";"2009";"Mannen";"10 tot 15 jaar";"per 1000 personen";"1"
"Personen met 1 of meer zorgepisodes";"T. Endocriene kl./metabol. /voeding";"Ziekten";"Diabetes mellitus";"2009";"Mannen";"15 tot 20 jaar";"per 1000 personen";"2"
"Personen met 1 of meer zorgepisodes";"T. Endocriene kl./metabol. /voeding";"Ziekten";"Diabetes mellitus";"2009";"Mannen";"20 tot 25 jaar";"per 1000 personen";"3"
"Personen met 1 of meer zorgepisodes";"T. Endocriene kl./metabol. /voeding";"Ziekten";"Diabetes mellitus";"2009";"Mannen";"25 tot 30 jaar";"per 1000 personen";"4"
"Personen met 1 of meer zorgepisodes";"T. Endocriene kl./metabol. /voeding";"Ziekten";"Diabetes mellitus";"2009";"Mannen";"30 tot 35 jaar";"per 1000 personen";"5"
"Personen met 1 of meer zorgepisodes";"T. Endocriene kl./metabol. /voeding";"Ziekten";"Diabetes mellitus";"2009";"Mannen";"35 tot 40 jaar";"per 1000 personen";"12"
"Personen met 1 of meer zorgepisodes";"T. Endocriene kl./metabol. /voeding";"Ziekten";"Diabetes mellitus";"2009";"Mannen";"40 tot 45 jaar";"per 1000 personen";"19"
"Personen met 1 of meer zorgepisodes";"T. Endocriene kl./metabol. /voeding";"Ziekten";"Diabetes mellitus";"2009";"Mannen";"45 tot 50 jaar";"per 1000 personen";"31"
"Personen met 1 of meer zorgepisodes";"T. Endocriene kl./metabol. /voeding";"Ziekten";"Diabetes mellitus";"2009";"Mannen";"50 tot 55 jaar";"per 1000 personen";"52"
"Personen met 1 of meer zorgepisodes";"T. Endocriene kl./metabol. /voeding";"Ziekten";"Diabetes mellitus";"2009";"Mannen";"55 tot 60 jaar";"per 1000 personen";"81"
"Personen met 1 of meer zorgepisodes";"T. Endocriene kl./metabol. /voeding";"Ziekten";"Diabetes mellitus";"2009";"Mannen";"60 tot 65 jaar";"per 1000 personen";"114"
"Personen met 1 of meer zorgepisodes";"T. Endocriene kl./metabol. /voeding";"Ziekten";"Diabetes mellitus";"2009";"Mannen";"65 tot 70 jaar";"per 1000 personen";"145"
"Personen met 1 of meer zorgepisodes";"T. Endocriene kl./metabol. /voeding";"Ziekten";"Diabetes mellitus";"2009";"Mannen";"70 tot 75 jaar";"per 1000 personen";"161"
"Personen met 1 of meer zorgepisodes";"T. Endocriene kl./metabol. /voeding";"Ziekten";"Diabetes mellitus";"2009";"Mannen";"75 jaar of ouder";"per 1000 personen";"177"
"Personen met 1 of meer zorgepisodes";"T. Endocriene kl./metabol. /voeding";"Ziekten";"Diabetes mellitus";"2009";"Vrouwen";"Totaal leeftijd";"per 1000 personen";"45"
"Personen met 1 of meer zorgepisodes";"T. Endocriene kl./metabol. /voeding";"Ziekten";"Diabetes mellitus";"2009";"Vrouwen";"0 jaar";"per 1000 personen";"."
"Personen met 1 of meer zorgepisodes";"T. Endocriene kl./metabol. /voeding";"Ziekten";"Diabetes mellitus";"2009";"Vrouwen";"1 tot 5 jaar";"per 1000 personen";"."
"Personen met 1 of meer zorgepisodes";"T. Endocriene kl./metabol. /voeding";"Ziekten";"Diabetes mellitus";"2009";"Vrouwen";"5 tot 10 jaar";"per 1000 personen";"1"
"Personen met 1 of meer zorgepisodes";"T. Endocriene kl./metabol. /voeding";"Ziekten";"Diabetes mellitus";"2009";"Vrouwen";"10 tot 15 jaar";"per 1000 personen";"1"
"Personen met 1 of meer zorgepisodes";"T. Endocriene kl./metabol. /voeding";"Ziekten";"Diabetes mellitus";"2009";"Vrouwen";"15 tot 20 jaar";"per 1000 personen";"2"
"Personen met 1 of meer zorgepisodes";"T. Endocriene kl./metabol. /voeding";"Ziekten";"Diabetes mellitus";"2009";"Vrouwen";"20 tot 25 jaar";"per 1000 personen";"3"
"Personen met 1 of meer zorgepisodes";"T. Endocriene kl./metabol. /voeding";"Ziekten";"Diabetes mellitus";"2009";"Vrouwen";"25 tot 30 jaar";"per 1000 personen";"4"
"Personen met 1 of meer zorgepisodes";"T. Endocriene kl./metabol. /voeding";"Ziekten";"Diabetes mellitus";"2009";"Vrouwen";"30 tot 35 jaar";"per 1000 personen";"5"
"Personen met 1 of meer zorgepisodes";"T. Endocriene kl./metabol. /voeding";"Ziekten";"Diabetes mellitus";"2009";"Vrouwen";"35 tot 40 jaar";"per 1000 personen";"8"
"Personen met 1 of meer zorgepisodes";"T. Endocriene kl./metabol. /voeding";"Ziekten";"Diabetes mellitus";"2009";"Vrouwen";"40 tot 45 jaar";"per 1000 personen";"16"
"Personen met 1 of meer zorgepisodes";"T. Endocriene kl./metabol. /voeding";"Ziekten";"Diabetes mellitus";"2009";"Vrouwen";"45 tot 50 jaar";"per 1000 personen";"23"
"Personen met 1 of meer zorgepisodes";"T. Endocriene kl./metabol. /voeding";"Ziekten";"Diabetes mellitus";"2009";"Vrouwen";"50 tot 55 jaar";"per 1000 personen";"39"
"Personen met 1 of meer zorgepisodes";"T. Endocriene kl./metabol. /voeding";"Ziekten";"Diabetes mellitus";"2009";"Vrouwen";"55 tot 60 jaar";"per 1000 personen";"61"
"Personen met 1 of meer zorgepisodes";"T. Endocriene kl./metabol. /voeding";"Ziekten";"Diabetes mellitus";"2009";"Vrouwen";"60 tot 65 jaar";"per 1000 personen";"88"
"Personen met 1 of meer zorgepisodes";"T. Endocriene kl./metabol. /voeding";"Ziekten";"Diabetes mellitus";"2009";"Vrouwen";"65 tot 70 jaar";"per 1000 personen";"129"
"Personen met 1 of meer zorgepisodes";"T. Endocriene kl./metabol. /voeding";"Ziekten";"Diabetes mellitus";"2009";"Vrouwen";"70 tot 75 jaar";"per 1000 personen";"164"
"Personen met 1 of meer zorgepisodes";"T. Endocriene kl./metabol. /voeding";"Ziekten";"Diabetes mellitus";"2009";"Vrouwen";"75 jaar of ouder";"per 1000 personen";"179"
